name,price_vnd,price_str,url,image,slug
iPhone 12 Nhật Bản (Mới 100%),11650000,11.650.000 ₫,https://mobilecity.vn/apple/iphone-12.html,https://cdn.mobilecity.vn/mobilecity-vn/images/2022/03/iphone-12-chinh-hang-blue.jpg.webp,iphone-chinh-hang-vna
iPhone 12 CPO Quốc tế (Mới 100%),11650000,11.650.000 ₫,https://mobilecity.vn/dien-thoai/iphone-12-cpo.html,https://cdn.mobilecity.vn/mobilecity-vn/images/2022/07/iphone-12-cpo-tim.jpg.webp,iphone-chinh-hang-vna
iPhone 16e Chính hãng VN/A,12950000,12.950.000 ₫,https://mobilecity.vn/dien-thoai/iphone-16e-apple-a18.html,https://cdn.mobilecity.vn/mobilecity-vn/images/2025/02/iphone-16e-trang.jpg.webp,iphone-chinh-hang-vna
iPhone SE 4 (Camera 48MP),12950000,12.950.000 ₫,https://mobilecity.vn/dien-thoai/iphone-se-4.html,https://cdn.mobilecity.vn/mobilecity-vn/images/2024/12/apple-iphone-se-2025-ro-ri.jpg.webp,iphone-chinh-hang-vna
iPhone 15 Chính hãng VN/A,15450000,15.450.000 ₫,https://mobilecity.vn/dien-thoai/iphone-15-chinh-hang-nho-gon.html,https://cdn.mobilecity.vn/mobilecity-vn/images/2023/09/iphone-15-hong.jpg.webp,iphone-chinh-hang-vna
"iPhone 13 Chính hãng VN/A (128GB, 256GB, 512GB)",17450000,17.450.000 ₫,https://mobilecity.vn/apple/iphone-13-chinh-hang-vn-a.html,https://cdn.mobilecity.vn/mobilecity-vn/images/2021/10/iphone-13-xanh.jpg.webp,iphone-chinh-hang-vna
iPhone 15 Plus Chính hãng VN/A,17550000,17.550.000 ₫,https://mobilecity.vn/dien-thoai/iphone-15-plus-chinh-hang-man-hinh-rong.html,https://cdn.mobilecity.vn/mobilecity-vn/images/2023/09/iphone-15-plus-xanh-duong.jpg.webp,iphone-chinh-hang-vna
iPhone 17e Chính hãng,17950000,17.950.000 ₫,https://mobilecity.vn/dien-thoai/iphone-17e-chinh-hang.html,https://cdn.mobilecity.vn/mobilecity-vn/images/2026/03/iphone-17e-00-3.jpg,iphone-chinh-hang-vna
iPhone 16 Chính hãng VN/A,20150000,20.150.000 ₫,https://mobilecity.vn/dien-thoai/iphone-16-chinh-hang-nho-gon.html,https://cdn.mobilecity.vn/mobilecity-vn/images/2024/09/iphone-16-xanh-mong-ket.jpg.webp,iphone-chinh-hang-vna
"iPhone 13 Pro Max (Chính hãng VN/A) (128GB, 256GB, 512GB)",20950000,20.950.000 ₫,https://mobilecity.vn/apple/iphone-13-pro-max-chinh-hang-vn-a.html,https://cdn.mobilecity.vn/mobilecity-vn/images/2021/10/iphone-13-pro-max-vang.jpg.webp,iphone-chinh-hang-vna
iPhone 14 Chính hãng VN/A,21450000,21.450.000 ₫,https://mobilecity.vn/dien-thoai/iphone-14.html,https://cdn.mobilecity.vn/mobilecity-vn/images/2022/09/iphone-14-mau-den.jpg.webp,iphone-chinh-hang-vna
iPhone 15 Pro Chính hãng VN/A,23950000,23.950.000 ₫,https://mobilecity.vn/dien-thoai/iphone-15-pro-chinh-hang-vn-a.html,https://cdn.mobilecity.vn/mobilecity-vn/images/2023/09/iphone-15-pro-titan-xanh.jpg.webp,iphone-chinh-hang-vna
iPhone 14 Pro Chính hãng VN/A,24850000,24.850.000 ₫,https://mobilecity.vn/dien-thoai/iphone-14-pro.html,https://cdn.mobilecity.vn/mobilecity-vn/images/2022/09/iphone-14pro-tim-chinh-thuc.png.webp,iphone-chinh-hang-vna
iPhone 16 Plus Chính hãng VN/A,24950000,24.950.000 ₫,https://mobilecity.vn/dien-thoai/iphone-16-plus-chinh-hang-vn-a.html,https://cdn.mobilecity.vn/mobilecity-vn/images/2024/09/iphone-16-plus-xanh-luu-ly.jpg.webp,iphone-chinh-hang-vna
iPhone 17 Chính hãng,24990000,24.990.000 ₫,https://mobilecity.vn/dien-thoai/iphone-17-chinh-hang.html,https://cdn.mobilecity.vn/mobilecity-vn/images/2025/09/iphone-17-tim.jpg.webp,iphone-chinh-hang-vna
iPhone 16 Pro Chính hãng VN/A,25500000,25.500.000 ₫,https://mobilecity.vn/dien-thoai/iphone-16-pro-chinh-hang-vn-a.html,https://cdn.mobilecity.vn/mobilecity-vn/images/2024/09/iphone-16-pro-titan-tu-nhien.jpg.webp,iphone-chinh-hang-vna
iPhone 12 Pro Max Chính hãng (128GB-256GB-512GB),25750000,25.750.000 ₫,https://mobilecity.vn/apple/iphone-12-pro-max.html,https://cdn.mobilecity.vn/mobilecity-vn/images/2021/07/iphone-12-pro-max-xanh.jpg.webp,iphone-chinh-hang-vna
iPhone 17 Pro Chính hãng,34999000,34.999.000 ₫,https://mobilecity.vn/dien-thoai/iphone-17-pro-chinh-hang.html,https://cdn.mobilecity.vn/mobilecity-vn/images/2025/09/iphone-17-pro-xanh-dam.jpg.webp,iphone-chinh-hang-vna
iPhone 14 Max Chính hãng VN/A,0,Liên hệ,https://mobilecity.vn/dien-thoai/iphone-14-max.html,https://cdn.mobilecity.vn/mobilecity-vn/images/2022/08/iphone-14-max-2.jpg,iphone-chinh-hang-vna
iPhone 13 mini Chính hãng VN/A,0,Liên hệ,https://mobilecity.vn/apple/iphone-13-mini-chinh-hang-vn-a.html,https://cdn.mobilecity.vn/mobilecity-vn/images/2021/10/iphone-13-mini-hong.jpg.webp,iphone-chinh-hang-vna
iPhone 12 Chính hãng,0,Liên hệ,https://mobilecity.vn/dien-thoai/iphone-12-chinh-hang.html,https://cdn.mobilecity.vn/mobilecity-vn/images/2022/07/iphone-12-do.jpg.webp,iphone-chinh-hang-vna
iPhone SE 2022 (SE 3) Chính hãng VN/A,0,Liên hệ,https://mobilecity.vn/dien-thoai/iphone-se-2022.html,https://cdn.mobilecity.vn/mobilecity-vn/images/2022/03/iphone-se-2022-red.jpg.webp,iphone-chinh-hang-vna
"iPhone 13 Pro Chính hãng VN/A (128GB, 256GB, 512GB)",0,Liên hệ,https://mobilecity.vn/apple/iphone-13-pro-chinh-hang-vn-a.html,https://cdn.mobilecity.vn/mobilecity-vn/images/2021/10/iphone-13-pro-xanh.jpg.webp,iphone-chinh-hang-vna
iPhone 12 mini Chính hãng VN/A,0,Liên hệ,https://mobilecity.vn/apple/iphone-12-mini.html,https://cdn.mobilecity.vn/mobilecity-vn/images/2022/08/apple-iphone-12-mini-xanh-blue-1.jpg.webp,iphone-chinh-hang-vna
"iPhone 11 (64GB, 128GB) Chính hãng VN/A",0,Liên hệ,https://mobilecity.vn/apple/iphone-11.html,https://cdn.mobilecity.vn/mobilecity-vn/images/2022/03/iphone11-green-select-2019.png.webp,iphone-chinh-hang-vna
iPhone 14 Pro Max Chính hãng VN/A (128GB | 256GB | 512GB),24490000,24.490.000 ₫,https://mobilecity.vn/dien-thoai/iphone-14-pro-max.html,https://cdn.mobilecity.vn/mobilecity-vn/images/2022/09/iphone-14-pro-max-purple.jpg.webp,iphone-chinh-hang-vna
iPhone 15 Pro Max Chính hãng VN/A,25450000,25.450.000 ₫,https://mobilecity.vn/dien-thoai/iphone-15-pro-max-chinh-hang.html,https://cdn.mobilecity.vn/mobilecity-vn/images/2023/09/iphone-15-pro-max-titan-tu-nhien.jpg.webp,iphone-chinh-hang-vna
iPhone Air Chính hãng,29250000,29.250.000 ₫,https://mobilecity.vn/dien-thoai/iphone-17-air-chinh-hang.html,https://cdn.mobilecity.vn/mobilecity-vn/images/2025/09/iphone-air-vang-nhat.jpg.webp,iphone-chinh-hang-vna
iPhone 16 Pro Max Chính hãng VN/A,29450000,29.450.000 ₫,https://mobilecity.vn/dien-thoai/iphone-16-pro-max-chinh-hang.html,https://cdn.mobilecity.vn/mobilecity-vn/images/2024/09/iphone-16-pro-max-titan-sa-mac.jpg.webp,iphone-chinh-hang-vna
iPhone 17 Pro Max Chính hãng,37450000,37.450.000 ₫,https://mobilecity.vn/dien-thoai/iphone-17-pro-max-chinh-hang.html,https://cdn.mobilecity.vn/mobilecity-vn/images/2025/09/iphone-17-pro-max-cam.jpg.webp,iphone-chinh-hang-vna
OnePlus Ace 5 cũ (99% - Snapdragon 8 Gen 3),6650000,6.650.000 ₫,https://mobilecity.vn/dien-thoai/oneplus-ace-5-cu-99.html,https://cdn.mobilecity.vn/mobilecity-vn/images/2025/04/oneplus-ace-5-titan-cu.jpg.webp,kho-may-cu
Xiaomi REDMI K80 cũ (99% - Snapdragon 8 Gen 3),6950000,6.950.000 ₫,https://mobilecity.vn/dien-thoai/xiaomi-redmi-k80-cu.html,https://cdn.mobilecity.vn/mobilecity-vn/images/2025/02/redmi-k80-trang-cu.jpg.webp,kho-may-cu
Vivo X100s cũ (Đẹp 99% - Dimensity 9300 Plus),11450000,11.450.000 ₫,https://mobilecity.vn/dien-thoai/vivo-x100s-cu-gia-re.html,https://cdn.mobilecity.vn/mobilecity-vn/images/2025/07/vivo-x100s-trang-cu.jpg.webp,kho-may-cu
Vivo X200 Ultra cũ (Đẹp 99% - Camera Đỉnh cao),20400000,20.400.000 ₫,https://mobilecity.vn/dien-thoai/vivo-x200-ultra-cu.html,https://cdn.mobilecity.vn/mobilecity-vn/images/2025/04/vivo-x200-ultra-do.jpg.webp,kho-may-cu
Xiaomi 14T Pro cũ (Chính hãng - Đẹp 99%),0,Liên hệ,https://mobilecity.vn/dien-thoai/xiaomi-14t-pro-cu-chinh-hang.html,https://cdn.mobilecity.vn/mobilecity-vn/images/2024/09/xiaomi-14t-pro-titan-xanh.jpg.webp,kho-may-cu
Samsung M55 cũ,4800000,4.800.000 ₫,https://mobilecity.vn/dien-thoai/samsung-m55-cu.html,https://cdn.mobilecity.vn/mobilecity-vn/images/2026/02/samsung-galaxy-m55-cu-5.jpg,kho-may-cu
Realme 14T 5G cũ,4900000,4.900.000 ₫,https://mobilecity.vn/dien-thoai/realme-14t-5g-cu.html,https://cdn.mobilecity.vn/mobilecity-vn/images/2026/02/realme-14t5g-cu-0-1.jpg,kho-may-cu
Realme C85 Pro cũ,4990000,4.990.000 ₫,https://mobilecity.vn/dien-thoai/realme-c85-pro-cu.html,https://cdn.mobilecity.vn/mobilecity-vn/images/2026/02/realme-c85-pro-cu-1.jpg,kho-may-cu
OPPO Reno14 F 5G cũ,8200000,8.200.000 ₫,https://mobilecity.vn/dien-thoai/oppo-reno14-f-5g-cu.html,https://cdn.mobilecity.vn/mobilecity-vn/images/2026/02/oppo-reno14-f-5g-cu-2.jpg,kho-may-cu
Xiaomi 15T Pro cũ Chính hãng,14150000,14.150.000 ₫,https://mobilecity.vn/dien-thoai/xiaomi-15t-pro-cu-chinh-hang.html,https://cdn.mobilecity.vn/mobilecity-vn/images/2026/01/xiaomi-15t-pro-cu-1-vang-mocha.jpg,kho-may-cu
"Xiaomi Redmi Note 12R Cũ 5G (99,9% - màn 6,79 inch 90Hz)",1550000,1.550.000 ₫,https://mobilecity.vn/dien-thoai/xiaomi-redmi-note-12r-cu-man-hinh-90hz.html,https://cdn.mobilecity.vn/mobilecity-vn/images/2023/10/xiaomi-redmi-note-12r-bac-cu.jpg.webp,kho-may-cu
Xiaomi POCO M5 Cũ (99% - Helio G99),1800000,1.800.000 ₫,https://mobilecity.vn/dien-thoai/xiaomi-poco-m5-cu-helio-g99.html,https://cdn.mobilecity.vn/mobilecity-vn/images/2023/07/xiaomi-poco-m5-vang-cu.jpg.webp,kho-may-cu
Realme Q5 Cũ 5G (Snapdragon 695 - 99.9%),2450000,2.450.000 ₫,https://mobilecity.vn/dien-thoai/realme-q5-5g-cu-snapdragon-695-5g-99.html,https://cdn.mobilecity.vn/mobilecity-vn/images/2022/12/realme-q5-5g-cu-snapdragon-695-5g-99-vang.jpg.webp,kho-may-cu
Xiaomi Redmi 12C Cũ (DGW - 99%),2500000,2.500.000 ₫,https://mobilecity.vn/dien-thoai/xiaomi-redmi-12c-cu-dgw.html,https://cdn.mobilecity.vn/mobilecity-vn/images/2023/10/xiaomi-redmi-12c-xanh-bac-ha-cu.jpg.webp,kho-may-cu
Xiaomi Redmi Note 12 4G Cũ (Chính hãng DGW),2500000,2.500.000 ₫,https://mobilecity.vn/dien-thoai/xiaomi-redmi-note-12-4g-cu-chinh-hang-dgw.html,https://cdn.mobilecity.vn/mobilecity-vn/images/2023/08/xiaomi-redmi-note-12-4g-chinhhang-cu-vang.jpg.webp,kho-may-cu
Xiaomi Redmi Note 11 Cũ (DGW - Snap 680),2750000,2.750.000 ₫,https://mobilecity.vn/dien-thoai/xiaomi-redmi-note-11-cu-dgw-snap-680.html,https://cdn.mobilecity.vn/mobilecity-vn/images/2022/11/xiaomi-redmi-note-11-cu-dgw-snap-680-xanh-duong.png.webp,kho-may-cu
OPPO A76 Cũ (Màn 90Hz - 99%),2750000,2.750.000 ₫,https://mobilecity.vn/dien-thoai/oppo-a76-cu-man-90hz.html,https://cdn.mobilecity.vn/mobilecity-vn/images/2023/12/oppo-a76-den.jpg.webp,kho-may-cu
Xiaomi Redmi 10 5G Cũ DGW (99.9% - Dimensity 700 5G),2800000,2.800.000 ₫,https://mobilecity.vn/dien-thoai/xiaomi-redmi-10-5g-cu-dimensity-700.html,https://cdn.mobilecity.vn/mobilecity-vn/images/2023/08/xiaomi-redmi-10-5g-cu-bac.jpg.webp,kho-may-cu
Xiaomi Redmi Note 11 Pro Cũ (Camera 108MP - 99%),2800000,2.800.000 ₫,https://mobilecity.vn/dien-thoai/xiaomi-redmi-note-11-pro-cu-china-camera-108MP.html,https://cdn.mobilecity.vn/mobilecity-vn/images/2022/11/xiaomi-redmi-note-11-pro-cu-camera-108mp-xanh-cu.jpg.webp,kho-may-cu
Tecno POVA 5 Cũ 99.9% (Chính hãng),2800000,2.800.000 ₫,https://mobilecity.vn/dien-thoai/tecno-pova-5-chinh-hang-cu-gia-re.html,https://cdn.mobilecity.vn/mobilecity-vn/images/2024/05/tecno-pova-5-chinh-hang-cu-xanh.jpg.webp,kho-may-cu
OPPO A78 5G Cũ (Dimensity 700 5G),2850000,2.850.000 ₫,https://mobilecity.vn/dien-thoai/oppo-a78-cu-snapdragon-680.html,https://cdn.mobilecity.vn/mobilecity-vn/images/2023/12/oppo-a78-5g-xanh.jpg.webp,kho-may-cu
Realme 10 Pro Cũ (99% - Snapdragon 695 5G),2950000,2.950.000 ₫,https://mobilecity.vn/dien-thoai/realme-10-pro-cu-99-gia-sieu-re.html,https://cdn.mobilecity.vn/mobilecity-vn/images/2023/11/realme-10-pro-cu-xanh.jpg.webp,kho-may-cu
Xiaomi Redmi Note 10S Cũ (DGW - Đẹp 99%),2950000,2.950.000 ₫,https://mobilecity.vn/dien-thoai/xiaomi-redmi-note-10s-cu-dgw-dep-99.html,https://cdn.mobilecity.vn/mobilecity-vn/images/2022/11/xiaomi-redmi-note-10s-cu-dgw-dep-99-xanh.png.webp,kho-may-cu
Xiaomi Redmi Note 11 SE Cũ (8-128GB - 99% - 5G),2950000,2.950.000 ₫,https://mobilecity.vn/dien-thoai/xiaomi-redmi-note-11-se-cu-dimensity-700-5g.html,https://cdn.mobilecity.vn/mobilecity-vn/images/2022/11/realme-note-11-se-den-cu.png.webp,kho-may-cu
Xiaomi Black Shark 3 Cũ 5G (Snapdragon 865),2950000,2.950.000 ₫,https://mobilecity.vn/dien-thoai/xiaomi-black-shark-3-cu-snapdragon-865.html,https://cdn.mobilecity.vn/mobilecity-vn/images/2023/07/xiaomi-black-shark-3-cu-den.jpg.webp,kho-may-cu
Xiaomi Redmi Note 11T Pro Cũ (Màn 144Hz - 99%),3000000,3.000.000 ₫,https://mobilecity.vn/dien-thoai/xiaomi-redmi-note-11t-pro-cu-man-hinh-144hz.html,https://cdn.mobilecity.vn/mobilecity-vn/images/2022/11/xiaomi-redmi-note-11t-pro-cu-man-hinh-144hz-bac.jpg.webp,kho-may-cu
Xiaomi Redmi Note 13 Chính hãng cũ (DGW - Đẹp 99%),3000000,3.000.000 ₫,https://mobilecity.vn/dien-thoai/xiaomi-redmi-note-13-chinh-hang-cu-dgw.html,https://cdn.mobilecity.vn/mobilecity-vn/images/2024/10/xiaomi-redmi-note-13-chinh-hang-cu-xanh-duong.jpg.webp,kho-may-cu
Xiaomi Redmi Note 12 Pro Cũ,3100000,3.100.000 ₫,https://mobilecity.vn/dien-thoai/xiaomi-redmi-note-12-pro-cu-dep-nhu-moi.html,https://cdn.mobilecity.vn/mobilecity-vn/images/2022/11/xiaomi-redmi-note-12-pro-xanh-duong-cu.jpg.webp,kho-may-cu
Xiaomi Black Shark 2 Pro cũ (Snapdragon 855 Plus),3150000,3.150.000 ₫,https://mobilecity.vn/dien-thoai/xiaomi-black-shark-2-pro-cu-snapdragon-855-plus.html,https://cdn.mobilecity.vn/mobilecity-vn/images/2023/08/xiaomi-black-shark-2-pro-cu-den.jpg.webp,kho-may-cu
Xiaomi Redmi K40 Cũ (99% - Snapdragon 870),3200000,3.200.000 ₫,https://mobilecity.vn/kho-may-cu/xiaomi-redmi-k40-cu.html,https://cdn.mobilecity.vn/mobilecity-vn/images/2023/06/xiaomi-redmi-k40-cu-aurora.jpg.webp,kho-may-cu
Xiaomi Mi 10S (99.9% - Kèm sạc 33W),3300000,3.300.000 ₫,https://mobilecity.vn/xiaomi/xiaomi-mi-10s.html,https://cdn.mobilecity.vn/mobilecity-vn/images/2023/04/xiaomi-mi-10s-trang-dai-dien.jpg.webp,kho-may-cu
Xiaomi Redmi K40S Cũ (Snapdragon 870 5G),3300000,3.300.000 ₫,https://mobilecity.vn/dien-thoai/xiaomi-redmi-k40s-cu-snapdragon-870-5g.html,https://cdn.mobilecity.vn/mobilecity-vn/images/2022/11/redmi-k40-s-cu-xanh-duong.jpg.webp,kho-may-cu
Xiaomi Redmi Note 12T Pro Cũ (99% - Màn hình 144Hz),3350000,3.350.000 ₫,https://mobilecity.vn/dien-thoai/xiaomi-redmi-note-12t-pro-cu-man-hinh-144hz.html,https://cdn.mobilecity.vn/mobilecity-vn/images/2023/11/xiaomi-redmi-note-12t-pro-cu-xanh.jpg.webp,kho-may-cu
Xiaomi Redmi Note 11E Pro Cũ (Snap 695 - 99%),3450000,3.450.000 ₫,https://mobilecity.vn/dien-thoai/xiaomi-redmi-note-11e-pro-cu-snapdragon-695.html,https://cdn.mobilecity.vn/mobilecity-vn/images/2022/11/xiaomi-redmi-note-11e-pro-cu-snapdragon-695-den.jpg.webp,kho-may-cu
Realme Q3s Cũ 5G (Snapdragon 778G - Màn 144Hz),3450000,3.450.000 ₫,https://mobilecity.vn/dien-thoai/realme-q3s-cu-snapdragon-778g-man-144hz.html,https://cdn.mobilecity.vn/mobilecity-vn/images/2022/12/realme-q3s-cu-snapdragon-778g-man-144hz-xanh-dam.jpg.webp,kho-may-cu
Xiaomi Redmi Note 12 Pro Speed Edition Cũ (99%),3450000,3.450.000 ₫,https://mobilecity.vn/dien-thoai/xiaomi-redmi-note-12-pro-speed-edition-cu.html,https://cdn.mobilecity.vn/mobilecity-vn/images/2023/10/xiaomi-redmi-note-12-pro-speed-cu-xanh-duong.jpg.webp,kho-may-cu
Xiaomi Redmi K50 cũ,3500000,3.500.000 ₫,https://mobilecity.vn/dien-thoai/xiaomi-redmi-k50-cu.html,https://cdn.mobilecity.vn/mobilecity-vn/images/2022/06/redmi-k50-cu-mau-xanh.jpg.webp,kho-may-cu
Realme GT Neo 5 SE Cũ - 99% đẹp như mới,3950000,3.950.000 ₫,https://mobilecity.vn/dien-thoai/realme-gt-neo-5-se-cu.html,https://cdn.mobilecity.vn/mobilecity-vn/images/2023/07/realme-gt-neo-5-se-5g-cu-trang.jpg.webp,kho-may-cu
Realme Neo7x cũ (99% - Pin 6000mAh),3950000,3.950.000 ₫,https://mobilecity.vn/dien-thoai/realme-neo7x-cu-pin-6000mah.html,https://cdn.mobilecity.vn/mobilecity-vn/images/2025/04/realme-neo7x-trang-cu.jpg.webp,kho-may-cu
"Realme GT Neo 2 cũ 5G (Snapdragon 870, 99%)",3950000,3.950.000 ₫,https://mobilecity.vn/dien-thoai/realme-gt-neo-2-cu.html,https://cdn.mobilecity.vn/mobilecity-vn/images/2022/01/realme-gt-neo-2-cu.jpg.webp,kho-may-cu
"Xiaomi Redmi K50 Pro cũ (Dimensity 9000, camera 108 MP OIS)",4000000,4.000.000 ₫,https://mobilecity.vn/dien-thoai/xiaomi-redmi-k50-pro-cu-camera-108mp.html,https://cdn.mobilecity.vn/mobilecity-vn/images/2023/03/xiaomi-redmi-k50-pro-cu-xanh-duong.jpg.webp,kho-may-cu
Xiaomi 12X cũ (Đẹp 99% - Snapdragon 870 5G),4150000,4.150.000 ₫,https://mobilecity.vn/dien-thoai/xiaomi-12x-cu-snapdragon-870.html,https://cdn.mobilecity.vn/mobilecity-vn/images/2024/10/xiaomi-12x-cu-xnh.jpg.webp,kho-may-cu
Xiaomi Redmi K50 Ultra (Extreme Edition) Cũ (Snap 8+ Gen 1),4150000,4.150.000 ₫,https://mobilecity.vn/dien-thoai/xiaomi-redmi-k50-extreme-edition-cu-snapdragon-8-gen-1.html,https://cdn.mobilecity.vn/mobilecity-vn/images/2022/11/xiaomi-redmi-k50-extreme-edition-cu-snapdragon-8-gen-1-den.png.webp,kho-may-cu
Realme GT Neo 2T cũ,4250000,4.250.000 ₫,https://mobilecity.vn/dien-thoai/realme-gt-neo-2t-cu.html,https://cdn.mobilecity.vn/mobilecity-vn/images/2022/01/realme-gt-neo-2t-cu-den.jpg.webp,kho-may-cu
Xiaomi Redmi Note 9 Pro 5G Cũ (Camera 108MP),4350000,4.350.000 ₫,https://mobilecity.vn/kho-may-cu/xiaomi-redmi-note-9-pro-cu.html,https://cdn.mobilecity.vn/mobilecity-vn/images/2021/10/redmi-note-9-pro-5g-den.jpg.webp,kho-may-cu
Samsung Galaxy M54 cũ,4450000,4.450.000 ₫,https://mobilecity.vn/dien-thoai/samsung-galaxy-m54-cu.html,https://cdn.mobilecity.vn/mobilecity-vn/images/2026/01/samsung-m54-cu-0-1.jpg,kho-may-cu
Realme Q5 Pro cũ,4450000,4.450.000 ₫,https://mobilecity.vn/dien-thoai/realme-q5-pro-cu.html,https://cdn.mobilecity.vn/mobilecity-vn/images/2022/06/realme-q5-pro-cu-trang.jpg.webp,kho-may-cu
Xiaomi 12 Pro cũ (99.9% - Snapdragon 8 Gen 1),4500000,4.500.000 ₫,https://mobilecity.vn/dien-thoai/xiaomi-12-pro-cu-gia-re.html,https://cdn.mobilecity.vn/mobilecity-vn/images/2023/08/xiaomi-12-pro-cu-tim.jpg.webp,kho-may-cu
Realme GT Neo 3 cũ (sạc 80W),4550000,4.550.000 ₫,https://mobilecity.vn/dien-thoai/realme-gt-neo-3-cu.html,https://cdn.mobilecity.vn/mobilecity-vn/images/2022/06/realme-gt-neo-3-blue-purple-cu.jpg.webp,kho-may-cu
Xiaomi 12S Cũ (Snap 8 Plus Gen 1 - 99%),4700000,4.700.000 ₫,https://mobilecity.vn/dien-thoai/xiaomi-12s-cu-snapdragon-8-plus-gen-1.html,https://cdn.mobilecity.vn/mobilecity-vn/images/2022/11/xiaomi-12s-cu-snapdragon-8-plus-gen-1-tim.jpg.webp,kho-may-cu
Vivo iQOO Neo 8 cũ (Đẹp 99%),4750000,4.750.000 ₫,https://mobilecity.vn/dien-thoai/vivo-iqoo-neo-8-cu-dep-99.html,https://cdn.mobilecity.vn/mobilecity-vn/images/2024/10/vivo-iqoo-neo-8-cu-xanh.jpg.webp,kho-may-cu
"Realme GT Neo 3 150w Cũ 5G - 99,9% (Dimensity 8100 - Sạc 150W)",4750000,4.750.000 ₫,https://mobilecity.vn/dien-thoai/realme-gt-neo-3-150w-cu-dimensity-8100.html,https://cdn.mobilecity.vn/mobilecity-vn/images/2023/06/realme-gt-neo3-xanh-cu-150w.jpg.webp,kho-may-cu
Xiaomi Redmi Note 12 Pro Plus Cũ (Dimensity 1080),4800000,4.800.000 ₫,https://mobilecity.vn/dien-thoai/redmi-note-12-pro-plus-cu-dimensity-1080.html,https://cdn.mobilecity.vn/mobilecity-vn/images/2023/05/xiaomi-redmi-note-12-pro-plus-cu-xanh.jpg.webp,kho-may-cu
Xiaomi Redmi K70E cũ (Đẹp 99%),4900000,4.900.000 ₫,https://mobilecity.vn/dien-thoai/xiaomi-redmi-k70e-cu-gia-re.html,https://cdn.mobilecity.vn/mobilecity-vn/images/2024/10/xiaomi-redmi-k70e-trang-cu.jpg.webp,kho-may-cu
Xiaomi Redmi Turbo 4 cũ (Đẹp 99% - Dimensity 8400 Ultra),5050000,5.050.000 ₫,https://mobilecity.vn/dien-thoai/Xiaomi-redmi-turbo-4-cu-99-dep-nhu-moi.html,https://cdn.mobilecity.vn/mobilecity-vn/images/2025/03/redmi-turbo-4-xanh-cu.jpg.webp,kho-may-cu
Xiaomi 12S Pro Cũ (Màn 2K - sạc 120W - 99%),5300000,5.300.000 ₫,https://mobilecity.vn/dien-thoai/xiaomi-12s-pro-cu-man-2k-sac-120w.html,https://cdn.mobilecity.vn/mobilecity-vn/images/2022/11/xiaomi-12s-pro-cu-man-2k-sac-120w-xanh.jpg.webp,kho-may-cu
Realme 15T cũ,5400000,5.400.000 ₫,https://mobilecity.vn/dien-thoai/realme-15t-cu.html,https://cdn.mobilecity.vn/mobilecity-vn/images/2026/01/realme-15t-cu-6.jpg,kho-may-cu
Realme GT Neo 5 Cũ (Snapdragon 8+ Gen 1),5450000,5.450.000 ₫,https://mobilecity.vn/dien-thoai/realme-gt-neo-5-cu-snapdragon-8-plus-gen-1.html,https://cdn.mobilecity.vn/mobilecity-vn/images/2023/08/realme-gt-neo-5-cu-tim.jpg.webp,kho-may-cu
Xiaomi Mi 11 Ultra cũ (Đẹp 99% - Giá rẻ),5600000,5.600.000 ₫,https://mobilecity.vn/dien-thoai/xiaomi-mi-11-ultra-cu-dep-gia-re.html,https://cdn.mobilecity.vn/mobilecity-vn/images/2024/10/xiaomi-mi-11-ultra-cu-trang.jpg.webp,kho-may-cu
Realme Neo7 SE cũ (Đẹp 99% - Pin 7000mAh),5650000,5.650.000 ₫,https://mobilecity.vn/dien-thoai/realme-neo7-se-cu.html,https://cdn.mobilecity.vn/mobilecity-vn/images/2025/03/realme-neo7-se-bac-cu.jpg.webp,kho-may-cu
Xiaomi Redmi K60 Pro cũ - 99.9% (Màn AMOLED 2K),5700000,5.700.000 ₫,https://mobilecity.vn/dien-thoai/redmi-k60-pro-cu-man-amoled-2k.html,https://cdn.mobilecity.vn/mobilecity-vn/images/2023/03/xiaomi-redmi-k60-pro-cu-den.jpg.webp,kho-may-cu
Honor 200 cũ,5900000,5.900.000 ₫,https://mobilecity.vn/dien-thoai/honor-200-cu.html,https://cdn.mobilecity.vn/mobilecity-vn/images/2026/01/honor-200-cu-0-1.jpg,kho-may-cu
Realme GT 2 Pro Cũ (99% - Màn hình QHD+),6000000,6.000.000 ₫,https://mobilecity.vn/dien-thoai/realme-gt-2-pro-cu-hinh-thuc-dep-99.html,https://cdn.mobilecity.vn/mobilecity-vn/images/2023/10/realme-gt-2-pro-cu-xanh-bac-ha.jpg.webp,kho-may-cu
Nubia Red Magic 5S cũ,6000000,6.000.000 ₫,https://mobilecity.vn/dien-thoai/nubia-red-magic-5s-cu.html,https://cdn.mobilecity.vn/mobilecity-vn/images/2022/01/nubia-red-magic-5s-cu-do.jpg.webp,kho-may-cu
Xiaomi Redmi Note 14 Pro Plus cũ (Đẹp 99% - Nguyên zin 100%),6000000,6.000.000 ₫,https://mobilecity.vn/dien-thoai/xiaomi-redmi-note-14-pro-plus-cu.html,https://cdn.mobilecity.vn/mobilecity-vn/images/2024/10/xiaomi-redmi-note-14-pro-plus-cu-trang.jpg.webp,kho-may-cu
Xiaomi Redmi K50 Gaming Edition cũ,6450000,6.450.000 ₫,https://mobilecity.vn/dien-thoai/xiaomi-redmi-k50-gaming-edition-cu.html,https://cdn.mobilecity.vn/mobilecity-vn/images/2022/06/redmi-k50-gaming-xam-cu.jpg.webp,kho-may-cu
"OnePlus Ace 2 Cũ 5G (99,9% - Chip Snapdragon 8+ Gen 1)",6450000,6.450.000 ₫,https://mobilecity.vn/dien-thoai/oneplus-ace-2-cu-chip-sieu-manh.html,https://cdn.mobilecity.vn/mobilecity-vn/images/2023/10/oneplus-ace-2-cu-den.jpg.webp,kho-may-cu
Xiaomi Redmi K50 Gaming Edition (99%),6450000,6.450.000 ₫,https://mobilecity.vn/xiaomi/xiaomi-redmi-k50-gaming-edition.html,https://cdn.mobilecity.vn/mobilecity-vn/images/2022/02/redmi-k50-gaming-9.jpg.webp,kho-may-cu
Xiaomi 12 Cũ (Snap 8 Gen 1 - 99%),6500000,6.500.000 ₫,https://mobilecity.vn/dien-thoai/xiaomi-12-cu-snapdragon-8-gen-1.html,https://cdn.mobilecity.vn/mobilecity-vn/images/2022/11/xiaomi-12-cu-snapdragon-8-gen-1-xanh.jpg.webp,kho-may-cu
Xiaomi Black Shark 5 Cũ (Màn 144Hz - Sạc 120W - 99%),6500000,6.500.000 ₫,https://mobilecity.vn/dien-thoai/xiaomi-black-shark-5-cu-man-144hz-sac-120w.html,https://cdn.mobilecity.vn/mobilecity-vn/images/2022/11/xiaomi-black-shark-5-cu-man-144hz-sac-120w-trang.jpg.webp,kho-may-cu
Xiaomi Black Shark 5 RS Cũ (Snap 888+ - Sạc 120W - 99%),6950000,6.950.000 ₫,https://mobilecity.vn/dien-thoai/xiaomi-black-shark-5-rs-cu-snapdragon-888-plus-sac-120W.html,https://cdn.mobilecity.vn/mobilecity-vn/images/2022/11/xiaomi-black-shark-5-rs-cu-snapdragon-888-plus-sac-120w-den.jpg.webp,kho-may-cu
OPPO Reno13 cũ (Đẹp 99% - Nguyên zin),7050000,7.050.000 ₫,https://mobilecity.vn/dien-thoai/oppo-reno13-cu-gia-re.html,https://cdn.mobilecity.vn/mobilecity-vn/images/2025/05/oppo-reno13-trang-cu.jpg.webp,kho-may-cu
"Nubia Red Magic 7 Cũ 5G 99,9% (Snapdragon 8 Gen1)",7350000,7.350.000 ₫,https://mobilecity.vn/dien-thoai/red-magic-7-cu-snapdragon-8-gen1.html,https://cdn.mobilecity.vn/mobilecity-vn/images/2023/05/nubia-red-magic-7-trong-suot-cu.jpg.webp,kho-may-cu
Vivo iQOO Neo 6 Cũ (Snapdragon 8 Gen 1 - Camera 64MP OIS),7450000,7.450.000 ₫,https://mobilecity.vn/dien-thoai/vivo-iqoo-neo-6-cu-snapdragon-8-gen-1-camera-64mp-ois.html,https://cdn.mobilecity.vn/mobilecity-vn/images/2022/11/vivo-iqoo-neo-6-cu-snapdragon-8-gen-1-camera-64mp-ois-cam-1.png.webp,kho-may-cu
Honor 400 5G cũ,7800000,7.800.000 ₫,https://mobilecity.vn/dien-thoai/honor-400-5g-cu.html,https://cdn.mobilecity.vn/mobilecity-vn/images/2026/01/honor-400-5g-cu-7.jpg,kho-may-cu
Xiaomi 12S Ultra cũ (Đẹp 99% - Nguyên bản 100%),7850000,7.850.000 ₫,https://mobilecity.vn/dien-thoai/xiaomi-12s-ultra-cu-snapdragon-8-plus-gen-1.html,https://cdn.mobilecity.vn/mobilecity-vn/images/2024/10/xiaomi-12s-ultra-old-gray.jpg.webp,kho-may-cu
Xiaomi 12T Cũ DGW (Dimensity 8100-Ultra),7950000,7.950.000 ₫,https://mobilecity.vn/dien-thoai/xiaomi-12t-cu-dgw-dimensity-8100-ultra.html,https://cdn.mobilecity.vn/mobilecity-vn/images/2022/11/xiaomi-12t-cu-dgw-dimensity-8100-ultra-xanh.jpg.webp,kho-may-cu
"Realme GT 2 Master Explorer Edition cũ (99,9% - Sạc 100W)",7950000,7.950.000 ₫,https://mobilecity.vn/dien-thoai/realme-gt-2-master-cu-pin-5000mah.html,https://cdn.mobilecity.vn/mobilecity-vn/images/2023/03/realme-gt-2-master-explorer-edition-cu-den.jpg.webp,kho-may-cu
Xiaomi 13T Cũ DGW 99% (Dimensity 8200 Ultra),8450000,8.450.000 ₫,https://mobilecity.vn/dien-thoai/xiaomi-13t-cu-dgw-99-dimensity-8200-ultra.html,https://cdn.mobilecity.vn/mobilecity-vn/images/2024/05/xiaomi-13t-den-cu.jpg.webp,kho-may-cu
"Nubia Red Magic 7S Cũ (Snap 8+ Gen 1, Sạc 120W - 99.9%)",8450000,8.450.000 ₫,https://mobilecity.vn/dien-thoai/nubia-red-magic-7s-cu-snapdragon-8-plus-gen-1.html,https://cdn.mobilecity.vn/mobilecity-vn/images/2022/11/nubia-red-magic-7s-cu-snapdragon-8-plus-gen-1-den.jpg.webp,kho-may-cu
OPPO Reno13 cũ Chính hãng,8900000,8.900.000 ₫,https://mobilecity.vn/dien-thoai/oppo-reno13-cu-chinh-hang.html,https://cdn.mobilecity.vn/mobilecity-vn/images/2026/03/oppo-reno13-cu-chinh-hang-10.jpg,kho-may-cu
Xiaomi POCO F4 GT Cũ (Gaming Phone - 99%),8950000,8.950.000 ₫,https://mobilecity.vn/dien-thoai/xiaomi-poco-f4-gt-cu-snapdragon-8-gen-1.html,https://cdn.mobilecity.vn/mobilecity-vn/images/2022/11/xiaomi-poco-f4-gt-cu-snapdragon-8-gen-1-vang.jpg.webp,kho-may-cu
OnePlus Ace Pro Cũ 5G (Snapdragon 8+ Gen 1),8950000,8.950.000 ₫,https://mobilecity.vn/dien-thoai/oneplus-ace-pro-cu-5g-snapdragon-8-plus-gen-1.html,https://cdn.mobilecity.vn/mobilecity-vn/images/2023/10/oneplus-ace-pro-xanh.jpg.webp,kho-may-cu
Unihertz 8849 TANK 2 Cũ 99% (Tích hợp máy chiếu phim),9450000,9.450.000 ₫,https://mobilecity.vn/dien-thoai/unihertz-8849-tank-2-cu-tich-hop-may-chieu-phim.html,https://cdn.mobilecity.vn/mobilecity-vn/images/2023/11/unihertz-8849-tank-2-cu-1.jpg.webp,kho-may-cu
Xiaomi 14 Cũ (99% giá siêu rẻ),9450000,9.450.000 ₫,https://mobilecity.vn/dien-thoai/xiaomi-14-cu-99-gia-sieu-re.html,https://cdn.mobilecity.vn/mobilecity-vn/images/2023/11/xiaomi-14-xanh-cu.jpg.webp,kho-may-cu
Nubia Red Magic 7 Pro Transformers Cũ 99.9%,10500000,10.500.000 ₫,https://mobilecity.vn/dien-thoai/red-magic-7-pro-transformers-cu-sac-135w.html,https://cdn.mobilecity.vn/mobilecity-vn/images/2023/05/nubia-red-magic-7-pro-transformer-xanh-cu.jpg.webp,kho-may-cu
Honor GT Pro cũ (99% - Snapdragon 8 Elite),11650000,11.650.000 ₫,https://mobilecity.vn/dien-thoai/honor-gt-pro-cu-gia-re.html,https://cdn.mobilecity.vn/mobilecity-vn/images/2025/04/honor-gt-pro-trang.jpg.webp,kho-may-cu
Xiaomi REDMI K80 Pro cũ (99% - Pin 6000mAh),11750000,11.750.000 ₫,https://mobilecity.vn/dien-thoai/xiaomi-redmi-k80-pro-cu.html,https://cdn.mobilecity.vn/mobilecity-vn/images/2025/02/redmi-k80-pro-den-cu.jpg.webp,kho-may-cu
Xiaomi 12T Pro cũ DGW (Snap 8+ Gen 1),11850000,11.850.000 ₫,https://mobilecity.vn/dien-thoai/xiaomi-12t-pro-cu-dgw-snap-8-gen-1.html,https://cdn.mobilecity.vn/mobilecity-vn/images/2023/06/xiaomi-12t-den-cu-2.png.webp,kho-may-cu
Nubia Red Magic 8 Pro cũ 5G (99.9% - Snapdragon 8 Gen 2),11950000,11.950.000 ₫,https://mobilecity.vn/dien-thoai/nubia-red-magic-8-pro-cu.html,https://cdn.mobilecity.vn/mobilecity-vn/images/2023/04/nubia-red-magic-8-pro-cu-trong-suot.jpg.webp,kho-may-cu
OnePlus 11 Cũ (99% - sạc 100W),11950000,11.950.000 ₫,https://mobilecity.vn/dien-thoai/oneplus-11-cu-gia-re.html,https://cdn.mobilecity.vn/mobilecity-vn/images/2023/06/oneplus-11-cu-xanh.jpg.webp,kho-may-cu
"Nubia Red Magic 8 Pro Plus cũ (99,9% - Sạc 165W)",12950000,12.950.000 ₫,https://mobilecity.vn/dien-thoai/nubia-red-magic-8-pro-plus-cu.html,https://cdn.mobilecity.vn/mobilecity-vn/images/2023/04/nubia-red-magic-8-pro-plus-cu-den-trong.jpg.webp,kho-may-cu
Xiaomi 14 Pro Cũ (99% - Màn hình cong 4 phía),13950000,13.950.000 ₫,https://mobilecity.vn/dien-thoai/xiaomi-14-pro-cu-ngoai-hinh-dep-99.html,https://cdn.mobilecity.vn/mobilecity-vn/images/2023/11/xiaomi-14-pro-trang-cu.jpg.webp,kho-may-cu
Xiaomi 15 Ultra cũ,20500000,20.500.000 ₫,https://mobilecity.vn/dien-thoai/xiaomi-15-ultra-cu.html,https://cdn.mobilecity.vn/mobilecity-vn/images/2026/01/xiaomi-15-ultra-cu-0-bac-xanh.jpg,kho-may-cu
Xiaomi Black Shark 4 cũ,0,Liên hệ,https://mobilecity.vn/dien-thoai/xiaomi-black-shark-4-cu.html,https://cdn.mobilecity.vn/mobilecity-vn/images/2022/01/black-shark-4-cu-2.jpg.webp,kho-may-cu
Lenovo Legion Pro cũ,0,Liên hệ,https://mobilecity.vn/dien-thoai/lenovo-legion-pro-cu.html,https://cdn.mobilecity.vn/mobilecity-vn/images/2022/01/lenovo-legion-pro-cu-do.jpg.webp,kho-may-cu
Xiaomi Redmi K20 Pro cũ,0,Liên hệ,https://mobilecity.vn/dien-thoai/xiaomi-redmi-k20-pro-cu.html,https://cdn.mobilecity.vn/mobilecity-vn/images/2022/02/xiaomi-redmi-k20-pro-cu-den.jpg.webp,kho-may-cu
Realme Q3 Pro cũ,0,Liên hệ,https://mobilecity.vn/dien-thoai/realme-q3-pro-cu.html,https://cdn.mobilecity.vn/mobilecity-vn/images/2022/06/realme-q3-pro-1-avt.jpg.webp,kho-may-cu
Realme GT 3 cũ (Sạc 240W),0,Liên hệ,https://mobilecity.vn/dien-thoai/realme-gt-3-cu-sac-150w-dimensity-8100.html,https://cdn.mobilecity.vn/mobilecity-vn/images/2023/03/realme-gt-neo3-trang-150w-cu-fix-3.png.webp,kho-may-cu
Xiaomi Redmi 14C cũ Chính hãng (Đẹp 99%),1850000,1.850.000 ₫,https://mobilecity.vn/dien-thoai/xiaomi-redmi-14c-cu-chinh-hang.html,https://cdn.mobilecity.vn/mobilecity-vn/images/2024/08/redmi-14c-xanh.jpg.webp,kho-may-cu
OPPO A3x 5G cũ (Đẹp 99% - Dimensity 6300),1950000,1.950.000 ₫,https://mobilecity.vn/dien-thoai/oppo-a3x-5g-cu.html,https://cdn.mobilecity.vn/mobilecity-vn/images/2024/09/oppo-a3x-5g-hong.jpg.webp,kho-may-cu
Xiaomi Redmi Note 10 5G cũ (2021),1950000,1.950.000 ₫,https://mobilecity.vn/xiaomi/xiaomi-redmi-note-10-5g.html,https://cdn.mobilecity.vn/mobilecity-vn/images/2021/05/xiaomi-redmi-note-10-5g-2.jpg.webp,kho-may-cu
Xiaomi Redmi Note 12 Cũ,1950000,1.950.000 ₫,https://mobilecity.vn/dien-thoai/xiaomi-redmi-note-12-cu-snapdragon-4-gen-1.html,https://cdn.mobilecity.vn/mobilecity-vn/images/2022/11/xiaomi-redmi-note-12-den-cu.png.webp,kho-may-cu
Xiaomi POCO C75 cũ Chính hãng,1950000,1.950.000 ₫,https://mobilecity.vn/dien-thoai/xiaomi-poco-c75-cu-gia-re.html,https://cdn.mobilecity.vn/mobilecity-vn/images/2024/10/poco-c75-vang-gold.jpg.webp,kho-may-cu
Vivo iQOO Z9x cũ (Đẹp 99% - Nguyên bản 100%),2350000,2.350.000 ₫,https://mobilecity.vn/dien-thoai/vivo-iqoo-z9x-cu-nguyen-ban.html,https://cdn.mobilecity.vn/mobilecity-vn/images/2024/10/vivo-iqoo-z9x-cu-trang.jpg.webp,kho-may-cu
Xiaomi Redmi Note 13 Cũ (99% - Màn AMOLED 120Hz 1 tỷ màu),2450000,2.450.000 ₫,https://mobilecity.vn/dien-thoai/xiaomi-redmi-note-13-cu-man-amoled-1ty-mau.html,https://cdn.mobilecity.vn/mobilecity-vn/images/2023/11/xiaomi-redmi-note-13-cu-5g-xanh.jpg.webp,kho-may-cu
Xiaomi Redmi Note 11T Pro Plus Cũ (Dimensity 8100),2950000,2.950.000 ₫,https://mobilecity.vn/dien-thoai/redmi-note-11t-pro-plus-cu-dimensity-8100.html,https://cdn.mobilecity.vn/mobilecity-vn/images/2023/04/redmi-note-11t-pro-plus-den-cu.jpg.webp,kho-may-cu
Vivo iQOO Z10x cũ (Đẹp 99% - Dimensity 7300),2950000,2.950.000 ₫,https://mobilecity.vn/dien-thoai/vivo-iqoo-z10x-cu.html,https://cdn.mobilecity.vn/mobilecity-vn/images/2025/05/vivo-iqoo-z10x-titan-cu.jpg.webp,kho-may-cu
Xiaomi REDMI Note 14 Chính hãng cũ (99% - Pin 5500mAh),3200000,3.200.000 ₫,https://mobilecity.vn/dien-thoai/xiaomi-redmi-note-14-chinh-hang-cu.html,https://cdn.mobilecity.vn/mobilecity-vn/images/2025/04/redmi-note-14-chinh-hang-tim-cu.jpg.webp,kho-may-cu
Realme GT Master Edition Cũ 5G (Snapdragon 778G),3450000,3.450.000 ₫,https://mobilecity.vn/dien-thoai/realme-gt-master-edition-cu-5g.html,https://cdn.mobilecity.vn/mobilecity-vn/images/2023/09/realme-gt-master-edition-gradient.jpg.webp,kho-may-cu
Vivo iQOO Z9 cũ (Đẹp 99% - Nguyên zin 100%),3450000,3.450.000 ₫,https://mobilecity.vn/dien-thoai/vivo-iqoo-z9-cu-nguyen-zin.html,https://cdn.mobilecity.vn/mobilecity-vn/images/2024/10/vivo-iqoo-z9-china-xanh-cu.jpg.webp,kho-may-cu
Xiaomi REDMI Note 14 cũ (99% giá rẻ),3500000,3.500.000 ₫,https://mobilecity.vn/dien-thoai/xiaomi-redmi-note-14-cu.html,https://cdn.mobilecity.vn/mobilecity-vn/images/2025/01/xiaomi-redmi-note-14-trang-cu.jpg.webp,kho-may-cu
Xiaomi Redmi Note 12 Turbo cũ (Snapdragon 7+ Gen 2),3650000,3.650.000 ₫,https://mobilecity.vn/dien-thoai/xiaomi-redmi-note-12-turbo-cu-snapdragon-7-gen-2.html,https://cdn.mobilecity.vn/mobilecity-vn/images/2023/06/xiaomi-redmi-note-12-turbo-cu-xanh-1.jpg.webp,kho-may-cu
Realme 10 Pro Plus Cũ (99.9% - Giá siêu rẻ),3650000,3.650.000 ₫,https://mobilecity.vn/dien-thoai/realme-10-pro-plus-cu-gia-re.html,https://cdn.mobilecity.vn/mobilecity-vn/images/2023/06/realme-10-pro-plus-cu-vang.jpg.webp,kho-may-cu
"Realme 11 Pro Cũ 5G (99,9% - màn AMOLED cong 1 tỷ màu)",3650000,3.650.000 ₫,https://mobilecity.vn/dien-thoai/realme-11-pro-cu-5g-man-hinh-1-ty-mau.html,https://cdn.mobilecity.vn/mobilecity-vn/images/2023/10/realme-11-pro-cu-den.jpg.webp,kho-may-cu
"Xiaomi Redmi Note 13 Pro Cũ (99,9% - giá cực rẻ)",3650000,3.650.000 ₫,https://mobilecity.vn/dien-thoai/xiaomi-redmi-note-13-pro-cu-gia-sieu-re.html,https://cdn.mobilecity.vn/mobilecity-vn/images/2023/10/xiaomi-redmi-note-13-pro-cu-5g-trang.jpg.webp,kho-may-cu
Xiaomi Redmi Note 14 Pro cũ (Đẹp 99% - Nguyên zin 100%),3650000,3.650.000 ₫,https://mobilecity.vn/dien-thoai/xiaomi-redmi-note-14-pro-cu-nguyen-zin-100.html,https://cdn.mobilecity.vn/mobilecity-vn/images/2024/10/xiaomi-redmi-note-14-pro-xanh-cu.jpg.webp,kho-may-cu
Xiaomi REDMI 15 cũ Chính hãng,3700000,3.700.000 ₫,https://mobilecity.vn/dien-thoai/xiaomi-redmi-15-cu-chinh-hang.html,https://cdn.mobilecity.vn/mobilecity-vn/images/2025/10/xiaomi-redmi-15-4g-titan-cu.jpg,kho-may-cu
Xiaomi Redmi K40 Gaming Edition Cũ,4200000,4.200.000 ₫,https://mobilecity.vn/kho-may-cu/xiaomi-redmi-k40-gaming-edition-cu.html,https://cdn.mobilecity.vn/mobilecity-vn/images/2021/10/redmi-k40-gaming-bac.png.webp,kho-may-cu
Xiaomi Redmi Turbo 3 cũ (Đẹp 99%),4250000,4.250.000 ₫,https://mobilecity.vn/dien-thoai/xiaomi-redmi-turbo-3-cu.html,https://cdn.mobilecity.vn/mobilecity-vn/images/2024/10/redmi-turbo-3-xanh-cu.jpg.webp,kho-may-cu
Xiaomi Redmi K60 Cũ,4700000,4.700.000 ₫,https://mobilecity.vn/dien-thoai/xiaomi-redmi-k60-cu-man-2k.html,https://cdn.mobilecity.vn/mobilecity-vn/images/2023/03/xiaomi-redmi-k60-xanh-duong-cu.jpg.webp,kho-may-cu
Vivo iQOO Z9 Turbo cũ (Đẹp 99% - Nguyên zin),4800000,4.800.000 ₫,https://mobilecity.vn/dien-thoai/vivo-iqoo-z9-turbo-cu.html,https://cdn.mobilecity.vn/mobilecity-vn/images/2024/10/vivo-iqoo-z9-turbo-xanh-cu.jpg.webp,kho-may-cu
Vivo iQOO Z10 Turbo cũ (Đẹp 99% - Pin 7620mAh),5450000,5.450.000 ₫,https://mobilecity.vn/dien-thoai/vivo-iqoo-z10-turbo-cu.html,https://cdn.mobilecity.vn/mobilecity-vn/images/2025/05/vivo-iqoo-z10-turbo-cam-cu.jpg.webp,kho-may-cu
Xiaomi Redmi K70 cũ (Đẹp 99%),5450000,5.450.000 ₫,https://mobilecity.vn/dien-thoai/xiaomi-redmi-k70-cu-dep-99.html,https://cdn.mobilecity.vn/mobilecity-vn/images/2024/10/redmi-k70-tim-cu.jpg.webp,kho-may-cu
Vivo iQOO Neo 9 cũ (Nguyên zin 100% - Đẹp 99%),5450000,5.450.000 ₫,https://mobilecity.vn/dien-thoai/vivo-iqoo-neo-9-cu-dep-99.html,https://cdn.mobilecity.vn/mobilecity-vn/images/2024/10/vivo-iqoo-neo-9-do-trang-cu.jpg.webp,kho-may-cu
Vivo iQOO Z9 Turbo Plus cũ (99% - Giá rẻ),5650000,5.650.000 ₫,https://mobilecity.vn/dien-thoai/vivo-iqoo-z9-turbo-plus-cu-gia-re.html,https://cdn.mobilecity.vn/mobilecity-vn/images/2025/03/vivo-iqoo-z9-turbo-plus-titan-cu.jpg.webp,kho-may-cu
OnePlus Ace 3V cũ (99% - Nguyên zin 100%),5650000,5.650.000 ₫,https://mobilecity.vn/dien-thoai/oneplus-ace-3v-cu.html,https://cdn.mobilecity.vn/mobilecity-vn/images/2025/04/oneplus-ace-3v-tim-cu.jpg.webp,kho-may-cu
Honor GT cũ (Đẹp 99% - Snapdragon 8 Gen 3),5750000,5.750.000 ₫,https://mobilecity.vn/dien-thoai/honor-gt-cu-gia-re.html,https://cdn.mobilecity.vn/mobilecity-vn/images/2025/03/honor-gt-xanh-cu.jpg.webp,kho-may-cu
OnePlus Ace 5 Racing Edition cũ (99% - Nguyên bản),5850000,5.850.000 ₫,https://mobilecity.vn/dien-thoai/oneplus-ace-5-racing-edition-cu.html,https://cdn.mobilecity.vn/mobilecity-vn/images/2025/10/oneplus-ace-5-racing-den-cu.jpg,kho-may-cu
Vivo iQOO Z10 Turbo Pro cũ (Đẹp 99% - Pin 7000mAh),5950000,5.950.000 ₫,https://mobilecity.vn/dien-thoai/vivo-iqoo-z10-turbo-pro-cu.html,https://cdn.mobilecity.vn/mobilecity-vn/images/2025/05/vivo-iqoo-z10-turbo-pro-sac-mac-cu.jpg.webp,kho-may-cu
Xiaomi Redmi K60 Ultra cũ (99.9%),5950000,5.950.000 ₫,https://mobilecity.vn/dien-thoai/xiaomi-redmi-k60-ultra-cu-99-9.html,https://cdn.mobilecity.vn/mobilecity-vn/images/2023/08/xiaomi-redmi-k60-ultra-xanh-old.jpg.webp,kho-may-cu
Realme GT Neo 6 cũ (Đẹp 99% - Snapdragon 8s Gen 3),6050000,6.050.000 ₫,https://mobilecity.vn/dien-thoai/realme-gt-neo-6-cu-dep-99-gia-re.html,https://cdn.mobilecity.vn/mobilecity-vn/images/2025/05/realme-gt-neo-6-tim-cu.jpg.webp,kho-may-cu
Realme Neo7 cũ (Đẹp 99% - Dimensity 9300 Plus),6250000,6.250.000 ₫,https://mobilecity.vn/dien-thoai/realme-neo7-cu-dep-99.html,https://cdn.mobilecity.vn/mobilecity-vn/images/2025/03/realme-neo7-xanh-cu.jpg.webp,kho-may-cu
OPPO K13 Turbo Pro cũ (Đẹp 99% - Snapdragon 8s Gen 4),6350000,6.350.000 ₫,https://mobilecity.vn/dien-thoai/oppo-k13-turbo-pro-cu-dep-99.html,https://cdn.mobilecity.vn/mobilecity-vn/images/2025/10/oppo-k13-turbo-pro-den-cu.jpg,kho-may-cu
Xiaomi REDMI Turbo 4 Pro cũ (Đẹp 99% - Pin 7550mAh),6450000,6.450.000 ₫,https://mobilecity.vn/dien-thoai/redmi-turbo-4-pro-cu.html,https://cdn.mobilecity.vn/mobilecity-vn/images/2025/04/redmi-turbo-4-pro-trang.jpg.webp,kho-may-cu
Vivo iQOO Neo 10 cũ (99% - Pin 6100 mAh),6450000,6.450.000 ₫,https://mobilecity.vn/dien-thoai/vivo-iqoo-neo-10-cu.html,https://cdn.mobilecity.vn/mobilecity-vn/images/2025/02/iqoo-neo10-cam-cu.jpg.webp,kho-may-cu
Realme GT6 cũ (99% - Nguyên bản),6450000,6.450.000 ₫,https://mobilecity.vn/dien-thoai/realme-gt6-cu-99-nguyen-ban.html,https://cdn.mobilecity.vn/mobilecity-vn/images/2025/04/realme-gt6-5g-china-tim-cu.jpg.webp,kho-may-cu
Realme Neo7 Turbo cũ (Đẹp 99% - Nguyên bản),6450000,6.450.000 ₫,https://mobilecity.vn/dien-thoai/realme-neo7-turbo-cu.html,https://cdn.mobilecity.vn/mobilecity-vn/images/2025/10/realme-neo7-turbo-den-trong-suot-cu.jpg,kho-may-cu
Xiaomi Redmi K70 Pro cũ (Đẹp 99%),6550000,6.550.000 ₫,https://mobilecity.vn/dien-thoai/xiaomi-redmi-k70-pro-cu.html,https://cdn.mobilecity.vn/mobilecity-vn/images/2024/10/xiaomi-redmi-k70-pro-old-white.jpg.webp,kho-may-cu
Vivo iQOO Neo 9S Pro Plus cũ,6650000,6.650.000 ₫,https://mobilecity.vn/dien-thoai/vivo-iqoo-neo-9s-pro-plus-cu.html,https://cdn.mobilecity.vn/mobilecity-vn/images/2025/05/vivo-iqoo-neo9s-pro-plus-xanh-trang-cu.jpg.webp,kho-may-cu
Vivo iQOO Z10 Turbo Plus cũ (Đẹp 99% - Nguyên bản),6950000,6.950.000 ₫,https://mobilecity.vn/dien-thoai/vivo-iqoo-z10-turbo-plus-cu.html,https://cdn.mobilecity.vn/mobilecity-vn/images/2025/08/vivo-iqoo-z10-plus-vang.jpg,kho-may-cu
Samsung Galaxy A56 cũ (Chính hãng - Đẹp 99%),7250000,7.250.000 ₫,https://mobilecity.vn/dien-thoai/samsung-galaxy-a56-cu-chinh-hang.html,https://cdn.mobilecity.vn/mobilecity-vn/images/2025/03/samsung-galaxy-a56-5g-hong.jpg.webp,kho-may-cu
Vivo iQOO Neo 10 Pro cũ (Đẹp 99% - Dimensity 9400),7700000,7.700.000 ₫,https://mobilecity.vn/dien-thoai/vivo-iqoo-neo-10-pro-cu.html,https://cdn.mobilecity.vn/mobilecity-vn/images/2025/04/iqoo-neo10-pro-cam-cu.jpg.webp,kho-may-cu
"Xiaomi 13 Pro cũ (99,9% - Snapdragon 8 Gen 2)",7950000,7.950.000 ₫,https://mobilecity.vn/dien-thoai/xiaomi-13-pro-cu-man-2k.html,https://cdn.mobilecity.vn/mobilecity-vn/images/2023/03/xiaomi-13-pro-cu-man-2k-den.png.webp,kho-may-cu
OPPO Find X7 cũ (Đẹp 99% - Dimensity 9300),7950000,7.950.000 ₫,https://mobilecity.vn/dien-thoai/oppo-find-x7-cu.html,https://cdn.mobilecity.vn/mobilecity-vn/images/2025/03/oppo-find-x7-trang-cu.jpg.webp,kho-may-cu
Realme GT7 cũ (Đẹp 99% - Nguyên bản 100%),7950000,7.950.000 ₫,https://mobilecity.vn/dien-thoai/realme-gt7-cu-gia-re.html,https://cdn.mobilecity.vn/mobilecity-vn/images/2025/06/realme-gt7-trang-cu.jpg.webp,kho-may-cu
"Asus ROG Phone 5S cũ (Đẹp 99,9% - Snapdragon 888+)",8300000,8.300.000 ₫,https://mobilecity.vn/dien-thoai/rog-phone-5s-cu-snapdragon-888-plus.html,https://cdn.mobilecity.vn/mobilecity-vn/images/2023/03/asus-rog-phone-5s-den-old.jpg.webp,kho-may-cu
Vivo iQOO Neo 10 Pro Plus cũ (Đẹp 99%),8650000,8.650.000 ₫,https://mobilecity.vn/dien-thoai/vivo-iqoo-neo-10-pro-plus-cu.html,https://cdn.mobilecity.vn/mobilecity-vn/images/2025/05/vivo-iqoo-neo10-pro-plus-den.jpg,kho-may-cu
Xiaomi 14T cũ Chính hãng (Đẹp 99% - Dimensity 8300 Ultra),8800000,8.800.000 ₫,https://mobilecity.vn/dien-thoai/xiaomi-14t-cu-chinh-hang-dep-99.html,https://cdn.mobilecity.vn/mobilecity-vn/images/2025/07/xiaomi-14t-titan-cu.jpg.webp,kho-may-cu
Xiaomi 15T cũ Chính hãng (Đẹp 99% - Nguyên bản),9350000,9.350.000 ₫,https://mobilecity.vn/dien-thoai/xiaomi-15t-cu-chinh-hang.html,https://cdn.mobilecity.vn/mobilecity-vn/images/2025/10/xiaomi-15t-den-cu.jpg,kho-may-cu
OnePlus Ace 5 Pro cũ (99% đẹp như mới),9400000,9.400.000 ₫,https://mobilecity.vn/dien-thoai/oneplus-ace-5-pro-cu.html,https://cdn.mobilecity.vn/mobilecity-vn/images/2025/04/oneplus-ace-5-pro-white-moon-por-old.jpg.webp,kho-may-cu
Realme GT7 Pro cũ (99% - Snapdragon 8 Elite),9550000,9.550.000 ₫,https://mobilecity.vn/dien-thoai/realme-gt7-pro-cu.html,https://cdn.mobilecity.vn/mobilecity-vn/images/2025/01/realme-gt7-pro-cu-trang.jpg.webp,kho-may-cu
OnePlus 13T cũ (Đẹp 99% - Nguyên bản),9750000,9.750.000 ₫,https://mobilecity.vn/dien-thoai/oneplus-13t-cu-dep-99.html,https://cdn.mobilecity.vn/mobilecity-vn/images/2025/07/oneplus-13t-xanh-cu.jpg.webp,kho-may-cu
OPPO Find X8 cũ (99% - Dimensity 9400),10450000,10.450.000 ₫,https://mobilecity.vn/dien-thoai/oppo-find-x8-cu.html,https://cdn.mobilecity.vn/mobilecity-vn/images/2025/02/oppo-find-x8-xanh-cu.jpg.webp,kho-may-cu
Vivo X100s Pro cũ (Đẹp 99% - Đỉnh cao camera),10950000,10.950.000 ₫,https://mobilecity.vn/dien-thoai/vivo-x100s-pro-cu.html,https://cdn.mobilecity.vn/mobilecity-vn/images/2025/03/vivo-x100s-pro-titan-cu.jpg.webp,kho-may-cu
Vivo X200 cũ (Đẹp 99% - BH 6 tháng),11400000,11.400.000 ₫,https://mobilecity.vn/dien-thoai/vivo-x200-cu-gia-re.html,https://cdn.mobilecity.vn/mobilecity-vn/images/2025/05/vivo-x200-titan-cu.jpg.webp,kho-may-cu
Vivo iQOO 13 cũ (99% - Snapdragon 8 Elite),11600000,11.600.000 ₫,https://mobilecity.vn/dien-thoai/vivo-iqoo-13-cu-99-snapdragon-8-elite.html,https://cdn.mobilecity.vn/mobilecity-vn/images/2025/02/iqoo-13-mau-xam-cu.jpg.webp,kho-may-cu
Vivo X200s cũ (Đẹp 99% - Nguyên bản),12550000,12.550.000 ₫,https://mobilecity.vn/dien-thoai/vivo-x200s-cu-dep-99-gia-re.html,https://cdn.mobilecity.vn/mobilecity-vn/images/2025/06/vivo-x200s-tim-cu.jpg.webp,kho-may-cu
Vivo X200 Pro Mini cũ (Đẹp 99% - Pin 5700mAh),12650000,12.650.000 ₫,https://mobilecity.vn/dien-thoai/vivo-x200-pro-mini-cu-dep-99.html,https://cdn.mobilecity.vn/mobilecity-vn/images/2025/05/vivo-x200-pro-mini-hong-cu.jpg.webp,kho-may-cu
OnePlus 13 cũ (Đẹp 99% - Snapdragon 8 Elite),13050000,13.050.000 ₫,https://mobilecity.vn/dien-thoai/oneplus-13-cu-dep-99.html,https://cdn.mobilecity.vn/mobilecity-vn/images/2025/05/oneplus-13-trang-cu.jpg.webp,kho-may-cu
Vivo X200 Pro cũ (Đẹp 99% - Pin 6000mAh),15000000,15.000.000 ₫,https://mobilecity.vn/dien-thoai/vivo-x200-pro-cu-dep-99-gia-re.html,https://cdn.mobilecity.vn/mobilecity-vn/images/2025/05/vivo-x200-pro-titan-cu.jpg.webp,kho-may-cu
Asus ROG Phone 9 cũ (Đẹp 99% - Snapdragon 8 Elite),15900000,15.900.000 ₫,https://mobilecity.vn/dien-thoai/asus-rog-phone-9-cu.html,https://cdn.mobilecity.vn/mobilecity-vn/images/2025/02/rog-phone-9-den-cu.jpg.webp,kho-may-cu
Xiaomi Mi 11 cũ (Snapdragon 888 5G),3300000,3.300.000 ₫,https://mobilecity.vn/dien-thoai/xiaomi-mi-11-cu.html,https://cdn.mobilecity.vn/mobilecity-vn/images/2022/01/xiaomi-mi-11-cu-tim-1.jpg.webp,kho-may-cu
Xiaomi Mi 10S cũ,3300000,3.300.000 ₫,https://mobilecity.vn/dien-thoai/xiaomi-mi-10s-cu.html,https://cdn.mobilecity.vn/mobilecity-vn/images/2022/01/xiaomi-mi-10-s-cu-b.jpg.webp,kho-may-cu
Xiaomi Redmi Note 8 Cũ,3450000,3.450.000 ₫,https://mobilecity.vn/kho-may-cu/xiaomi-redmi-note-8-cu.html,https://cdn.mobilecity.vn/mobilecity-vn/images/2023/06/xiaomi-redmi-note-8-cu-xanh-duong.jpg.webp,kho-may-cu
Xiaomi Mi Mix 3 cũ,5850000,5.850.000 ₫,https://mobilecity.vn/kho-may-cu/xiaomi-mi-mix-3-cu.html,https://cdn.mobilecity.vn/mobilecity-vn/images/2019/06/xiaomi-mi-mix3-den.jpg.webp,kho-may-cu
OnePlus 7T cũ (99%),7650000,7.650.000 ₫,https://mobilecity.vn/oneplus/oneplus-7t.html,https://cdn.mobilecity.vn/mobilecity-vn/images/2019/10/xanh.png.webp,kho-may-cu
Asus ROG Phone 5 Cũ,8450000,8.450.000 ₫,https://mobilecity.vn/kho-may-cu/asus-rog-phone-5-cu.html,https://cdn.mobilecity.vn/mobilecity-vn/images/2021/10/asus-rog-phone-5-trang.jpg.webp,kho-may-cu
OnePlus 7 Pro cũ (99%),8650000,8.650.000 ₫,https://mobilecity.vn/oneplus/oneplus-7-pro.html,https://cdn.mobilecity.vn/mobilecity-vn/images/2019/11/oneplus7pro.jpg.webp,kho-may-cu
OnePlus 9R Cũ,0,Liên hệ,https://mobilecity.vn/kho-may-cu/oneplus-9r-cu.html,https://cdn.mobilecity.vn/mobilecity-vn/images/2021/07/oneplus-9r-xanh-la.jpg.webp,kho-may-cu
OnePlus 8T Cũ,0,Liên hệ,https://mobilecity.vn/kho-may-cu/oneplus-8t-cu.html,https://cdn.mobilecity.vn/mobilecity-vn/images/2021/07/oneplus-8t-xanh.jpg.webp,kho-may-cu
OnePlus 8 Cũ,0,Liên hệ,https://mobilecity.vn/kho-may-cu/oneplus-8-cu.html,https://cdn.mobilecity.vn/mobilecity-vn/images/2021/07/oneplus-8-hong.jpg.webp,kho-may-cu
Xiaomi Mi 9 cũ,0,Liên hệ,https://mobilecity.vn/dien-thoai/xiaomi-mi-9-cu.html,https://cdn.mobilecity.vn/mobilecity-vn/images/2023/07/xiaomi-mi-9-xanh-11.jpg,kho-may-cu
Nubia Red Magic 6S Pro cũ,0,Liên hệ,https://mobilecity.vn/dien-thoai/nubia-red-magic-6s-pro-cu.html,https://cdn.mobilecity.vn/mobilecity-vn/images/2021/09/nubia-red-magic-6s-pro-black.png.webp,kho-may-cu
Xiaomi Black Shark 4S cũ,0,Liên hệ,https://mobilecity.vn/dien-thoai/xiaomi-black-shark-4s-cu.html,https://cdn.mobilecity.vn/mobilecity-vn/images/2022/01/xiaomi-black-shark-4s-cu-den.jpg.webp,kho-may-cu
Xiaomi Mi 11 Lite 5G cũ,0,Liên hệ,https://mobilecity.vn/dien-thoai/xiaomi-mi-11-lite-5g-cu.html,https://cdn.mobilecity.vn/mobilecity-vn/images/2022/01/xiaomi-mi-11-lite-5g-cu-hong.jpg.webp,kho-may-cu
Realme V15 5G cũ,0,Liên hệ,https://mobilecity.vn/dien-thoai/realme-v15-5g-cu.html,https://cdn.mobilecity.vn/mobilecity-vn/images/2022/01/realme-v15-5g-cu-vang-hong.jpg.webp,kho-may-cu
iPhone 14 Plus cũ (Chính hãng - 99.9%),9400000,9.400.000 ₫,https://mobilecity.vn/dien-thoai/iphone-14-plus-cu.html,https://cdn.mobilecity.vn/mobilecity-vn/images/2023/11/iphone-14-plus-cu-mau-vang.jpg.webp,apple
iPhone SE 2 (2020) cũ Chính hãng,2650000,2.650.000 ₫,https://mobilecity.vn/apple/iphone-se-2020-cu.html,https://cdn.mobilecity.vn/mobilecity-vn/images/2022/01/iphone-se-2020-do.jpg.webp,apple
iPhone X cũ (Chính hãng),3250000,3.250.000 ₫,https://mobilecity.vn/apple/iphone-x-cu.html,https://cdn.mobilecity.vn/mobilecity-vn/images/2021/11/iphone-x-trang.jpg.webp,apple
iPhone 8 Plus Cũ (Chính hãng) - Fullbox,3650000,3.650.000 ₫,https://mobilecity.vn/apple/iphone-8-plus-cu.html,https://cdn.mobilecity.vn/mobilecity-vn/images/2023/01/iphone-8-plus-cu-vang.jpg.webp,apple
iPhone XR cũ (Chính hãng),4650000,4.650.000 ₫,https://mobilecity.vn/apple/iphone-xr-cu.html,https://cdn.mobilecity.vn/mobilecity-vn/images/2021/07/iphone-xr-vang.jpg.webp,apple
iPhone 12 mini cũ (Chính hãng VN/A),7450000,7.450.000 ₫,https://mobilecity.vn/apple/iphone-12-mini-cu.html,https://cdn.mobilecity.vn/mobilecity-vn/images/2021/11/iphone-12-mini-xanh-bac-ha.jpg.webp,apple
iPhone 16e cũ (99% Đẹp như mới),15450000,15.450.000 ₫,https://mobilecity.vn/dien-thoai/iphone-16e-cu-99-dep.html,https://cdn.mobilecity.vn/mobilecity-vn/images/2025/03/iphone-16e-den-cu.jpg.webp,apple
iPhone 16 cũ Chính hãng (Đẹp 99%),17950000,17.950.000 ₫,https://mobilecity.vn/dien-thoai/iphone-16-cu-chinh-hang.html,https://cdn.mobilecity.vn/mobilecity-vn/images/2024/09/iphone-16-hong.jpg.webp,apple
iPhone 16 Plus cũ Chính hãng (99% - Trả góp 0%),19950000,19.950.000 ₫,https://mobilecity.vn/dien-thoai/iphone-16-plus-cu-chinh-hang.html,https://cdn.mobilecity.vn/mobilecity-vn/images/2024/09/iphone-16-plus-trang.jpg.webp,apple
iPhone 17 cũ Chính hãng (Đẹp 99%),19950000,19.950.000 ₫,https://mobilecity.vn/dien-thoai/iphone-17-cu-chinh-hang-dep-99.html,https://cdn.mobilecity.vn/mobilecity-vn/images/2025/09/iphone-17-xanh-la.jpg.webp,apple
iPhone Air cũ Chính hãng (Giá rẻ - Đẹp 99%),25550000,25.550.000 ₫,https://mobilecity.vn/dien-thoai/iphone-17-air-cu-gia-re.html,https://cdn.mobilecity.vn/mobilecity-vn/images/2025/09/iphone-air-xanh.jpg.webp,apple
iPhone 17 Pro cũ Chính hãng (Đẹp 99%),29950000,29.950.000 ₫,https://mobilecity.vn/dien-thoai/iphone-17-pro-cu-dep-99.html,https://cdn.mobilecity.vn/mobilecity-vn/images/2025/09/iphone-17-pro-bac.jpg.webp,apple
iPhone 17 Pro Max cũ Chính hãng (Đẹp 99%),32950000,32.950.000 ₫,https://mobilecity.vn/dien-thoai/iphone-17-pro-max-cu.html,https://cdn.mobilecity.vn/mobilecity-vn/images/2025/09/iphone-17-pro-max-cu-trang.jpg.webp,apple
iPhone 13 mini cũ (Chính hãng VN/A),0,Liên hệ,https://mobilecity.vn/dien-thoai/iphone-13-mini-cu.html,https://cdn.mobilecity.vn/mobilecity-vn/images/2022/07/iphone-13-xanh-avt2.jpg.webp,apple
iPhone XS cũ (Chính hãng),3650000,3.650.000 ₫,https://mobilecity.vn/apple/iphone-xs-cu.html,https://cdn.mobilecity.vn/mobilecity-vn/images/2021/07/iphone-xs-vang.jpg.webp,apple
iPhone XS Max cũ (Chính hãng),5650000,5.650.000 ₫,https://mobilecity.vn/apple/iphone-xs-max-cu.html,https://cdn.mobilecity.vn/mobilecity-vn/images/2021/07/iphone-xs-max-vang.jpg.webp,apple
iPhone 11 Pro cũ (Chính hãng) - Giá Rẻ hơn tới 36%,5950000,5.950.000 ₫,https://mobilecity.vn/apple/iphone-11-pro-cu.html,https://cdn.mobilecity.vn/mobilecity-vn/images/2021/07/iphone-11-pro-xanh.jpg.webp,apple
iPhone 11 Pro Max cũ (Chính hãng) - Giá Rẻ tới hơn 39%,7150000,7.150.000 ₫,https://mobilecity.vn/apple/iphone-11-pro-max-cu.html,https://cdn.mobilecity.vn/mobilecity-vn/images/2021/07/iphone-11-pro-max-vang.jpg.webp,apple
iPhone 12 Pro cũ (Chính hãng),7950000,7.950.000 ₫,https://mobilecity.vn/apple/iphone-12-pro-cu.html,https://cdn.mobilecity.vn/mobilecity-vn/images/2021/11/iphone-12-pro-vang.jpg.webp,apple
"iPhone 14 Cũ (Likenew, 99%)",8450000,8.450.000 ₫,https://mobilecity.vn/dien-thoai/iphone-14-cu.html,https://cdn.mobilecity.vn/mobilecity-vn/images/2023/11/iphone-14-cu-mau-vang.jpg.webp,apple
iPhone 13 cũ (Rẻ hơn 35%),8550000,8.550.000 ₫,https://mobilecity.vn/dien-thoai/iphone-13-cu.html,https://cdn.mobilecity.vn/mobilecity-vn/images/2023/08/iphone-13-cu-hong-1.jpg.webp,apple
iPhone 12 Pro Max cũ,9950000,9.950.000 ₫,https://mobilecity.vn/apple/iphone-12-pro-max-cu.html,https://cdn.mobilecity.vn/mobilecity-vn/images/2021/10/iphone-12-pro-max-cu-vang.jpg.webp,apple
iPhone 13 Pro cũ (Giá rẻ hơn 36%),10650000,10.650.000 ₫,https://mobilecity.vn/dien-thoai/iphone-13-pro-cu.html,https://cdn.mobilecity.vn/mobilecity-vn/images/2023/08/iphone-13-pro-gold-cu.jpg.webp,apple
iPhone 14 Pro cũ (Chính hãng VN/A),12200000,12.200.000 ₫,https://mobilecity.vn/dien-thoai/iphone-14-pro-cu.html,https://cdn.mobilecity.vn/mobilecity-vn/images/2022/09/iphone-14pro-vang-cu.png.webp,apple
iPhone 13 Pro Max cũ (Chính hãng - Giảm giá 30%),12450000,12.450.000 ₫,https://mobilecity.vn/dien-thoai/iphone-13-pro-max-cu.html,https://cdn.mobilecity.vn/mobilecity-vn/images/2023/08/iphone-13-pro-max-old-blue.jpg.webp,apple
iPhone 15 cũ (Chính hãng - Đẹp như mới),12850000,12.850.000 ₫,https://mobilecity.vn/dien-thoai/iphone-15-cu-dep-nhu-moi.html,https://cdn.mobilecity.vn/mobilecity-vn/images/2023/09/iphone-15-cu-vang.jpg.webp,apple
iPhone 14 Pro Max cũ (Chính hãng),14450000,14.450.000 ₫,https://mobilecity.vn/dien-thoai/iphone-14-pro-max-cu.html,https://cdn.mobilecity.vn/mobilecity-vn/images/2022/09/iphone-14-pro-max-den-cu.jpg.webp,apple
iPhone 15 Plus cũ (99.9% - Có trả góp 0%),14650000,14.650.000 ₫,https://mobilecity.vn/dien-thoai/iphone-15-plus-cu-pin-lau-dai.html,https://cdn.mobilecity.vn/mobilecity-vn/images/2023/09/iphone-15-plus-xanh-la-cu.jpg.webp,apple
"iPhone 15 Pro Cũ (99.9% - Chính hãng, Trả góp 0%)",15200000,15.200.000 ₫,https://mobilecity.vn/dien-thoai/iphone-15-pro-cu-hinh-thuc-dep.html,https://cdn.mobilecity.vn/mobilecity-vn/images/2023/09/iphone-15-pro-titan-den-cu.jpg.webp,apple
iPhone 15 Pro Max Cũ (99.9% - Có trả góp 0%),18500000,18.500.000 ₫,https://mobilecity.vn/dien-thoai/iphone-15-pro-max-cu.html,https://cdn.mobilecity.vn/mobilecity-vn/images/2023/09/iphone-15-pro-max-titan-trang-cu.jpg.webp,apple
iPhone 16 Pro cũ Chính hãng (99% - Trả góp 0%),20000000,20.000.000 ₫,https://mobilecity.vn/dien-thoai/iphone-16-pro-cu-chinh-hang.html,https://cdn.mobilecity.vn/mobilecity-vn/images/2024/09/iphone-16-pro-old-titan-trang.jpg.webp,apple
iPhone 16 Pro Max cũ (Chính hãng - 99% - Trả góp 0%),23800000,23.800.000 ₫,https://mobilecity.vn/dien-thoai/iphone-16-pro-max-cu-chinh-hang.html,https://cdn.mobilecity.vn/mobilecity-vn/images/2024/09/iphone-16-pro-max-old-titan-den.jpg.webp,apple
"iPhone 11 cũ (Chính hãng, Rẻ hơn 36%)",0,Liên hệ,https://mobilecity.vn/apple/iphone-11-cu.html,https://cdn.mobilecity.vn/mobilecity-vn/images/2021/07/iphone-11-tim.jpg.webp,apple
iPhone 12 cũ (Chính hãng) - Giảm giá 40%,0,Liên hệ,https://mobilecity.vn/apple/iphone-12-cu.html,https://cdn.mobilecity.vn/mobilecity-vn/images/2021/11/iphone-12-xanh.jpg.webp,apple
Apple Watch Series 5 40mm Viền Nhôm cũ,3950000,3.950.000 ₫,https://mobilecity.vn/dien-thoai/apple-watch-series-5-40mm-vien-nhom-cu.html,https://cdn.mobilecity.vn/mobilecity-vn/images/2023/05/apple-watch-series-5-lte-40mm-cudd.jpg.webp,apple-watch
Apple Watch Series 5 44mm Viền Nhôm cũ,4150000,4.150.000 ₫,https://mobilecity.vn/dien-thoai/apple-watch-series-5-44mm-vien-nhom-cu.html,https://cdn.mobilecity.vn/mobilecity-vn/images/2023/05/apple-watch-series-5-lte-44mm-cudd1.jpg.webp,apple-watch
Apple Watch Series 4 44mm Viền Nhôm cũ,0,Liên hệ,https://mobilecity.vn/dien-thoai/apple-watch-series-4-lte-44mm-cu.html,https://cdn.mobilecity.vn/mobilecity-vn/images/2023/05/apple-watch-series-4-lte-44mm-cudv.jpg.webp,apple-watch
Apple Watch Series 3 Nhôm 38mm (Cũ 99.9%),3450000,3.450.000 ₫,https://mobilecity.vn/apple-watch/apple-watch-series-3-nhom-38mm.html,https://cdn.mobilecity.vn/mobilecity-vn/images/2020/12/apple-watch-sr3-pink.jpg,apple-watch
Apple Watch Series 3 Nhôm 42mm (Cũ 99.9%),3650000,3.650.000 ₫,https://mobilecity.vn/apple-watch/apple-watch-series-3-nhom-42mm-cu-99-9.html,https://cdn.mobilecity.vn/mobilecity-vn/images/2021/01/apple-watch-sr3-42-black.jpg,apple-watch
Apple Watch Series 6 40mm Viền Nhôm cũ,0,Liên hệ,https://mobilecity.vn/dien-thoai/apple-watch-series-6-40mm-vien-nhom-cu.html,https://cdn.mobilecity.vn/mobilecity-vn/images/2023/05/apple-watch-series-6-40mm-vien-nhom-cu.jpg.webp,apple-watch
Apple Watch Series 6 44mm Viền Nhôm cũ,0,Liên hệ,https://mobilecity.vn/dien-thoai/apple-watch-series-6-44mm-vien-nhom-cu.html,https://cdn.mobilecity.vn/mobilecity-vn/images/2023/05/apple-watch-series-6-44mm-cu-vien-nhom-cudd2.jpg.webp,apple-watch
Apple Watch SE 2020 40mm Viền Nhôm cũ,0,Liên hệ,https://mobilecity.vn/dien-thoai/apple-watch-se-2020-40mm-vien-nhom-cu.html,https://cdn.mobilecity.vn/mobilecity-vn/images/2023/05/apple-watch-se-2020-40mm-vien-nhom-cudd.jpg.webp,apple-watch
Apple Watch SE 2020 44mm Viền Nhôm cũ,0,Liên hệ,https://mobilecity.vn/dien-thoai/apple-watch-se-2020-44mm-vien-nhom-cu.html,https://cdn.mobilecity.vn/mobilecity-vn/images/2023/05/apple-watch-se-2020-44mm-vien-nhom-cudd.jpg.webp,apple-watch
Apple Watch Series 4 40mm Viền Nhôm cũ (LTE/GPS),2950000,2.950.000 ₫,https://mobilecity.vn/dien-thoai/apple-watch-series-4-lte-40mm-cu.html,https://cdn.mobilecity.vn/mobilecity-vn/images/2023/05/apple-watch-series-4-lte-40mm-cubt2.jpg.webp,apple-watch
"Samsung Galaxy S21 Ultra Cũ 5G (Hàn Quốc, Mỹ - Snapdragon 888)",6450000,6.450.000 ₫,https://mobilecity.vn/dien-thoai/samsung-galaxy-s21-ultra-cu-camera-108mp.html,https://cdn.mobilecity.vn/mobilecity-vn/images/2022/12/samsung-galaxy-s21-ultra-cu-camera-108mp-phantom-navy.png.webp,samsung
Samsung Galaxy S23 cũ (Snapdragon 8 Gen 2),6850000,6.850.000 ₫,https://mobilecity.vn/dien-thoai/samsung-galaxy-s23-cu-man-amoled-120hz.html,https://cdn.mobilecity.vn/mobilecity-vn/images/2023/02/samsung-galaxy-s23-cu-xam.jpg.webp,samsung
Samsung A16 cũ (Chính hãng),2550000,2.550.000 ₫,https://mobilecity.vn/dien-thoai/samsung-a16-cu.html,https://cdn.mobilecity.vn/mobilecity-vn/images/2026/01/samsung-a16-cu-00-1.jpg,samsung
Samsung Galaxy Note 8 Hàn Quốc Fullbox,0,Liên hệ,https://mobilecity.vn/samsung/samsung-galaxy-note-8-han-quoc.html,https://cdn.mobilecity.vn/mobilecity-vn/images/2019/01/samsung-galaxy-note-8-blue.jpg.webp,samsung
Samsung A06 cũ (Chính hãng),1950000,1.950.000 ₫,https://mobilecity.vn/dien-thoai/samsung-a06-cu-chinh-hang.html,https://cdn.mobilecity.vn/mobilecity-vn/images/2026/01/samsung-a06-cu-9.jpg,samsung
Samsung Galaxy S7 cũ (2 SIM)- FullBox,2450000,2.450.000 ₫,https://mobilecity.vn/samsung/samsung-galaxy-s7-cu-prd1031.html,https://cdn.mobilecity.vn/mobilecity-vn/images/2019/12/galaxy-s7-gold.jpg.webp,samsung
Samsung Galaxy S8 (2 SIM) Cũ,2750000,2.750.000 ₫,https://mobilecity.vn/samsung/samsung-galaxy-s8-2-sim.html,https://cdn.mobilecity.vn/mobilecity-vn/images/2019/12/galaxy-s8-tim.jpg.webp,samsung
Samsung Galaxy A90 5G Cũ (Snapdragon 855),2950000,2.950.000 ₫,https://mobilecity.vn/samsung/samsung-galaxy-a90-5g.html,https://cdn.mobilecity.vn/mobilecity-vn/images/2022/03/samsung-galaxy-a90-5g-den.jpg.webp,samsung
Samsung Galaxy S10e cũ,2950000,2.950.000 ₫,https://mobilecity.vn/samsung/samsung-galaxy-s10e-cu.html,https://cdn.mobilecity.vn/mobilecity-vn/images/2019/08/samsungs10e.jpg.webp,samsung
Samsung Galaxy S9 Cũ,3350000,3.350.000 ₫,https://mobilecity.vn/samsung/samsung-galaxy-s9-cu-fullbox.html,https://cdn.mobilecity.vn/mobilecity-vn/images/2022/04/samsung-galaxy-s9-purple.jpg.webp,samsung
Samsung Galaxy Note 9 cũ (128GB - 512GB),3650000,3.650.000 ₫,https://mobilecity.vn/samsung/samsung-galaxy-note-9-cu.html,https://cdn.mobilecity.vn/mobilecity-vn/images/2021/11/samsung-galaxy-note-9-xanh.jpg.webp,samsung
"Samsung Galaxy S10 Plus cũ (Snapdragon 855, đẹp 99,9%)",3650000,3.650.000 ₫,https://mobilecity.vn/samsung/samsung-galaxy-s10-plus-cu.html,https://cdn.mobilecity.vn/mobilecity-vn/images/2022/03/samsung-galaxy-s10-plus-den-ngan-ha.jpg.webp,samsung
Samsung Galaxy S10 Cũ (Hàn Quốc - Like New 99%),3950000,3.950.000 ₫,https://mobilecity.vn/samsung/samsung-galaxy-s10-cu.html,https://cdn.mobilecity.vn/mobilecity-vn/images/2021/11/samsung-galaxy-s10-trang.jpg.webp,samsung
"Samsung Galaxy Note 10 Cũ (Mỹ, Hàn Quốc - 99%)",4250000,4.250.000 ₫,https://mobilecity.vn/samsung/samsung-galaxy-note-10-cu.html,https://cdn.mobilecity.vn/mobilecity-vn/images/2022/03/samsung-galaxy-note-10-aura-white.jpg.webp,samsung
Samsung Galaxy Note 9 (2 SIM) Cũ,4250000,4.250.000 ₫,https://mobilecity.vn/samsung/samsung-galaxy-note-9-2-sim.html,https://cdn.mobilecity.vn/mobilecity-vn/images/2022/04/samsung-galaxy-note9-cu-tim.png.webp,samsung
"Samsung Galaxy S10 5G cũ (99,9%) (Màn 6.7'' 2K+)",4450000,4.450.000 ₫,https://mobilecity.vn/samsung/samsung-galaxy-s10-5g.html,https://cdn.mobilecity.vn/mobilecity-vn/images/2021/11/samsung-galaxy-s10-5g-cu-trang-1.jpg.webp,samsung
Samsung Galaxy S20 cũ 5G (Snap 865 - Đẹp như mới),4450000,4.450.000 ₫,https://mobilecity.vn/samsung/samsung-galaxy-s20-cu.html,https://cdn.mobilecity.vn/mobilecity-vn/images/2022/03/galaxy-s20-cu-xam.png.webp,samsung
Samsung Galaxy S20 Plus Cũ 5G (Snapdragon 865 - 99.9%),4650000,4.650.000 ₫,https://mobilecity.vn/samsung/samsung-galaxy-s20-plus-cu.html,https://cdn.mobilecity.vn/mobilecity-vn/images/2022/03/samsung-galaxy-s20-plus-cu-cloud-blue.jpg.webp,samsung
Samsung Galaxy Note 8 cũ,4650000,4.650.000 ₫,https://mobilecity.vn/samsung/samsung-galaxy-note-8-cu.html,https://cdn.mobilecity.vn/mobilecity-vn/images/2022/04/samsung-galaxy-note-8-cu-tim.jpg.webp,samsung
Samsung Galaxy Note 8 - 2 SIM cũ,4850000,4.850.000 ₫,https://mobilecity.vn/samsung/samsung-galaxy-note-8-2-sim.html,https://cdn.mobilecity.vn/mobilecity-vn/images/2022/04/samsung-galaxy-note-8-2-sim-tim.jpg.webp,samsung
"Samsung Galaxy Note 20 cũ 5G (Snap 865/Exynos 990 - 99,9%)",5250000,5.250.000 ₫,https://mobilecity.vn/samsung/samsung-galaxy-note-20-cu.html,https://cdn.mobilecity.vn/mobilecity-vn/images/2021/11/samsung-galaxy-note-20-vang-dong.jpg.webp,samsung
"Samsung Galaxy Note 10 Plus Cũ (Mỹ, Hàn Quốc)",5450000,5.450.000 ₫,https://mobilecity.vn/samsung/samsung-galaxy-note-10-plus-cu.html,https://cdn.mobilecity.vn/mobilecity-vn/images/2022/03/samsung-galaxy-note-10-plus-cu-aura-white.jpg.webp,samsung
Samsung Galaxy Note 10 Plus 2 SIM cũ (Hàn Quốc - 99.9%),5450000,5.450.000 ₫,https://mobilecity.vn/samsung/samsung-galaxy-note-10-plus-2-sim.html,https://cdn.mobilecity.vn/mobilecity-vn/images/2021/12/samsung-galaxy-note10-plus-ngoc-trai.jpg.webp,samsung
"Samsung Galaxy S20 Ultra cũ 5G (Snap 865, Màn 2K+, Camera 108MP)",6350000,6.350.000 ₫,https://mobilecity.vn/samsung/samsung-galaxy-s20-ultra-cu.html,https://cdn.mobilecity.vn/mobilecity-vn/images/2022/03/samsung-galaxy-s20-ultra-den.png.webp,samsung
"Samsung Galaxy Note 20 Ultra Cũ 5G (Snap865+, Camera 108MP - 99.9%)",7450000,7.450.000 ₫,https://mobilecity.vn/samsung/samsung-galaxy-note-20-ultra-cu.html,https://cdn.mobilecity.vn/mobilecity-vn/images/2022/12/samsung-galaxy-note-20-ultra-cu-vang-dong.jpg.webp,samsung
Samsung Galaxy Z Flip4 Cũ (Snapdragon 8+ Gen 1),7950000,7.950.000 ₫,https://mobilecity.vn/dien-thoai/samsung-galaxy-z-flip-4-cu-snapdragon-8plus-gen-1.html,https://cdn.mobilecity.vn/mobilecity-vn/images/2023/11/samsung-galaxy-flip4-cu-tim.jpg.webp,samsung
Samsung Galaxy Note 10 Plus 5G Hàn Quốc (Mới 100%),10950000,10.950.000 ₫,https://mobilecity.vn/samsung/samsung-galaxy-note-10-plus.html,https://cdn.mobilecity.vn/mobilecity-vn/images/2022/03/samsung-galaxy-note-10-plus-aura-white.jpg.webp,samsung
Samsung Galaxy S25 cũ (Chính hãng - 99%),14950000,14.950.000 ₫,https://mobilecity.vn/dien-thoai/samsung-galaxy-s25-cu.html,https://cdn.mobilecity.vn/mobilecity-vn/images/2025/02/samsung-galaxy-s25-xanh-icy-cu.jpg.webp,samsung
Samsung Galaxy S25 Ultra cũ (99% - Snapdragon 8 Elite),19450000,19.450.000 ₫,https://mobilecity.vn/dien-thoai/samsung-galaxy-s25-ultra-cu.html,https://cdn.mobilecity.vn/mobilecity-vn/images/2025/02/samsung-galaxy-s25-ultra-bac-cu.jpg.webp,samsung
Samsung Galaxy S25 Plus cũ,19850000,19.850.000 ₫,https://mobilecity.vn/dien-thoai/samsung-galaxy-s25-plus-cu.html,https://cdn.mobilecity.vn/mobilecity-vn/images/2025/02/samsung-galaxy-s25-plus-bac-shadow-cu.jpg.webp,samsung
Samsung Galaxy Z Fold 2 cũ,0,Liên hệ,https://mobilecity.vn/dien-thoai/samsung-galaxy-z-fold-2-cu.html,https://cdn.mobilecity.vn/mobilecity-vn/images/2022/02/samsung-galaxy-z-fold-2-cu.jpg.webp,samsung
Samsung Galaxy Z Flip3 cũ,0,Liên hệ,https://mobilecity.vn/dien-thoai/samsung-galaxy-z-flip3-cu.html,https://cdn.mobilecity.vn/mobilecity-vn/images/2022/02/samsung-galaxy-z-flip-3-cu-tim.jpeg.webp,samsung
Samsung Galaxy S10 Lite cũ,0,Liên hệ,https://mobilecity.vn/dien-thoai/samsung-galaxy-s10-lite-cu.html,https://cdn.mobilecity.vn/mobilecity-vn/images/2022/03/samsung-galaxy-s10-lite-xanh.jpg.webp,samsung
Samsung Galaxy S9 Plus Cũ (Snap 845),0,Liên hệ,https://mobilecity.vn/samsung/samsung-galaxy-s9-plus-cu.html,https://cdn.mobilecity.vn/mobilecity-vn/images/2022/04/galaxy-s9-plus-tim.png.webp,samsung
Samsung Galaxy S8 Cũ,0,Liên hệ,https://mobilecity.vn/samsung/samsung-galaxy-s8-cu-fullbox.html,https://cdn.mobilecity.vn/mobilecity-vn/images/2022/04/samsung-galaxy-s8-cu-bac.jpg.webp,samsung
Samsung Galaxy S8 Plus (2 SIM) Cũ,0,Liên hệ,https://mobilecity.vn/samsung/samsung-galaxy-s8-plus-2-sim.html,https://cdn.mobilecity.vn/mobilecity-vn/images/2019/04/samsung-galaxy-s8-plus-blue.jpg.webp,samsung
Samsung Galaxy S9 Plus (2 SIM) Cũ,0,Liên hệ,https://mobilecity.vn/samsung/samsung-galaxy-s9-plus-2-sim.html,https://cdn.mobilecity.vn/mobilecity-vn/images/2022/04/galaxy-s9-plus-2sim-den.png.webp,samsung
Samsung Galaxy S9 (2 SIM) Cũ,3450000,3.450.000 ₫,https://mobilecity.vn/samsung/samsung-galaxy-s9-2-sim.html,https://cdn.mobilecity.vn/mobilecity-vn/images/2022/04/samsung-galaxy-s9-purple.jpg.webp,samsung
Samsung Galaxy S21 FE Cũ 5G (Snapdragon 888 5G - 99.9%),4050000,4.050.000 ₫,https://mobilecity.vn/dien-thoai/samsung-galaxy-s21-fe-cu.html,https://cdn.mobilecity.vn/mobilecity-vn/images/2022/09/samsung-galaxy-s21-fe-cu-trang.jpg.webp,samsung
Samsung Galaxy S20 FE cũ 5G (Snapdragon 865 - 99.9%),4250000,4.250.000 ₫,https://mobilecity.vn/dien-thoai/samsung-galaxy-s20-fe-cu.html,https://cdn.mobilecity.vn/mobilecity-vn/images/2022/02/samsung-galaxy-s20-fe-cu-tim.jpeg.webp,samsung
"Samsung Galaxy S21 cũ 5G (Snap 888/Exynos 2100, 5G - 99.9%)",4450000,4.450.000 ₫,https://mobilecity.vn/dien-thoai/samsung-galaxy-s21-cu.html,https://cdn.mobilecity.vn/mobilecity-vn/images/2022/02/samsung-galaxy-s21-cu-tim.jpg.webp,samsung
Samsung Galaxy S21 Plus cũ Chính hãng giá rẻ nhất,4850000,4.850.000 ₫,https://mobilecity.vn/dien-thoai/samsung-galaxy-s21-plus-cu.html,https://cdn.mobilecity.vn/mobilecity-vn/images/2022/02/samsung-galaxy-s21-plus-bac.jpg.webp,samsung
Samsung Galaxy S22 cũ Chính hãng (Snapdragon 8 Gen 1 - 99%),5050000,5.050.000 ₫,https://mobilecity.vn/dien-thoai/samsung-galaxy-s22-cu.html,https://cdn.mobilecity.vn/mobilecity-vn/images/2022/09/samsung-galaxy-s22-hong-cu.jpg.webp,samsung
Samsung Galaxy S23 FE cũ Chính hãng (99.9% - Quay phim 8K),5950000,5.950.000 ₫,https://mobilecity.vn/dien-thoai/samsung-galaxy-s23-fe-cu-99-9-quay-phim-8k.html,https://cdn.mobilecity.vn/mobilecity-vn/images/2024/05/samsung-galaxy-s23-fe-trang-cu.jpg.webp,samsung
"Samsung Galaxy S22 Plus Cũ 5G (Snap 8 Gen 1, Sạc 45W - 99%)",6150000,6.150.000 ₫,https://mobilecity.vn/dien-thoai/samsung-galaxy-s22-plus-cu.html,https://cdn.mobilecity.vn/mobilecity-vn/images/2022/09/samsung-galaxy-s22-xanh.jpg.webp,samsung
Samsung Galaxy S22 Ultra cũ 5G (Màn 2K - Camera 108MP- 99%),8150000,8.150.000 ₫,https://mobilecity.vn/dien-thoai/samsung-galaxy-s22-ultra-cu.html,https://cdn.mobilecity.vn/mobilecity-vn/images/2022/09/samsung-galaxy-s22-ultra-cu-xanh-reu.jpg.webp,samsung
Samsung Galaxy S23 Plus cũ Chính hãng,8250000,8.250.000 ₫,https://mobilecity.vn/dien-thoai/samsung-galaxy-s23-plus-cu-sac-45w.html,https://cdn.mobilecity.vn/mobilecity-vn/images/2023/02/samsung-galaxy-s23-plus-old-tim.jpg.webp,samsung
Samsung Galaxy S24 cũ (99% - Ngon bổ rẻ),9150000,9.150.000 ₫,https://mobilecity.vn/dien-thoai/samsung-galaxy-s24-cu-ngon-bo-re.html,https://cdn.mobilecity.vn/mobilecity-vn/images/2024/01/samsung-galaxy-s24-cu-xanh-luc-jadeite.jpg.webp,samsung
Samsung Galaxy S23 Ultra cũ Chính hãng,11450000,11.450.000 ₫,https://mobilecity.vn/dien-thoai/samsung-galaxy-s23-ultra-cu-gia-re.html,https://cdn.mobilecity.vn/mobilecity-vn/images/2023/02/samsung-galaxy-s23-ultra-old-tim.jpg.webp,samsung
Samsung Galaxy S24 Plus cũ (99% - giá siêu rẻ),12250000,12.250.000 ₫,https://mobilecity.vn/dien-thoai/samsung-galaxy-s24-plus-cu-dep-nhu-moi.html,https://cdn.mobilecity.vn/mobilecity-vn/images/2024/01/samsung-galaxy-s24-cu-plus-vang-amber.jpg.webp,samsung
Samsung Galaxy S24 Ultra cũ (99.9% - Giá cực rẻ),16250000,16.250.000 ₫,https://mobilecity.vn/dien-thoai/samsung-galaxy-s24-ultra-cu-snapdragon-8-gen-3.html,https://cdn.mobilecity.vn/mobilecity-vn/images/2024/01/samsung-galaxy-s24-ultra-cu-tim-titan.jpg.webp,samsung
Samsung Galaxy S8 Plus Cũ,0,Liên hệ,https://mobilecity.vn/samsung/samsung-galaxy-s8-plus-cu.html,https://cdn.mobilecity.vn/mobilecity-vn/images/2019/04/samsung-galaxy-s8-plus-blue.jpg.webp,samsung
Samsung Galaxy A17 Chính hãng,4350000,4.350.000 ₫,https://mobilecity.vn/dien-thoai/samsung-galaxy-a17-chinh-hang.html,https://cdn.mobilecity.vn/mobilecity-vn/images/2025/09/samsung-galaxy-a17-4g-xanh.jpg.webp,samsung-chinh-hang
Samsung Galaxy A17 5G Chính hãng,4350000,4.350.000 ₫,https://mobilecity.vn/dien-thoai/samsung-galaxy-a17-5g-chinh-hang.html,https://cdn.mobilecity.vn/mobilecity-vn/images/2025/08/samsung-galaxy-a17-5g-xanh-nany.jpg.webp,samsung-chinh-hang
Samsung Galaxy A36 5G Chính hãng (Snapdragon 6 Gen 3),6300000,6.300.000 ₫,https://mobilecity.vn/dien-thoai/samsung-galaxy-a36-5g-chinh-hang.html,https://cdn.mobilecity.vn/mobilecity-vn/images/2025/03/samsung-galaxy-a36-5g-xanh.jpg.webp,samsung-chinh-hang
Samsung Galaxy A56 5G (Chính hãng - Exynos 1580),8050000,8.050.000 ₫,https://mobilecity.vn/dien-thoai/samsung-galaxy-a56-5g.html,https://cdn.mobilecity.vn/mobilecity-vn/images/2025/03/samsung-galaxy-a56-5g-xanh.jpg.webp,samsung-chinh-hang
Samsung Galaxy S26 Chính hãng,22000000,22.000.000 ₫,https://mobilecity.vn/dien-thoai/samsung-galaxy-s26-chinh-hang.html,https://cdn.mobilecity.vn/mobilecity-vn/images/2026/02/samsung-glalaxy-s26-0-4.jpg,samsung-chinh-hang
Samsung Galaxy A03 Core (Chính hãng),1810000,1.810.000 ₫,https://mobilecity.vn/dien-thoai/samsung-galaxy-a03-core-chinh-hang.html,https://cdn.mobilecity.vn/mobilecity-vn/images/2023/02/samsung-galaxy-a03-core-chinh-hang-xanh.jpg.webp,samsung-chinh-hang
Samsung Galaxy A03s (Chính hãng),2100000,2.100.000 ₫,https://mobilecity.vn/samsung/samsung-galaxy-a03s.html,https://cdn.mobilecity.vn/mobilecity-vn/images/2021/10/samsung-galaxy-a03s-den.jpg.webp,samsung-chinh-hang
Samsung Galaxy A04 (Chính hãng),2120000,2.120.000 ₫,https://mobilecity.vn/dien-thoai/samsung-galaxy-a04-chinh-hang.html,https://cdn.mobilecity.vn/mobilecity-vn/images/2023/02/samsung-galaxy-a04-chinh-hang-dong.jpg.webp,samsung-chinh-hang
Samsung Galaxy M07 Chính hãng,2150000,2.150.000 ₫,https://mobilecity.vn/dien-thoai/samsung-galaxy-m07-chinh-hang.html,https://cdn.mobilecity.vn/mobilecity-vn/images/2025/10/samsung-galaxy-m07-chinh-hang.jpg,samsung-chinh-hang
Samsung Galaxy A04E (Chính hãng),2220000,2.220.000 ₫,https://mobilecity.vn/dien-thoai/samsung-galaxy-a04e-helio-p35.html,https://cdn.mobilecity.vn/mobilecity-vn/images/2023/02/samsung-galaxy-a04e-helio-p35-xanh.jpg.webp,samsung-chinh-hang
Samsung Galaxy A07 Chính hãng (Helio G99),2550000,2.550.000 ₫,https://mobilecity.vn/dien-thoai/samsung-galaxy-a07-chinh-hang.html,https://cdn.mobilecity.vn/mobilecity-vn/images/2025/08/samsung-galaxy-a07-chinh-hang-bac.jpg.webp,samsung-chinh-hang
Samsung Galaxy A05s (Chính hãng - Snapdragon 680 4G),2750000,2.750.000 ₫,https://mobilecity.vn/dien-thoai/samsung-galaxy-a05s-snapdragon-680-4g.html,https://cdn.mobilecity.vn/mobilecity-vn/images/2023/09/samsung-galaxy-a05s-xanh.jpg.webp,samsung-chinh-hang
Samsung Galaxy A13 (Chính hãng),2900000,2.900.000 ₫,https://mobilecity.vn/dien-thoai/samsung-galaxy-a13-chinh-hang.html,https://cdn.mobilecity.vn/mobilecity-vn/images/2022/03/samsung-galaxy-a13-chinh-hang-2.jpg.webp,samsung-chinh-hang
"Samsung Galaxy A04s (Chính hãng - Exynos 850, camera 50MP)",2950000,2.950.000 ₫,https://mobilecity.vn/dien-thoai/samsung-galaxy-a04s-chinh-hang.html,https://cdn.mobilecity.vn/mobilecity-vn/images/2022/09/galaxy-a04s-hong.png.webp,samsung-chinh-hang
"Samsung Galaxy A13 4G (Chính hãng, Camera 50MP)",3050000,3.050.000 ₫,https://mobilecity.vn/dien-thoai/samsung-galaxy-a13-4g-chinh-hang-exynos-850.html,https://cdn.mobilecity.vn/mobilecity-vn/images/2022/11/samsung-galaxy-a13-4g-chinh-hang-exynos-850-be.jpg.webp,samsung-chinh-hang
Samsung Galaxy A50s Chính hãng (Exynos 9611),3450000,3.450.000 ₫,https://mobilecity.vn/dien-thoai/samsung-galaxy-a50s-exynos-9611.html,https://cdn.mobilecity.vn/mobilecity-vn/images/2023/07/samsung-galaxy-a50s-exynos-9611-xanh.jpg.webp,samsung-chinh-hang
Samsung Galaxy A12 (Chính hãng),3450000,3.450.000 ₫,https://mobilecity.vn/samsung/samsung-galaxy-a12.html,https://cdn.mobilecity.vn/mobilecity-vn/images/2021/12/samsung-galaxy-a12-xanh-duong-1-2-org-1.jpg.webp,samsung-chinh-hang
Samsung Galaxy M17 5G Chính hãng,3750000,3.750.000 ₫,https://mobilecity.vn/dien-thoai/samsung-galaxy-m17-5g-chinh-hang.html,https://cdn.mobilecity.vn/mobilecity-vn/images/2025/10/samsung-galaxy-m17-5g-moonlight-silver.jpg,samsung-chinh-hang
Samsung Galaxy A52 (Chính hãng),3950000,3.950.000 ₫,https://mobilecity.vn/dien-thoai/samsung-galaxy-a52-chinh-hang.html,https://cdn.mobilecity.vn/mobilecity-vn/images/2022/03/galaxya52-tim.png.webp,samsung-chinh-hang
Samsung Galaxy M16 5G Chính hãng,3990000,3.990.000 ₫,https://mobilecity.vn/dien-thoai/samsung-galaxy-m16-5g-chinh-hang.html,https://cdn.mobilecity.vn/mobilecity-vn/images/2024/12/samsung-galaxy-m16-ro-ri-01.jpg.webp,samsung-chinh-hang
Samsung Galaxy A52s 5G (Chính hãng),4150000,4.150.000 ₫,https://mobilecity.vn/dien-thoai/samsung-galaxy-a52s-5g-chinh-hang.html,https://cdn.mobilecity.vn/mobilecity-vn/images/2022/03/samsung-galaxy-a52s-5g-tim.jpg.webp,samsung-chinh-hang
Samsung Galaxy A15 5G (Chính hãng),4250000,4.250.000 ₫,https://mobilecity.vn/dien-thoai/samsung-galaxy-a15-chinh-hang.html,https://cdn.mobilecity.vn/mobilecity-vn/images/2024/02/samsung-galaxy-a15-5g-xanh-nhat.jpg.webp,samsung-chinh-hang
Samsung Galaxy A15 Chính hãng (Helio G99),4250000,4.250.000 ₫,https://mobilecity.vn/dien-thoai/samsung-galaxy-a15-helio-g99.html,https://cdn.mobilecity.vn/mobilecity-vn/images/2024/05/samsung-galaxy-a15-vang-ca-tinh.jpg.webp,samsung-chinh-hang
Samsung Galaxy A23 (Chính hãng),4300000,4.300.000 ₫,https://mobilecity.vn/dien-thoai/samsung-galaxy-a23-chinh-hang.html,https://cdn.mobilecity.vn/mobilecity-vn/images/2022/03/samsung-galaxy-a23-den.jpg.webp,samsung-chinh-hang
Samsung Galaxy A14 5G (Chính hãng - Dimensity 700),4360000,4.360.000 ₫,https://mobilecity.vn/dien-thoai/samsung-galaxy-a14-5g-5000mAh.html,https://cdn.mobilecity.vn/mobilecity-vn/images/2023/01/samsung-galaxy-a14-5g-5000mah-bac.jpg.webp,samsung-chinh-hang
Samsung Galaxy A22 chính hãng,4450000,4.450.000 ₫,https://mobilecity.vn/samsung/samsung-galaxy-a22.html,https://cdn.mobilecity.vn/mobilecity-vn/images/2025/04/samsung-a22-trang.jpg.webp,samsung-chinh-hang
Samsung Galaxy M54 5G (Chính hãng - Pin 6000mAh),4450000,4.450.000 ₫,https://mobilecity.vn/dien-thoai/samsung-galaxy-m54-chinh-hang.html,https://cdn.mobilecity.vn/mobilecity-vn/images/2023/10/samsung-galaxy-m54-bac.jpg.webp,samsung-chinh-hang
Samsung Galaxy A72 Chính hãng,4450000,4.450.000 ₫,https://mobilecity.vn/dien-thoai/samsung-galaxy-a72-chinh-hang.html,https://cdn.mobilecity.vn/mobilecity-vn/images/2025/04/samsung-galaxy-a72-xanh-duong.jpg.webp,samsung-chinh-hang
Samsung Galaxy A33 5G (Chính hãng - Exynos 1280),4530000,4.530.000 ₫,https://mobilecity.vn/dien-thoai/samsung-galaxy-a33-5g-chinh-hang.html,https://cdn.mobilecity.vn/mobilecity-vn/images/2022/03/samsung-galaxy-a33-kem.png.webp,samsung-chinh-hang
Samsung Galaxy A26 5G Chính hãng,4950000,4.950.000 ₫,https://mobilecity.vn/dien-thoai/samsung-galaxy-a26-chinh-hang.html,https://cdn.mobilecity.vn/mobilecity-vn/images/2025/02/samsung-galaxy-a26-xanh.jpg.webp,samsung-chinh-hang
Samsung Galaxy M14 5G (Chính hãng),4990000,4.990.000 ₫,https://mobilecity.vn/dien-thoai/samsung-galaxy-m14-5g-exynos-1330.html,https://cdn.mobilecity.vn/mobilecity-vn/images/2023/03/samsung-galaxy-m14-5g-exynos-1330-xanh-nhat.jpg.webp,samsung-chinh-hang
Samsung Galaxy A35 Chính hãng (Camera 50MP - IP67),5450000,5.450.000 ₫,https://mobilecity.vn/dien-thoai/samsung-galaxy-a35-chinh-hang-ip67.html,https://cdn.mobilecity.vn/mobilecity-vn/images/2024/03/samsung-galaxy-a35-tim.jpg.webp,samsung-chinh-hang
Samsung Galaxy M34 5G (Exynos 1280),5550000,5.550.000 ₫,https://mobilecity.vn/dien-thoai/samsung-galaxy-m34-5g-exynos-1280.html,https://cdn.mobilecity.vn/mobilecity-vn/images/2023/09/samsung-galaxy-m34-5g-prism-silver.jpg.webp,samsung-chinh-hang
Samsung Galaxy A16 5G Chính hãng (Dimensity 6300),5850000,5.850.000 ₫,https://mobilecity.vn/dien-thoai/samsung-galaxy-a16-5g-chinh-hang.html,https://cdn.mobilecity.vn/mobilecity-vn/images/2025/01/samsung-galaxy-a16-5g-vang-kim.jpg.webp,samsung-chinh-hang
Samsung Galaxy M36 5G Chính hãng (Pin 5000mAh),6050000,6.050.000 ₫,https://mobilecity.vn/dien-thoai/samsung-galaxy-m36-5g-chinh-hang.html,https://cdn.mobilecity.vn/mobilecity-vn/images/2025/07/samsung-galaxy-m36-5g-vang.jpg.webp,samsung-chinh-hang
Samsung Galaxy M35 5G (Pin 6000 mAh),6450000,6.450.000 ₫,https://mobilecity.vn/dien-thoai/samsung-galaxy-m35-5g-pin-6000-mah.html,https://cdn.mobilecity.vn/mobilecity-vn/images/2024/05/samsung-galaxy-m35-5g-xanh-nhat.jpg.webp,samsung-chinh-hang
Samsung Galaxy M52 Chính hãng (Snap 778G),6450000,6.450.000 ₫,https://mobilecity.vn/samsung/samsung-galaxy-m52.html,https://cdn.mobilecity.vn/mobilecity-vn/images/2021/12/galaxy-m-52-mau-xanh-nhat.jpg.webp,samsung-chinh-hang
Samsung Galaxy A54 5G (Chính hãng),6950000,6.950.000 ₫,https://mobilecity.vn/dien-thoai/samsung-galaxy-a54-5g-pin-5100.html,https://cdn.mobilecity.vn/mobilecity-vn/images/2023/03/samsung-galaxy-a54-5g-tim-minh-hoa.jpg.webp,samsung-chinh-hang
Samsung Galaxy S20 FE (Snap 865 - Chính hãng),6950000,6.950.000 ₫,https://mobilecity.vn/dien-thoai/samsung-galaxy-s20-fe-chinh-hang.html,https://cdn.mobilecity.vn/mobilecity-vn/images/2022/03/samsung-galaxy-s20-fe-chinh-hang-xanh-ngoc.jpg.webp,samsung-chinh-hang
Samsung Galaxy M44 5G (Snapdragon 888 5G),6950000,6.950.000 ₫,https://mobilecity.vn/dien-thoai/samsung-galaxy-m44-5g-pin-6000mAh.html,https://cdn.mobilecity.vn/mobilecity-vn/images/2023/09/samsung-galaxy-m44-5g-midnight-blue.jpg.webp,samsung-chinh-hang
"Samsung Galaxy C55 5G (Camera selfie 50MP, sạc 45W)",7050000,7.050.000 ₫,https://mobilecity.vn/dien-thoai/samsung-galaxy-c55-5g-sac-45w.html,https://cdn.mobilecity.vn/mobilecity-vn/images/2024/04/samsung-galaxy-c55-cam.jpg.webp,samsung-chinh-hang
Samsung Galaxy A34 5G Chính hãng (Dimensity 1080),7450000,7.450.000 ₫,https://mobilecity.vn/dien-thoai/samsung-galaxy-a34-5g-pin-trau.html,https://cdn.mobilecity.vn/mobilecity-vn/images/2023/03/samsung-galaxy-a34-5g-xanh-minh-hoa.jpg.webp,samsung-chinh-hang
Samsung Galaxy M56 Chính hãng (siêu mỏng 7.2mm),7450000,7.450.000 ₫,https://mobilecity.vn/dien-thoai/samsung-galaxy-m56-chinh-hang.html,https://cdn.mobilecity.vn/mobilecity-vn/images/2025/04/samsung-galaxy-m56-xanh-la.jpg.webp,samsung-chinh-hang
Samsung Galaxy A53 5G (Chính hãng),7450000,7.450.000 ₫,https://mobilecity.vn/dien-thoai/samsung-galaxy-a53-5g.html,https://cdn.mobilecity.vn/mobilecity-vn/images/2022/03/samsung-galaxy-a53-5g-8.jpg.webp,samsung-chinh-hang
"Samsung Galaxy A55 Chính hãng (5G - Khung Nhôm, IP67)",7450000,7.450.000 ₫,https://mobilecity.vn/dien-thoai/samsung-galaxy-a55-chinh-hang.html,https://cdn.mobilecity.vn/mobilecity-vn/images/2024/03/samsung-galaxy-a55-chinh-hang-iceblue.jpg.webp,samsung-chinh-hang
Samsung Galaxy M55 5G (Cam Selfie 50MP),7550000,7.550.000 ₫,https://mobilecity.vn/dien-thoai/samsung-galaxy-m55-5g-chip-manh.html,https://cdn.mobilecity.vn/mobilecity-vn/images/2024/03/samsung-galaxy-m55-5g-xanh-nhat.jpg.webp,samsung-chinh-hang
Samsung Galaxy F54 (Chính hãng - Exynos 1380),8450000,8.450.000 ₫,https://mobilecity.vn/dien-thoai/samsung-galaxy-f54-chinh-hang-exynos1380.html,https://cdn.mobilecity.vn/mobilecity-vn/images/2023/07/samsung-galaxy-f54-mau-bac-anh-dai-dien.jpg.webp,samsung-chinh-hang
Samsung Galaxy S21 FE 5G (Chính hãng),8450000,8.450.000 ₫,https://mobilecity.vn/samsung/samsung-galaxy-s21-fe.html,https://cdn.mobilecity.vn/mobilecity-vn/images/2022/01/samsung-galaxy-s21-fe-12.jpg.webp,samsung-chinh-hang
Samsung Galaxy A73 5G (Camera 108MP) Chính hãng,9250000,9.250.000 ₫,https://mobilecity.vn/dien-thoai/samsung-galaxy-a73-5g-chinh-hang.html,https://cdn.mobilecity.vn/mobilecity-vn/images/2022/03/samsung-galaxy-a73-trang.jpg.webp,samsung-chinh-hang
Samsung Galaxy A37 Chính hãng (Exynos 1480 - IP68),10150000,10.150.000 ₫,https://mobilecity.vn/dien-thoai/samsung-galaxy-a37-exynos-1480.html,https://cdn.mobilecity.vn/mobilecity-vn/images/2026/03/samsung-galaxy-a37-11.jpg,samsung-chinh-hang
Samsung Galaxy S24 FE 5G Chính hãng,10950000,10.950.000 ₫,https://mobilecity.vn/dien-thoai/samsung-galaxy-s24-fe-5g-chinh-hang.html,https://cdn.mobilecity.vn/mobilecity-vn/images/2024/09/samsung-galaxy-s24-fe-xanh-duong.jpg.webp,samsung-chinh-hang
Samsung Galaxy A57 (Chính hãng - Exynos 1680),12250000,12.250.000 ₫,https://mobilecity.vn/dien-thoai/samsung-galaxy-a57-5g-chinh-hang.html,https://cdn.mobilecity.vn/mobilecity-vn/images/2026/03/samsung-galaxy-a57-00-4.jpg,samsung-chinh-hang
Samsung Galaxy S25 FE Chính hãng,13850000,13.850.000 ₫,https://mobilecity.vn/dien-thoai/samsung-galaxy-s25-fe-chinh-hang.html,https://cdn.mobilecity.vn/mobilecity-vn/images/2025/09/samsung-galaxy-s25-trang.jpg.webp,samsung-chinh-hang
Samsung Galaxy S23 (Chính hãng - Snapdragon 8 Gen 2),14450000,14.450.000 ₫,https://mobilecity.vn/dien-thoai/samsung-galaxy-s23-chinh-hang.html,https://cdn.mobilecity.vn/mobilecity-vn/images/2023/02/samsung-galaxy-s23-chinh-hang-tim.jpg.webp,samsung-chinh-hang
Samsung Galaxy Z Flip5 Chính hãng (Snapdragon 8 Gen 2),14800000,14.800.000 ₫,https://mobilecity.vn/dien-thoai/samsung-galaxy-flip-5-chinh-hang.html,https://cdn.mobilecity.vn/mobilecity-vn/images/2023/07/samsung-galaxy-z-flip-5-green.jpg.webp,samsung-chinh-hang
Samsung Galaxy S22 Chính hãng (Snapdragon 8 Gen 1),15650000,15.650.000 ₫,https://mobilecity.vn/samsung/samsung-galaxy-s22.html,https://cdn.mobilecity.vn/mobilecity-vn/images/2022/03/samsung-galaxy-s22-xanh.jpg.webp,samsung-chinh-hang
Samsung Galaxy S24 Chính hãng (Exynos 2400),15950000,15.950.000 ₫,https://mobilecity.vn/dien-thoai/samsung-galaxy-s24-chinh-hang.html,https://cdn.mobilecity.vn/mobilecity-vn/images/2024/01/samsung-galaxy-s24-den-onyx.jpg.webp,samsung-chinh-hang
Samsung Galaxy S25 Chính hãng,17550000,17.550.000 ₫,https://mobilecity.vn/dien-thoai/samsung-galaxy-s25-chinh-hang.html,https://cdn.mobilecity.vn/mobilecity-vn/images/2025/01/samsung-galaxy-s25-xanh-icy.jpg.webp,samsung-chinh-hang
Samsung Galaxy S22 Ultra (Chính hãng - Snapdragon 8 Gen 1),18450000,18.450.000 ₫,https://mobilecity.vn/samsung/samsung-galaxy-s22-ultra.html,https://cdn.mobilecity.vn/mobilecity-vn/images/2022/02/galaxy-s22-ultra-burgundy.jpg.webp,samsung-chinh-hang
Samsung Galaxy S24 Plus Chính hãng (Exynos 2400),18950000,18.950.000 ₫,https://mobilecity.vn/dien-thoai/samsung-galaxy-s24-plus-thiet-ke-dep.html,https://cdn.mobilecity.vn/mobilecity-vn/images/2024/01/samsung-galaxy-s24-plus-xam-marble.jpg.webp,samsung-chinh-hang
Samsung Galaxy Z Flip 6 5G Chính hãng,19950000,19.950.000 ₫,https://mobilecity.vn/dien-thoai/samsung-galaxy-z-flip6-5G-chinh-hang.html,https://cdn.mobilecity.vn/mobilecity-vn/images/2024/07/samsung-galaxy-z-flip6-xanh-maya.jpg.webp,samsung-chinh-hang
Samsung Galaxy Z Flip 7 FE (Điện thoại gập siêu rẻ),19950000,19.950.000 ₫,https://mobilecity.vn/dien-thoai/samsung-galaxy-z-flip-fe.html,https://cdn.mobilecity.vn/mobilecity-vn/images/2025/07/samsung-galaxy-z-flip7-fe-trang.jpg.webp,samsung-chinh-hang
Samsung Galaxy S25 Edge (Snapdragon 8 Elite),19950000,19.950.000 ₫,https://mobilecity.vn/dien-thoai/samsung-galaxy-s25-slim.html,https://cdn.mobilecity.vn/mobilecity-vn/images/2025/05/samsung-galaxy-s25-edge.jpg.webp,samsung-chinh-hang
Samsung Galaxy S25 Plus Chính hãng (Snapdragon 8 Elite),22150000,22.150.000 ₫,https://mobilecity.vn/dien-thoai/samsung-galaxy-s25-plus-chinh-hang.html,https://cdn.mobilecity.vn/mobilecity-vn/images/2025/01/samsung-galaxy-s25-plus-xanh-navy.jpg.webp,samsung-chinh-hang
Samsung Galaxy Z Flip 7 Chính hãng (Exynos 2500),23450000,23.450.000 ₫,https://mobilecity.vn/dien-thoai/samsung-galaxy-z-flip-7-chinh-hang.html,https://cdn.mobilecity.vn/mobilecity-vn/images/2025/07/samsung-galaxy-z-flip7-cam.jpg.webp,samsung-chinh-hang
Samsung Galaxy Z Fold5 Chính hãng (ĐT Gập - Snapdragon 8 Gen 2),27250000,27.250.000 ₫,https://mobilecity.vn/dien-thoai/samsung-galaxy-z-fold-5-sieu-sang-trong.html,https://cdn.mobilecity.vn/mobilecity-vn/images/2023/07/samsung-galaxy-z-fold-5-cream.jpg.webp,samsung-chinh-hang
Samsung Galaxy Z Fold 6 5G Chính hãng (Galaxy AI),33950000,33.950.000 ₫,https://mobilecity.vn/dien-thoai/samsung-galaxy-z-fold6-5g.html,https://cdn.mobilecity.vn/mobilecity-vn/images/2024/07/samsung-galaxy-z-fold6-xam-metal.jpg.webp,samsung-chinh-hang
Samsung Galaxy Z Fold Special Edition,51250000,51.250.000 ₫,https://mobilecity.vn/dien-thoai/samsung-galaxy-z-fold-special-edition.html,https://cdn.mobilecity.vn/mobilecity-vn/images/2024/10/samsung-galaxy-z-fold-special-den.jpg.webp,samsung-chinh-hang
Samsung Galaxy S21 (Chính hãng),0,Liên hệ,https://mobilecity.vn/samsung/samsung-galaxy-s21.html,https://cdn.mobilecity.vn/mobilecity-vn/images/2022/01/galaxy-s21-tim.jpg,samsung-chinh-hang
Samsung Galaxy M02 (Chính hãng),0,Liên hệ,https://mobilecity.vn/samsung/samsung-galaxy-m02.html,https://cdn.mobilecity.vn/mobilecity-vn/images/2021/11/samsung-galaxy-m02.jpg.webp,samsung-chinh-hang
Samsung Galaxy M15 5G (Dimensity 6100 Plus),0,Liên hệ,https://mobilecity.vn/dien-thoai/samsung-galaxy-m15-5g-dimensity-6100-plus.html,https://cdn.mobilecity.vn/mobilecity-vn/images/2024/03/samsung-galaxy-m15-5g-light-blue.jpg.webp,samsung-chinh-hang
Samsung Galaxy A51 (Chính hãng),0,Liên hệ,https://mobilecity.vn/samsung/samsung-galaxy-a51-chinh-hang.html,https://cdn.mobilecity.vn/mobilecity-vn/images/2021/12/samsung-galaxy-a51-xanh-ngoc-dai-dien.jpg.webp,samsung-chinh-hang
Samsung Galaxy A03 (Chính hãng),0,Liên hệ,https://mobilecity.vn/dien-thoai/samsung-galaxy-a03-chinh-hang.html,https://cdn.mobilecity.vn/mobilecity-vn/images/2022/03/samsung-galaxy-a03-chinh-hang-9.jpg.webp,samsung-chinh-hang
Samsung Galaxy M23 5G (Chính hãng),0,Liên hệ,https://mobilecity.vn/dien-thoai/samsung-galaxy-m23-5g-chinh-hang.html,https://cdn.mobilecity.vn/mobilecity-vn/images/2022/03/samsung-galaxy-m23-xanh-luc-dam.png.webp,samsung-chinh-hang
Samsung Galaxy M33 5G (Chính hãng),0,Liên hệ,https://mobilecity.vn/dien-thoai/samsung-galaxy-m33-5g-chinh-hang.html,https://cdn.mobilecity.vn/mobilecity-vn/images/2022/03/samsung-galaxy-m33-xanh-la.jpg.webp,samsung-chinh-hang
Samsung Galaxy A25 5G (Exynos 1280),0,Liên hệ,https://mobilecity.vn/dien-thoai/samsung-galaxy-a25-5g-exynos-1280.html,https://cdn.mobilecity.vn/mobilecity-vn/images/2023/09/samsung-galaxy-a25-anh-ro-ri-01.jpg.webp,samsung-chinh-hang
Samsung Galaxy S22 FE,0,Liên hệ,https://mobilecity.vn/dien-thoai/samsung-galaxy-s22-fe.html,https://cdn.mobilecity.vn/mobilecity-vn/images/2022/04/samsung-galaxy-s21-fe-00.jpeg.webp,samsung-chinh-hang
Samsung Galaxy M53 5G,0,Liên hệ,https://mobilecity.vn/dien-thoai/samsung-galaxy-m53-5g.html,https://cdn.mobilecity.vn/mobilecity-vn/images/2022/04/samsung-galaxy-m53-5g-nau.jpg.webp,samsung-chinh-hang
Samsung Galaxy Z Flip 4 Chính hãng,0,Liên hệ,https://mobilecity.vn/dien-thoai/samsung-galaxy-z-flip-4.html,https://cdn.mobilecity.vn/mobilecity-vn/images/2022/08/samsung-galaxy-z-flip-4-tim.jpg.webp,samsung-chinh-hang
Samsung Galaxy Note 10 Lite (Chính hãng),0,Liên hệ,https://mobilecity.vn/dien-thoai/samsung-galaxy-note-10-lite-chinh-hang.html,https://cdn.mobilecity.vn/mobilecity-vn/images/2022/06/samsung-galaxy-note-10-lite-ava-1.jpg.webp,samsung-chinh-hang
Samsung Galaxy S22 Plus (Chính hãng),0,Liên hệ,https://mobilecity.vn/samsung/samsung-galaxy-s22-plus.html,https://cdn.mobilecity.vn/mobilecity-vn/images/2022/02/galaxys-22-plus-den.jpg.webp,samsung-chinh-hang
Samsung Galaxy Z Fold 4 Chính hãng (Snapdragon 8+ Gen 1),0,Liên hệ,https://mobilecity.vn/dien-thoai/samsung-galaxy-z-fold-4.html,https://cdn.mobilecity.vn/mobilecity-vn/images/2024/01/samsung-galaxy-z-fold-4-chinh-hang-xanh.jpg.webp,samsung-chinh-hang
Samsung Galaxy S23 Ultra (Chính hãng - Snapdragon 8 Gen 2),0,Liên hệ,https://mobilecity.vn/dien-thoai/samsung-galaxy-s23-ultra.html,https://cdn.mobilecity.vn/mobilecity-vn/images/2023/02/samsung-galaxy-s23-ultra-xanh-dam.jpg.webp,samsung-chinh-hang
Samsung Galaxy A21s (Exynos 850),0,Liên hệ,https://mobilecity.vn/dien-thoai/samsung-galaxy-a21s-exynos-850.html,https://cdn.mobilecity.vn/mobilecity-vn/images/2023/07/samsung-galaxy-a21s-exynos-850-den.jpg.webp,samsung-chinh-hang
Samsung Galaxy A80 (Snapdragon 730),0,Liên hệ,https://mobilecity.vn/dien-thoai/samsung-galaxy-a80-snapdragon-730.html,https://cdn.mobilecity.vn/mobilecity-vn/images/2023/07/samsung-galaxy-a80-snapdragon-730-den.jpg.webp,samsung-chinh-hang
Samsung galaxy A30s (Exynos 7904),0,Liên hệ,https://mobilecity.vn/dien-thoai/samsung-galaxy-a30s-exynos-7904.html,https://cdn.mobilecity.vn/mobilecity-vn/images/2023/07/samsung-galaxy-a30s-exynos-7904-xanh.jpg.webp,samsung-chinh-hang
Samsung Galaxy M55s 5G Chính hãng,0,Liên hệ,https://mobilecity.vn/dien-thoai/samsung-galaxy-m55s-5g.html,https://cdn.mobilecity.vn/mobilecity-vn/images/2024/09/samsung-galaxy-m55s-ro-ri-02.jpg.webp,samsung-chinh-hang
Samsung Galaxy A05 (Chính hãng - Helio G85),2050000,2.050.000 ₫,https://mobilecity.vn/dien-thoai/samsung-galaxy-a05-chinh-hang-helio-g85.html,https://cdn.mobilecity.vn/mobilecity-vn/images/2023/09/samsung-galaxy-a05-trang.jpg.webp,samsung-chinh-hang
Samsung Galaxy A06 5G Chính hãng,2150000,2.150.000 ₫,https://mobilecity.vn/dien-thoai/samsung-galaxy-a06-5g-chinh-hang.html,https://cdn.mobilecity.vn/mobilecity-vn/images/2025/04/samsung-galaxy-a06-5g-xanh-la.jpg.webp,samsung-chinh-hang
Samsung Galaxy A16 Chính hãng (Giảm tận 31%),3450000,3.450.000 ₫,https://mobilecity.vn/dien-thoai/samsung-galaxy-a16-helio-g99.html,https://cdn.mobilecity.vn/mobilecity-vn/images/2025/01/samsung-galaxy-a16-xam-bac.jpg.webp,samsung-chinh-hang
Samsung Galaxy M30s,5250000,5.250.000 ₫,https://mobilecity.vn/samsung/samsung-galaxy-m30s.html,https://cdn.mobilecity.vn/mobilecity-vn/images/2019/11/samsungm30s.jpg.webp,samsung-chinh-hang
Samsung Galaxy S23 FE 5G (Chính hãng),10950000,10.950.000 ₫,https://mobilecity.vn/dien-thoai/samsung-galaxy-s23-fe-gia-re.html,https://cdn.mobilecity.vn/mobilecity-vn/images/2023/10/samsung-galaxy-s23-fe-xanh-mint.jpg.webp,samsung-chinh-hang
Samsung Galaxy S23 Plus (Chính hãng - Snapdragon 8 Gen 2),17450000,17.450.000 ₫,https://mobilecity.vn/dien-thoai/samsung-galaxy-s23-plus-flagship.html,https://cdn.mobilecity.vn/mobilecity-vn/images/2023/02/samsung-galaxy-s23-plus-flagsip-samsung-ngon-nhat-xam.jpg.webp,samsung-chinh-hang
Samsung Galaxy S24 Ultra Chính hãng AI (Snapdragon 8 Gen 3),21950000,21.950.000 ₫,https://mobilecity.vn/dien-thoai/samsung-galaxy-s24-ultra-5g.html,https://cdn.mobilecity.vn/mobilecity-vn/images/2024/01/samsung-galaxy-s24-ultra-xam-titan.jpg.webp,samsung-chinh-hang
Samsung Galaxy S25 Ultra Chính hãng Việt Nam (Rẻ hơn 30%),24150000,24.150.000 ₫,https://mobilecity.vn/dien-thoai/samsung-galaxy-s25-ultra-chinh-hang.html,https://cdn.mobilecity.vn/mobilecity-vn/images/2025/01/samsung-galaxy-s25-ultra-xanh.jpg.webp,samsung-chinh-hang
Samsung Galaxy S26 Plus Chính hãng,25100000,25.100.000 ₫,https://mobilecity.vn/dien-thoai/samsung-galaxy-s26-plus-chinh-hang.html,https://cdn.mobilecity.vn/mobilecity-vn/images/2026/02/samsung-glalaxy-s26-plus-0-8.jpg,samsung-chinh-hang
Samsung Galaxy S26 Ultra Chính hãng (Snapdragon 8 Elite Gen 5),29950000,29.950.000 ₫,https://mobilecity.vn/dien-thoai/samsung-galaxy-s26-ultra-5g.html,https://cdn.mobilecity.vn/mobilecity-vn/images/2026/02/samsung-galaxy-s26-ultra-5g-0-4.jpg,samsung-chinh-hang
Samsung Galaxy Z Fold 7 Chính hãng (Snapdragon 8 Elite For Galaxy),36950000,36.950.000 ₫,https://mobilecity.vn/dien-thoai/samsung-galaxy-z-fold-7.html,https://cdn.mobilecity.vn/mobilecity-vn/images/2025/07/samsung-galaxy-z-fold7-xanh-navy.jpg.webp,samsung-chinh-hang
Samsung Galaxy A20s,2750000,2.750.000 ₫,https://mobilecity.vn/samsung/samsung-galaxy-a20s.html,https://cdn.mobilecity.vn/mobilecity-vn/images/2019/11/a20s.jpg.webp,samsung-chinh-hang
Samsung Galaxy M12 Chính hãng,3400000,3.400.000 ₫,https://mobilecity.vn/samsung/samsung-galaxy-m12-chinh-hang.html,https://cdn.mobilecity.vn/mobilecity-vn/images/2021/10/samsung-galaxy-m12-xanh-neon.jpg.webp,samsung-chinh-hang
Samsung Galaxy Tab A7 Lite (T225 - Chính hãng),3450000,3.450.000 ₫,https://mobilecity.vn/samsung/samsung-galaxy-tab-a7-lite.html,https://cdn.mobilecity.vn/mobilecity-vn/images/2021/12/samsung-galaxy-tab-a7-lite-gray-long-binh.jpg.webp,samsung-chinh-hang
Samsung Galaxy A10s (Helio P22),3450000,3.450.000 ₫,https://mobilecity.vn/dien-thoai/samsung-galaxy-a10s-helio-p22.html,https://cdn.mobilecity.vn/mobilecity-vn/images/2023/07/samsung-galaxy-a10s-mau-den-anh-dai-dien.jpg.webp,samsung-chinh-hang
Samsung Galaxy M32 (Chính hãng),3700000,3.700.000 ₫,https://mobilecity.vn/samsung/samsung-galaxy-m32.html,https://cdn.mobilecity.vn/mobilecity-vn/images/2021/12/samsung-galaxy-m32-1.jpg.webp,samsung-chinh-hang
Samsung Galaxy M22 Chính hãng,4300000,4.300.000 ₫,https://mobilecity.vn/samsung/samsung-galaxy-m22-chinh-hang.html,https://cdn.mobilecity.vn/mobilecity-vn/images/2021/10/samsung-galaxy-m22-xanh-1.jpg.webp,samsung-chinh-hang
Samsung Galaxy A32 Chính hãng,4500000,4.500.000 ₫,https://mobilecity.vn/samsung/samsung-galaxy-a32-5g-chinh-hang.html,https://cdn.mobilecity.vn/mobilecity-vn/images/2021/10/samsung-a32-5g-xanh.jpeg.webp,samsung-chinh-hang
Samsung Galaxy M51 Chính hãng (Snap 730G),5350000,5.350.000 ₫,https://mobilecity.vn/samsung/samsung-galaxy-m51.html,https://cdn.mobilecity.vn/mobilecity-vn/images/2022/03/samsung-galaxy-m51-trang.png.webp,samsung-chinh-hang
Samsung Galaxy A82 (Snapdragon 855+),14300000,14.300.000 ₫,https://mobilecity.vn/dien-thoai/samsung-galaxy-a82-snapdragon-855.html,https://cdn.mobilecity.vn/mobilecity-vn/images/2023/07/samsung-galaxy-a82-mau-tim-anh-dai-dien.jpg.webp,samsung-chinh-hang
Samsung Galaxy S21 Ultra (Chính hãng),25450000,25.450.000 ₫,https://mobilecity.vn/dien-thoai/samsung-galaxy-s21-ultra.html,https://cdn.mobilecity.vn/mobilecity-vn/images/2022/02/samsung-galaxy-s21-ultra-bac-1.jpg.webp,samsung-chinh-hang
Samsung Galaxy M62 (Chính hãng),0,Liên hệ,https://mobilecity.vn/samsung/samsung-galaxy-m62.html,https://cdn.mobilecity.vn/mobilecity-vn/images/2021/11/samsung-galaxy-m62-den.JPG.webp,samsung-chinh-hang
Samsung Galaxy M31 (Chính hãng),0,Liên hệ,https://mobilecity.vn/samsung/samsung-galaxy-m31.html,https://cdn.mobilecity.vn/mobilecity-vn/images/2021/11/samsung-galaxy-m31-1.jpg.webp,samsung-chinh-hang
Samsung Galaxy A02s (Snapdragon 450),0,Liên hệ,https://mobilecity.vn/dien-thoai/samsung-galaxy-a02s-snapdragon-450.html,https://cdn.mobilecity.vn/mobilecity-vn/images/2023/07/samsung-galaxy-a02s-mau-trang-anh-dai-dien.jpg.webp,samsung-chinh-hang
Samsung Galaxy A40 (Exynos 7904),0,Liên hệ,https://mobilecity.vn/dien-thoai/samsung-galaxy-a40-exynos-7904.html,https://cdn.mobilecity.vn/mobilecity-vn/images/2023/07/samsung-galaxy-a40-exynos-7904-xanh.jpg.webp,samsung-chinh-hang
Xiaomi 15 5G - Chính hãng Việt Nam (Snapdragon 8 Elite),15250000,15.250.000 ₫,https://mobilecity.vn/dien-thoai/xiaomi-15-5g-sieu-manh.html,https://cdn.mobilecity.vn/mobilecity-vn/images/2024/10/xiaomi-15-tim.jpg.webp,xiaomi
Xiaomi 17 Pro 5G (Snapdragon 8 Elite Gen 5 - Pin 6300mAh),18650000,18.650.000 ₫,https://mobilecity.vn/dien-thoai/xiaomi-17-pro-5g.html,https://cdn.mobilecity.vn/mobilecity-vn/images/2025/09/xiaomi-17-pro-tim.jpg.webp,xiaomi
Xiaomi 17 Pro Max (Snapdragon 8 Elite Gen 5 - Pin 7500mAh),22650000,22.650.000 ₫,https://mobilecity.vn/dien-thoai/xiaomi-17-pro-max-5g.html,https://cdn.mobilecity.vn/mobilecity-vn/images/2025/09/xiaomi-17-pro-max-xanh-la.jpg.webp,xiaomi
Xiaomi Mi 11 Lite 5G Chính hãng DGW (Kèm sạc 33W),7950000,7.950.000 ₫,https://mobilecity.vn/xiaomi/xiaomi-mi-11-lite-5g-chinh-hang.html,https://cdn.mobilecity.vn/mobilecity-vn/images/2021/11/xiaomi-mi-11-lite-5g-chinh-hang-xanh.jpg.webp,xiaomi
Xiaomi 12T Chính hãng DGW,9450000,9.450.000 ₫,https://mobilecity.vn/dien-thoai/xiaomi-12t.html,https://cdn.mobilecity.vn/mobilecity-vn/images/2022/10/xiaomi-12t-bac.jpg.webp,xiaomi
Xiaomi 13T Chính hãng DGW (Dimensity 8200 Ultra),9450000,9.450.000 ₫,https://mobilecity.vn/dien-thoai/xiaomi-13t-chinh-hang-dimensity.html,https://cdn.mobilecity.vn/mobilecity-vn/images/2023/09/xiaomi-13t-xanh-la.jpg.webp,xiaomi
Xiaomi 12 Pro (Dimensity 9000 Plus),9750000,9.750.000 ₫,https://mobilecity.vn/dien-thoai/xiaomi-12-pro-dimensity-9000-plus.html,https://cdn.mobilecity.vn/mobilecity-vn/images/2022/07/xiaomi-12-pro-dimensity-9000-plus-ava-1-1.jpg.webp,xiaomi
Xiaomi CIVI (Snap 778G),9950000,9.950.000 ₫,https://mobilecity.vn/xiaomi/xiaomi-civi.html,https://cdn.mobilecity.vn/mobilecity-vn/images/2021/10/xiaomi-civi-4.jpg.webp,xiaomi
Xiaomi CIVI 5 Pro (Snapdragon 8s Gen 4),10850000,10.850.000 ₫,https://mobilecity.vn/dien-thoai/xiaomi-civi-5-pro-5g.html,https://cdn.mobilecity.vn/mobilecity-vn/images/2025/05/xiaomi-civi-5-pro-hong.jpg.webp,xiaomi
Xiaomi CIVI 6 (Snapdragon 8s Gen 5 - Pin 6500mAh),10950000,10.950.000 ₫,https://mobilecity.vn/dien-thoai/xiaomi-civi-6.html,https://cdn.mobilecity.vn/mobilecity-vn/images/2025/08/xiaomi-civi-6-minh-hoa-1.jpg.webp,xiaomi
Xiaomi 12S (Snapdragon 8+ Gen 1),10950000,10.950.000 ₫,https://mobilecity.vn/dien-thoai/xiaomi-12s.html,https://cdn.mobilecity.vn/mobilecity-vn/images/2022/07/xiaomi-12s-mau-xanh-ngoc.jpg.webp,xiaomi
Xiaomi 12S Pro,10950000,10.950.000 ₫,https://mobilecity.vn/dien-thoai/xiaomi-12s-pro.html,https://cdn.mobilecity.vn/mobilecity-vn/images/2022/07/xiaomi-12s-pro-trang.jpg.webp,xiaomi
Xiaomi 12T Pro Chính hãng DGW (Camera 200MP),12850000,12.850.000 ₫,https://mobilecity.vn/dien-thoai/xiaomi-12t-pro.html,https://cdn.mobilecity.vn/mobilecity-vn/images/2022/10/xiaomi-12t-pro-bac.png.webp,xiaomi
Xiaomi 17T,12950000,12.950.000 ₫,https://mobilecity.vn/dien-thoai/xiaomi-17t-dimensity8500.html,https://cdn.mobilecity.vn/mobilecity-vn/images/2026/04/xiaomi-17t-dimensity8500-5.jpg,xiaomi
Xiaomi 14 CIVI 5G (Snapdragon 8s Gen 3),13550000,13.550.000 ₫,https://mobilecity.vn/dien-thoai/xiaomi-14-civi-5g-man-amoled-68-ty-mau.html,https://cdn.mobilecity.vn/mobilecity-vn/images/2024/06/xiaomi-14-civi-5g-xanh-la.jpg.webp,xiaomi
Xiaomi 14 Chính hãng (5G - Camera Leica nghệ thuật),14750000,14.750.000 ₫,https://mobilecity.vn/dien-thoai/xiaomi-14-chinh-hang.html,https://cdn.mobilecity.vn/mobilecity-vn/images/2024/03/xiaomi-14-chinh-hang-xanh.jpg.webp,xiaomi
Xiaomi 12S Ultra,14950000,14.950.000 ₫,https://mobilecity.vn/dien-thoai/xiaomi-12s-ultra.html,https://cdn.mobilecity.vn/mobilecity-vn/images/2022/07/xiaomi-12s-ultra-black.jpg.webp,xiaomi
Xiaomi 16 (Snapdragon 8 Elite 2 - Pin 7000mAh),15250000,15.250.000 ₫,https://mobilecity.vn/dien-thoai/xiaomi-16-5g.html,https://cdn.mobilecity.vn/mobilecity-vn/images/2025/08/xiaomi-16-anh-ro-ri.jpg,xiaomi
Xiaomi REDMI K90 Max (Dimensity 9500 - Quạt tản nhiệt),15550000,15.550.000 ₫,https://mobilecity.vn/dien-thoai/xiaomi-redmi-k90-max-quat-tan-nhiet.html,https://cdn.mobilecity.vn/mobilecity-vn/images/2026/04/xiaomi-redmi-k90-max-quat-00.jpg,xiaomi
Xiaomi 17T Pro,15950000,15.950.000 ₫,https://mobilecity.vn/dien-thoai/xiaomi-17t-pro-chinh-hang-pincarbon.html,https://cdn.mobilecity.vn/mobilecity-vn/images/2026/03/xiaomi-17t-pro-000-6.jpg,xiaomi
Xiaomi 15 Pro 5G (Snapdragon 8 Elite),15950000,15.950.000 ₫,https://mobilecity.vn/dien-thoai/xiaomi-15-pro-5g-snapdragon-8-gen-4.html,https://cdn.mobilecity.vn/mobilecity-vn/images/2024/10/xiaomi-15-pro-bac.jpg.webp,xiaomi
Xiaomi 13T Pro Chính hãng (Dimensity 9200 Plus),15990000,15.990.000 ₫,https://mobilecity.vn/dien-thoai/xiaomi-13t-pro-chinh-hang.html,https://cdn.mobilecity.vn/mobilecity-vn/images/2023/09/xiaomi-13t-pro-xanh-duong.jpg.webp,xiaomi
Xiaomi 16 Pro (Có màn hình phụ),16250000,16.250.000 ₫,https://mobilecity.vn/dien-thoai/xiaomi-16-pro-snapdragon-sieu-manh.html,https://cdn.mobilecity.vn/mobilecity-vn/images/2025/07/xiaomi-16-pro-anh-ro-ri-01.jpg.webp,xiaomi
Xiaomi 18,17150000,17.150.000 ₫,https://mobilecity.vn/dien-thoai/xiaomi-18-flagship.html,https://cdn.mobilecity.vn/mobilecity-vn/images/2026/02/xiaomi-18-flagship-00-1.jpg,xiaomi
Xiaomi 16 Pro Max (Snapdragon 8 Elite 2 - Có màn hình phụ),18250000,18.250.000 ₫,https://mobilecity.vn/dien-thoai/xiaomi-16-pro-max.html,https://cdn.mobilecity.vn/mobilecity-vn/images/2025/07/xiaomi-16-pro-max-anh-ro-ri-01.jpg.webp,xiaomi
Xiaomi MIX Flip 5G (Snapdragon 8 Gen 3),19150000,19.150.000 ₫,https://mobilecity.vn/dien-thoai/xiaomi-mix-flip-dien-thoai-gap.html,https://cdn.mobilecity.vn/mobilecity-vn/images/2024/07/xiaomi-mix-flip-tim.jpg.webp,xiaomi
Xiaomi 13 Ultra (Snapdragon 8 Gen 2),19450000,19.450.000 ₫,https://mobilecity.vn/dien-thoai/xiaomi-13-ultra-chua-te-camera.html,https://cdn.mobilecity.vn/mobilecity-vn/images/2023/04/xiaomi-13-ultra-xanh.jpg.webp,xiaomi
Xiaomi 14 Ultra 5G (Snapdragon 8 Gen 3 - Camera khủng),19950000,19.950.000 ₫,https://mobilecity.vn/dien-thoai/xiaomi-14-ultra.html,https://cdn.mobilecity.vn/mobilecity-vn/images/2024/02/xiaomi-14-ultra-den.jpg.webp,xiaomi
Xiaomi 16 Ultra (Snapdragon 8 Elite 2 - Pin 7000mAh),19950000,19.950.000 ₫,https://mobilecity.vn/dien-thoai/xiaomi-16-ultra-dinh-cao-nhiep-anh.html,https://cdn.mobilecity.vn/mobilecity-vn/images/2025/07/xiaomi-16-ultra-minh-hoa.jpg.webp,xiaomi
Xiaomi 15S Pro (Camera đỉnh cao - Xring O1),19950000,19.950.000 ₫,https://mobilecity.vn/dien-thoai/xiaomi-15s-pro-cau-hinh-cao.html,https://cdn.mobilecity.vn/mobilecity-vn/images/2025/05/xiaomi-15s-pro-den-cac-bon.jpg.webp,xiaomi
Xiaomi Mi MIX Fold ( Siêu điện thoại màn gập),20000000,20.000.000 ₫,https://mobilecity.vn/xiaomi/xiaomi-mi-mix-fold.html,https://cdn.mobilecity.vn/mobilecity-vn/images/2021/04/xiaomi-mi-mix-fold-2.jpg.webp,xiaomi
Xiaomi MIX Flip 2 (Snapdragon 8 Elite),21850000,21.850.000 ₫,https://mobilecity.vn/dien-thoai/xiaomi-mix-flip-2.html,https://cdn.mobilecity.vn/mobilecity-vn/images/2025/06/xiaomi-mix-flip-2-vang-1.jpg.webp,xiaomi
Xiaomi 17 Ultra (Snapdragon 8 Elite Gen 5 - Pin 6800mAh),25950000,25.950.000 ₫,https://mobilecity.vn/dien-thoai/xiaomi-17-ultra-5g.html,https://cdn.mobilecity.vn/mobilecity-vn/images/2025/12/xiaomi-17-ultra-5g-mau-2.jpg,xiaomi
Xiaomi MIX Fold 4 5G (Snapdragon 8 Gen 3),31250000,31.250.000 ₫,https://mobilecity.vn/dien-thoai/xiaomi-mix-fold-4-snapdragon-8-gen-3.html,https://cdn.mobilecity.vn/mobilecity-vn/images/2024/07/xiaomi-mix-fold-4-xanh.jpg.webp,xiaomi
Xiaomi MIX Fold 2,31450000,31.450.000 ₫,https://mobilecity.vn/dien-thoai/xiaomi-mix-fold-2.html,https://cdn.mobilecity.vn/mobilecity-vn/images/2022/08/xiaomi-mix-fold-2-vang.jpg.webp,xiaomi
Xiaomi MIX 5,0,Liên hệ,https://mobilecity.vn/dien-thoai/xiaomi-mix-5.html,https://cdn.mobilecity.vn/mobilecity-vn/images/2022/01/xiaomi-mix-5-tim.jpg.webp,xiaomi
Xiaomi Black Shark 5 Pro China Aerospace Edition,0,Liên hệ,https://mobilecity.vn/dien-thoai/xiaomi-black-shark-5-pro-china-aerospace-edition.html,https://cdn.mobilecity.vn/mobilecity-vn/images/2022/04/xiaomi-black-shark-5-pro-china-aerospace-edition-0.png.webp,xiaomi
Xiaomi Black Shark 5S,0,Liên hệ,https://mobilecity.vn/dien-thoai/xiaomi-black-shark-5s.html,https://cdn.mobilecity.vn/mobilecity-vn/images/2022/06/xiaomi-black-shark-5s.jpg.webp,xiaomi
Xiaomi 12 Lite Chính hãng,0,Liên hệ,https://mobilecity.vn/dien-thoai/xiaomi-12-lite-chinh-hang.html,https://cdn.mobilecity.vn/mobilecity-vn/images/2022/09/xiaomi-12-lite-xanh-chinh-hang.jpg.webp,xiaomi
Xiaomi 12 Ultra,0,Liên hệ,https://mobilecity.vn/xiaomi/xiaomi-12-ultra.html,https://cdn.mobilecity.vn/mobilecity-vn/images/2022/01/xiaomi-12-ultra-dai-dien-den.jpg.webp,xiaomi
Xiaomi SU7 (Ô tô điện chạy 800km/1 lần sạc),0,Liên hệ,https://mobilecity.vn/dien-thoai/xiaomi-su7-o-to-dien.html,https://cdn.mobilecity.vn/mobilecity-vn/images/2024/03/xiaomi-su7-xanh-duong.jpg.webp,xiaomi
"Xiaomi 14 Pro Plus (Màn hình QHD+, Snapdragon 8 Gen 3)",0,Liên hệ,https://mobilecity.vn/dien-thoai/xiaomi-14-pro-plus.html,https://cdn.mobilecity.vn/mobilecity-vn/images/2023/07/xiaomi-14-pro-plus-minh-hoa-0.jpg.webp,xiaomi
Xiaomi 13 cũ,6650000,6.650.000 ₫,https://mobilecity.vn/dien-thoai/xiaomi-13-cu-snap-8-gen-2.html,https://cdn.mobilecity.vn/mobilecity-vn/images/2023/03/xiaomi-13-old-den.jpg.webp,xiaomi
Xiaomi 11 Lite 5G NE (Chính hãng DGW),6850000,6.850.000 ₫,https://mobilecity.vn/xiaomi/xiaomi-11-lite-5g-ne.html,https://cdn.mobilecity.vn/mobilecity-vn/images/2021/11/xiaomi-mi-11-lite-5g-chinh-hang-hong.jpg.webp,xiaomi
Xiaomi 13 (Giá rẻ hơn 7tr),7950000,7.950.000 ₫,https://mobilecity.vn/dien-thoai/xiaomi-13.html,https://cdn.mobilecity.vn/mobilecity-vn/images/2022/12/xiaomi-13-xanh-mint-1.png.webp,xiaomi
Xiaomi 13 Lite Chính hãng (Snapdragon 7 Gen 1),8750000,8.750.000 ₫,https://mobilecity.vn/dien-thoai/xiaomi-13-lite-snapdragon-7-gen-1.html,https://cdn.mobilecity.vn/mobilecity-vn/images/2023/02/xiaomi-13-lite-snapdragon-7-gen-1-pink.jpg.webp,xiaomi
Xiaomi 13 Pro,9650000,9.650.000 ₫,https://mobilecity.vn/dien-thoai/xiaomi-13-pro-sac-120w.html,https://cdn.mobilecity.vn/mobilecity-vn/images/2022/12/xiaomi-13-pro-sac-120w-trang.png.webp,xiaomi
Xiaomi 14T Chính hãng DGW (Dimensity 8300 Ultra),9950000,9.950.000 ₫,https://mobilecity.vn/dien-thoai/xiaomi-14t-hieu-nang-sieu-manh.html,https://cdn.mobilecity.vn/mobilecity-vn/images/2024/09/xiaomi-14t-titan-xanh.jpg.webp,xiaomi
Xiaomi 15T Chính hãng (Dimensity 8400 Ultra),10050000,10.050.000 ₫,https://mobilecity.vn/dien-thoai/xiaomi-15t-chinh-hang.html,https://cdn.mobilecity.vn/mobilecity-vn/images/2025/09/xiaomi-15t-vang-hong-1.jpg.webp,xiaomi
Xiaomi 14 5G (Snapdragon 8 Gen 3),12250000,12.250.000 ₫,https://mobilecity.vn/dien-thoai/xiaomi-14-snap-8-gen-2-android-13.html,https://cdn.mobilecity.vn/mobilecity-vn/images/2023/10/xiaomi-14-hong.jpg.webp,xiaomi
Xiaomi 14T Pro Chính hãng DGW (Dimensity 9300 Plus),12800000,12.800.000 ₫,https://mobilecity.vn/dien-thoai/xiaomi-14t-pro-5g.html,https://cdn.mobilecity.vn/mobilecity-vn/images/2024/09/xiaomi-14t-pro-titan-xam.jpg.webp,xiaomi
Xiaomi 15T Pro Chính hãng (Dimensity 9400 Plus - Pin 5500 mAh),14150000,14.150.000 ₫,https://mobilecity.vn/dien-thoai/xiaomi-15t-pro-chinh-hang.html,https://cdn.mobilecity.vn/mobilecity-vn/images/2025/09/xiaomi-15t-pro-xam.jpg.webp,xiaomi
Xiaomi 17 (Snapdragon 8 Elite Gen 5 - Pin 7000mAh),16250000,16.250.000 ₫,https://mobilecity.vn/dien-thoai/xiaomi-17-5g.html,https://cdn.mobilecity.vn/mobilecity-vn/images/2025/09/xiaomi-17-hong.jpg.webp,xiaomi
Xiaomi 14 Pro 5G (Snapdragon 8 Gen 3),16250000,16.250.000 ₫,https://mobilecity.vn/dien-thoai/xiaomi-14-pro-xach-tay-snapdragon-8-gen-2.html,https://cdn.mobilecity.vn/mobilecity-vn/images/2023/10/xiaomi-14-pro-titanium.jpg.webp,xiaomi
Xiaomi 15 Ultra 5G - Chính hãng Việt Nam (Snapdragon 8 Elite),19450000,19.450.000 ₫,https://mobilecity.vn/dien-thoai/xiaomi-15-ultra-5g.html,https://cdn.mobilecity.vn/mobilecity-vn/images/2025/02/xiaomi-15-ultra-bac-den.jpg.webp,xiaomi
"Xiaomi Mi 8 Lite (Youth Edition) - RAM 4GB, 6GB",2950000,2.950.000 ₫,https://mobilecity.vn/xiaomi/xiaomi-mi-8-youth-edition.html,https://cdn.mobilecity.vn/mobilecity-vn/images/2019/01/xiaomi-mi-8-lite-hong.jpg.webp,xiaomi
Xiaomi Mi CC9e,3250000,3.250.000 ₫,https://mobilecity.vn/xiaomi/mi-cc9e.html,https://cdn.mobilecity.vn/mobilecity-vn/images/2019/07/mi-cc9e-blue.jpg.webp,xiaomi
Xiaomi Mi CC9,4650000,4.650.000 ₫,https://mobilecity.vn/xiaomi/xiaomi-mi-cc9.html,https://cdn.mobilecity.vn/mobilecity-vn/images/2019/07/cc9-black.jpg.webp,xiaomi
Xiaomi Mi 10 Lite (Youth Edition),5850000,5.850.000 ₫,https://mobilecity.vn/xiaomi/xiaomi-mi-10-lite.html,https://cdn.mobilecity.vn/mobilecity-vn/images/2020/04/xiaomi-mi-10-lite-xanh.jpg.webp,xiaomi
Xiaomi Mi 8 Pro (Vân tay trên Màn hình),5950000,5.950.000 ₫,https://mobilecity.vn/xiaomi/xiaomi-mi-8-pro.html,https://cdn.mobilecity.vn/mobilecity-vn/images/2019/01/xiaomi-mi-8-pro-vang.jpg.webp,xiaomi
Xiaomi 12 Lite,6050000,6.050.000 ₫,https://mobilecity.vn/xiaomi/xiaomi-12-lite.html,https://cdn.mobilecity.vn/mobilecity-vn/images/2022/07/xiaomi-12-lite-hong0.jpg.webp,xiaomi
Xiaomi Mi 9T,6750000,6.750.000 ₫,https://mobilecity.vn/xiaomi/xiaomi-mi-9t.html,https://cdn.mobilecity.vn/mobilecity-vn/images/2019/07/mi-9t-red.jpg.webp,xiaomi
"Xiaomi Mi Mix 3 (128GB, RAM 6, 8GB)",6850000,6.850.000 ₫,https://mobilecity.vn/xiaomi/xiaomi-mi-mix-3.html,https://cdn.mobilecity.vn/mobilecity-vn/images/2019/01/xiaomi-mi-mix3-den.jpg.webp,xiaomi
"Xiaomi Mi 9 (RAM 6GB, 8GB)",7450000,7.450.000 ₫,https://mobilecity.vn/xiaomi/xiaomi-mi-9.html,https://cdn.mobilecity.vn/mobilecity-vn/images/2023/07/xiaomi-mi-9-den-cu-11-1.jpg.webp,xiaomi
Xiaomi Mi CC9 Pro,8450000,8.450.000 ₫,https://mobilecity.vn/xiaomi/xiaomi-mi-cc9-pro.html,https://cdn.mobilecity.vn/mobilecity-vn/images/2019/11/mi-cc9-pro-blue.jpg.webp,xiaomi
Xiaomi Mi 9 Pro 5G,10000000,10.000.000 ₫,https://mobilecity.vn/xiaomi/xiaomi-mi-9-pro.html,https://cdn.mobilecity.vn/mobilecity-vn/images/2019/09/xiaomi-mi-9-pro-5g-white.jpg.webp,xiaomi
Xiaomi Mi 10,11650000,11.650.000 ₫,https://mobilecity.vn/xiaomi/xiaomi-mi-10.html,https://cdn.mobilecity.vn/mobilecity-vn/images/2020/02/xiaomi-mi10-xanh.jpg.webp,xiaomi
Xiaomi Black Shark 5 Pro,15450000,15.450.000 ₫,https://mobilecity.vn/xiaomi/xiaomi-black-shark-5-pro.html,https://cdn.mobilecity.vn/mobilecity-vn/images/2022/03/xiaomi-black-shark-5-pro-white.jpg.webp,xiaomi
Xiaomi Mi 10 Ultra,18250000,18.250.000 ₫,https://mobilecity.vn/xiaomi/xiaomi-mi-10-ultra.html,https://cdn.mobilecity.vn/mobilecity-vn/images/2021/07/xiaomi-mi-10-ultra-trang.jpg.webp,xiaomi
Xiaomi Mi Play,20000000,20.000.000 ₫,https://mobilecity.vn/xiaomi/xiaomi-play.html,https://cdn.mobilecity.vn/mobilecity-vn/images/2019/01/xiaomi-mi-play-hong.jpg.webp,xiaomi
Xiaomi Mi 10T 5G (Chính Hãng),0,Liên hệ,https://mobilecity.vn/xiaomi/xiaomi-mi-10t-5g.html,https://cdn.mobilecity.vn/mobilecity-vn/images/2020/10/xiaomi-mi-10t-5g-1.png.webp,xiaomi
Xiaomi Mi 8 EE (Explorer Edition),0,Liên hệ,https://mobilecity.vn/xiaomi/xiaomi-mi-8-ee.html,https://cdn.mobilecity.vn/mobilecity-vn/images/2019/01/xiaomi-mi-ee-den.jpg.webp,xiaomi
"Xiaomi Black Shark 2 (RAM 6GB, 8GB)",3450000,3.450.000 ₫,https://mobilecity.vn/xiaomi/xiaomi-black-shark-2.html,https://cdn.mobilecity.vn/mobilecity-vn/images/2019/04/xiaomi-black-shark-2-blackkk.JPG.webp,xiaomi
Xiaomi Black Shark 2 Pro (Gaming Phone),3650000,3.650.000 ₫,https://mobilecity.vn/xiaomi/black-shark-2-pro.html,https://cdn.mobilecity.vn/mobilecity-vn/images/2023/05/xiaomi-black-shark-2-pro-22.jpg.webp,xiaomi
"Xiaomi Mi 8 SE ( RAM 4GB, 6GB)",4150000,4.150.000 ₫,https://mobilecity.vn/xiaomi/xiaomi-mi-8-se.html,https://cdn.mobilecity.vn/mobilecity-vn/images/2019/01/xiaomi-mi-8-se-xanh.jpg.webp,xiaomi
Xiaomi Black Shark 3 5G (Gaming Phone),4550000,4.550.000 ₫,https://mobilecity.vn/xiaomi/xiaomi-black-shark-3.html,https://cdn.mobilecity.vn/mobilecity-vn/images/2023/04/xiaomi-black-shark-3-xam.jpg.webp,xiaomi
Xiaomi Black Shark 3 Pro 5G (Snapdragon 865 - Màn 2K+),4590000,4.590.000 ₫,https://mobilecity.vn/xiaomi/xiaomi-black-shark-3-pro.html,https://cdn.mobilecity.vn/mobilecity-vn/images/2023/04/xiaomi-black-shark-3-pro-den.jpg.webp,xiaomi
Xiaomi Mi Pad 4 (4G-LTE),4950000,4.950.000 ₫,https://mobilecity.vn/xiaomi/xiaomi-mi-pad-4-4g-lte.html,https://cdn.mobilecity.vn/mobilecity-vn/images/2019/08/mi-pad-4-plus-black.jpg.webp,xiaomi
"Xiaomi Mi 9 SE (RAM 6GB, 8GB)",5750000,5.750.000 ₫,https://mobilecity.vn/xiaomi/xiaomi-mi-9-se.html,https://cdn.mobilecity.vn/mobilecity-vn/images/2019/04/xiaomi-mi-9-blackk.jpg.webp,xiaomi
Xiaomi Mi 11 Lite 5G (Youth Edition) - Kèm sạc 33W,6850000,6.850.000 ₫,https://mobilecity.vn/xiaomi/xiaomi-mi-11-lite-youth-edition.html,https://cdn.mobilecity.vn/mobilecity-vn/images/2021/07/xiaomi-mi-11-lite-5g-xanh-1.jpg.webp,xiaomi
Xiaomi Black Shark 5 RS,7950000,7.950.000 ₫,https://mobilecity.vn/dien-thoai/xiaomi-black-shark-5-rs.html,https://cdn.mobilecity.vn/mobilecity-vn/images/2022/04/black-shark-5-rs-vang.jpg.webp,xiaomi
Xiaomi 11T 5G (Chính hãng DGW),8150000,8.150.000 ₫,https://mobilecity.vn/xiaomi/xiaomi-11t.html,https://cdn.mobilecity.vn/mobilecity-vn/images/2021/10/mi-11t-xanh.jpeg.webp,xiaomi
Xiaomi CIVI 1S,8450000,8.450.000 ₫,https://mobilecity.vn/dien-thoai/xiaomi-civi-1s.html,https://cdn.mobilecity.vn/mobilecity-vn/images/2022/04/xiaomi-civi-1s-white.jpg.webp,xiaomi
Xiaomi Black Shark 5,8550000,8.550.000 ₫,https://mobilecity.vn/xiaomi/xiaomi-black-shark-5.html,https://cdn.mobilecity.vn/mobilecity-vn/images/2022/05/xiaomi-black-shark-5-xam.jpg.webp,xiaomi
"Xiaomi Black Shark Helo (RAM 6GB, 8GB)",8950000,8.950.000 ₫,https://mobilecity.vn/xiaomi/xiaomi-black-shark-helo.html,https://cdn.mobilecity.vn/mobilecity-vn/images/2019/01/xiaomi-black-shark-helo-black-shark-2-den.jpg.webp,xiaomi
Xiaomi Mi CC9 Meitu Edition,8950000,8.950.000 ₫,https://mobilecity.vn/xiaomi/xiaomi-mi-cc9-meitu-edition.html,https://cdn.mobilecity.vn/mobilecity-vn/images/2019/09/mc-xiaomi-mi-cc9-meitu-custom-edition.jpg.webp,xiaomi
Xiaomi Black Shark 4 (màn hình 144 Hz),9450000,9.450.000 ₫,https://mobilecity.vn/xiaomi/xiaomi-black-shark-4.html,https://cdn.mobilecity.vn/mobilecity-vn/images/2021/03/xiaomi-black-shark-4-3-3.jpg.webp,xiaomi
"Xiaomi 12 Pro (Snapdragon 8 Gen1, Sạc 120W)",9750000,9.750.000 ₫,https://mobilecity.vn/xiaomi/xiaomi-12-pro.html,https://cdn.mobilecity.vn/mobilecity-vn/images/2023/05/xiaomi-12-pro-xanh.jpg.webp,xiaomi
Xiaomi Mi 11 (Snapdragon 888),10850000,10.850.000 ₫,https://mobilecity.vn/xiaomi/xiaomi-mi-11.html,https://cdn.mobilecity.vn/mobilecity-vn/images/2021/07/xiaomi-mi-11-trang-1.png.webp,xiaomi
Xiaomi 12X (Snapdragon 870),10950000,10.950.000 ₫,https://mobilecity.vn/xiaomi/xiaomi-12x.html,https://cdn.mobilecity.vn/mobilecity-vn/images/2021/12/xiaomi-12x.jpg.webp,xiaomi
Xiaomi 11T Pro 5G (Chính hãng),11500000,11.500.000 ₫,https://mobilecity.vn/xiaomi/xiaomi-11t-pro.html,https://cdn.mobilecity.vn/mobilecity-vn/images/2021/10/mi-11t-den.jpeg.webp,xiaomi
Xiaomi Black Shark 5 China Aerospace Edition,12950000,12.950.000 ₫,https://mobilecity.vn/dien-thoai/xiaomi-black-shark-5-china-aerospace-edition.html,https://cdn.mobilecity.vn/mobilecity-vn/images/2022/03/xiaomi-black-shark-5-china-aerospace-edition-10.jpg.webp,xiaomi
"Xiaomi Black Shark 6 (Snapdragon 8 Gen 2, màn 2K)",13450000,13.450.000 ₫,https://mobilecity.vn/dien-thoai/xiaomi-black-shark-6-chinh-hang.html,https://cdn.mobilecity.vn/mobilecity-vn/images/2023/03/black-shark-6-hien-minh-hoa-03.jpg.webp,xiaomi
Xiaomi 12 (Chính hãng DGW),14650000,14.650.000 ₫,https://mobilecity.vn/dien-thoai/xiaomi-12-chinh-hang.html,https://cdn.mobilecity.vn/mobilecity-vn/images/2021/12/xiaomi-12-xanh.jpg.webp,xiaomi
Xiaomi Mi 10 Pro,15950000,15.950.000 ₫,https://mobilecity.vn/xiaomi/xiaomi-mi-10-pro.html,https://cdn.mobilecity.vn/mobilecity-vn/images/2020/02/mi10-pro.jpg.webp,xiaomi
"Xiaomi Mix 4 (Snapdragon 888+, Sạc 120W)",16450000,16.450.000 ₫,https://mobilecity.vn/xiaomi/xiaomi-mi-mix-4.html,https://cdn.mobilecity.vn/mobilecity-vn/images/2022/04/xiaomi-mix-4-2-1.jpg.webp,xiaomi
Xiaomi Black Shark 4S Pro (Màn 144 Hz),16950000,16.950.000 ₫,https://mobilecity.vn/xiaomi/xiaomi-black-shark-4s-pro.html,https://cdn.mobilecity.vn/mobilecity-vn/images/2021/10/black-shark-4s-pro-1.jpg.webp,xiaomi
Xiaomi 12 Pro (Chính hãng DGW),19950000,19.950.000 ₫,https://mobilecity.vn/dien-thoai/xiaomi-12-pro-chinh-hang.html,https://cdn.mobilecity.vn/mobilecity-vn/images/2022/03/xiaomi-12-pro-chinh-hang-hong.jpg.webp,xiaomi
Xiaomi MIX Fold 3 5G (Snapdragon 8 Gen 2 - Xung nhịp cao),30950000,30.950.000 ₫,https://mobilecity.vn/dien-thoai/xiaomi-mix-fold-3-cau-hinh-manh.html,https://cdn.mobilecity.vn/mobilecity-vn/images/2023/08/xiaomi-mix-fold-3-den-van-carbon.jpg.webp,xiaomi
Sugar A100,0,Liên hệ,https://mobilecity.vn/xiaomi/sugar-a100.html,https://cdn.mobilecity.vn/mobilecity-vn/images/2022/01/sugar-a100-xanh.jpg.webp,xiaomi
Xiaomi Black Shark 5S Pro,0,Liên hệ,https://mobilecity.vn/dien-thoai/xiaomi-black-shark-5s-pro.html,https://cdn.mobilecity.vn/mobilecity-vn/images/2022/06/xiaomi-black-shark-5s-pro-1.jpg.webp,xiaomi
Xiaomi Black Shark 4 Pro (Màn 144 Hz - Trigger cơ),0,Liên hệ,https://mobilecity.vn/dien-thoai/xiaomi-black-shark-4-pro-man-144-hz-trigger.html,https://cdn.mobilecity.vn/mobilecity-vn/images/2023/04/black-shark-4-pro-den.jpg.webp,xiaomi
Xiaomi CIVI 4 5G (Snapdragon 7 Gen 3),0,Liên hệ,https://mobilecity.vn/dien-thoai/xiaomi-civi-4-5g-chip-manh.html,https://cdn.mobilecity.vn/mobilecity-vn/images/2023/09/xiaomi-civi-4-minh-hoa.jpg.webp,xiaomi
Xiaomi Redmi A1+ (Cảm biến vân tay - Pin 5000mAh),2750000,2.750.000 ₫,https://mobilecity.vn/dien-thoai/xiaomi-redmi-a1-plus-van-tay.html,https://cdn.mobilecity.vn/mobilecity-vn/images/2023/01/xiaomi-redmi-a1-plus-xanh-la.jpg.webp,redmi
Xiaomi Redmi Note 13 5G China (Dimensity 6080),3550000,3.550.000 ₫,https://mobilecity.vn/dien-thoai/xiaomi-redmi-note-13-gia-re.html,https://cdn.mobilecity.vn/mobilecity-vn/images/2023/09/xiaomi-redmi-note-13-5g-trang.jpg.webp,redmi
Xiaomi Redmi Note 13 Pro 5G (Snapdragon 7s Gen 2),3950000,3.950.000 ₫,https://mobilecity.vn/dien-thoai/xiaomi-redmi-note-13-pro-cau-hinh-manh.html,https://cdn.mobilecity.vn/mobilecity-vn/images/2023/09/xiaomi-redmi-note-13-pro-5g-trang.jpg.webp,redmi
Xiaomi REDMI Note 14 5G (Chính hãng - 3 camera 108MP),5550000,5.550.000 ₫,https://mobilecity.vn/dien-thoai/xiaomi-redmi-note-14-5g-quoc-te.html,https://cdn.mobilecity.vn/mobilecity-vn/images/2024/12/redmi-note-14-quoc-te-tim.jpg.webp,redmi
Xiaomi Redmi Turbo 4 (Dimensity 8400 Ultra),6550000,6.550.000 ₫,https://mobilecity.vn/dien-thoai/xiaomi-redmi-turbo-4-cuc-manh.html,https://cdn.mobilecity.vn/mobilecity-vn/images/2025/01/redmi-turbo-4-trang.jpg.webp,redmi
Xiaomi Redmi Note 13 Pro 4G Chính hãng (Helio G99 Ultra),6950000,6.950.000 ₫,https://mobilecity.vn/dien-thoai/xiaomi-redmi-note-13-pro-4g-helio-g99-ultra.html,https://cdn.mobilecity.vn/mobilecity-vn/images/2024/03/xiaomi-redmi-note-13-pro-4g-chinh-hang-xanh.jpg.webp,redmi
Xiaomi REDMI Turbo 4 Pro 5G (Snapdragon 8s Gen 4 - Pin 7550mAh),7750000,7.750.000 ₫,https://mobilecity.vn/dien-thoai/xiaomi-redmi-turbo-4-pro-5g.html,https://cdn.mobilecity.vn/mobilecity-vn/images/2025/07/redmi-turbo-4-pro-vang.jpg.webp,redmi
REDMI Turbo 5 Max (Dimensity 9500s - Pin 9000mAh),8750000,8.750.000 ₫,https://mobilecity.vn/dien-thoai/redmi-turbo-5-max-dimensity-9500s.html,https://cdn.mobilecity.vn/mobilecity-vn/images/2026/01/redmi-turbo-5-max-dimensity-9500s-10.jpg,redmi
Xiaomi REDMI K90 (Snapdragon 8 Elite - Pin 7100mAh),9950000,9.950.000 ₫,https://mobilecity.vn/dien-thoai/xiaomi-redmi-k90-5g.html,https://cdn.mobilecity.vn/mobilecity-vn/images/2025/10/redmi-k90-xanh.jpg,redmi
Xiaomi REDMI K90 Pro Max (Snapdragon 8 Elite Gen 5),14950000,14.950.000 ₫,https://mobilecity.vn/dien-thoai/xiaomi-redmi-k90-pro-max.html,https://cdn.mobilecity.vn/mobilecity-vn/images/2025/10/redmi-k90-pro-max-xanh-duong.jpg,redmi
Xiaomi Redmi A3x (Mặt lưng kính - Màn IPS LCD 90Hz),1750000,1.750.000 ₫,https://mobilecity.vn/dien-thoai/xiaomi-redmi-a3x-man-hinh-90hz.html,https://cdn.mobilecity.vn/mobilecity-vn/images/2024/05/xiaomi-redmi-a3x-den.jpg.webp,redmi
Xiaomi Redmi 13R 5G (Màn hình 90Hz),2250000,2.250.000 ₫,https://mobilecity.vn/dien-thoai/xiaomi-redmi-13r-5g-man-hinh-90hz.html,https://cdn.mobilecity.vn/mobilecity-vn/images/2023/12/xiaomi-redmi-13r-5g-tim.jpg.webp,redmi
Xiaomi Redmi A3 Pro Global (Helio G81 Ultra),2350000,2.350.000 ₫,https://mobilecity.vn/dien-thoai/xiaomi-redmi-a3-pro-global.html,https://cdn.mobilecity.vn/mobilecity-vn/images/2024/09/xiaomi-redmi-a3-pro-minh-hoa.jpg.webp,redmi
Xiaomi Redmi 10A (Chính hãng DGW),2450000,2.450.000 ₫,https://mobilecity.vn/dien-thoai/xiaomi-redmi-10a.html,https://cdn.mobilecity.vn/mobilecity-vn/images/2022/03/redmi-10a-xanh.png.webp,redmi
Xiaomi Redmi 13C 5G (Dimensity 6100 Plus),2550000,2.550.000 ₫,https://mobilecity.vn/dien-thoai/xiaomi-redmi-13c-5g-dimensity-6100-plus.html,https://cdn.mobilecity.vn/mobilecity-vn/images/2023/12/xiaomi-redmi-13c-5g-tim.jpg.webp,redmi
Xiaomi Redmi Note 12R (Snapdragon 4 Gen 2),2550000,2.550.000 ₫,https://mobilecity.vn/dien-thoai/xiaomi-redmi-note-12r-snapdragon-4-gen-2.html,https://cdn.mobilecity.vn/mobilecity-vn/images/2023/06/xiaomi-redmi-note-12r-xanh.jpg.webp,redmi
Xiaomi REDMI A4 5G (Snapdragon 4s Gen 2),2550000,2.550.000 ₫,https://mobilecity.vn/dien-thoai/xiaomi-redmi-a4-5g-snapdragon-4s-gen-2.html,https://cdn.mobilecity.vn/mobilecity-vn/images/2024/12/redmi-a4-5g-tim.jpg.webp,redmi
Xiaomi Redmi 13C Chính hãng (Camera 50MP),2600000,2.600.000 ₫,https://mobilecity.vn/dien-thoai/xiaomi-redmi-13c-camera-50mp.html,https://cdn.mobilecity.vn/mobilecity-vn/images/2023/11/xiaomi-redmi-13c-xanh-duong.jpg.webp,redmi
"Xiaomi Redmi 10C (Chính hãng, Snapdragon 680)",2650000,2.650.000 ₫,https://mobilecity.vn/dien-thoai/xiaomi-redmi-10c-chinh-hang.html,https://cdn.mobilecity.vn/mobilecity-vn/images/2022/03/xiaomi-redmi-10c-xanh-lam.png.webp,redmi
itel Power 55 5G (Dimensity 6080),2850000,2.850.000 ₫,https://mobilecity.vn/dien-thoai/itel-power-55-5g-dimensity-6080.html,https://cdn.mobilecity.vn/mobilecity-vn/images/2023/09/itel-power-55-5g-xanh-la.jpg.webp,redmi
Xiaomi Redmi Note 11 5G (Dimensity 810),2950000,2.950.000 ₫,https://mobilecity.vn/dien-thoai/xiaomi-redmi-note-11-5g-dimensity-810.html,https://cdn.mobilecity.vn/mobilecity-vn/images/2023/07/xiaomi-redmi-note-11-5g-dimensity-810-blue.jpg.webp,redmi
Xiaomi REDMI 14C 5G (Snapdragon 4 Gen 2),2950000,2.950.000 ₫,https://mobilecity.vn/dien-thoai/xiaomi-redmi-14c-5g.html,https://cdn.mobilecity.vn/mobilecity-vn/images/2025/01/xiaomi-redmi-14c-5g-xanh-duong.jpg.webp,redmi
itel S23 Plus (Màn hình AMOLED cong),2950000,2.950.000 ₫,https://mobilecity.vn/dien-thoai/itel-s23-plus-man-hinh-cong.html,https://cdn.mobilecity.vn/mobilecity-vn/images/2023/09/itel-s23-plus-cyan.jpg.webp,redmi
Xiaomi Redmi 13 4G (Helio G91 Ultra),2950000,2.950.000 ₫,https://mobilecity.vn/dien-thoai/xiaomi-redmi-13-4g-chip-8-nhan.html,https://cdn.mobilecity.vn/mobilecity-vn/images/2024/06/xiaomi-redmi-13-4g-xanh.jpg.webp,redmi
Xiaomi Redmi 12 (Helio G88),3250000,3.250.000 ₫,https://mobilecity.vn/dien-thoai/xiaomi-redmi-12-pin-5000mah.html,https://cdn.mobilecity.vn/mobilecity-vn/images/2023/06/xiaomi-redmi-12-trang.jpg.webp,redmi
Xiaomi Redmi Note 11 Pro (Chính hãng DGW),3250000,3.250.000 ₫,https://mobilecity.vn/dien-thoai/xiaomi-redmi-note-11-pro-chinh-hang.html,https://cdn.mobilecity.vn/mobilecity-vn/images/2022/02/xiaomi-redmi-note-11-pro-4g-xanh.jpg.webp,redmi
Xiaomi Redmi Note 12 Chính hãng DGW (Giá ~ 3 triệu),3350000,3.350.000 ₫,https://mobilecity.vn/dien-thoai/xiaomi-redmi-note-12.html,https://cdn.mobilecity.vn/mobilecity-vn/images/2023/08/xiaomi-redmi-note-12-4g-chinh-hang-vang.jpg.webp,redmi
Xiaomi Redmi Note 11 Pro 5G (Chính hãng DGW),3450000,3.450.000 ₫,https://mobilecity.vn/dien-thoai/xiaomi-redmi-note-11-pro-5g.html,https://cdn.mobilecity.vn/mobilecity-vn/images/2022/02/xiaomi-redmi-note-11-pro-5g.jpg.webp,redmi
Xiaomi Redmi 15C Chính hãng (Pin 6000mAh),3450000,3.450.000 ₫,https://mobilecity.vn/dien-thoai/xiaomi-redmi-15c-chinh-hang.html,https://cdn.mobilecity.vn/mobilecity-vn/images/2025/08/xiaomi-redmi-15c-4g-xanh-duong.jpg.webp,redmi
Xiaomi Redmi Note 11 Pro Plus 5G (Dimensity 920),3650000,3.650.000 ₫,https://mobilecity.vn/dien-thoai/xiaomi-redmi-note-11-pro-plus-5g.html,https://cdn.mobilecity.vn/mobilecity-vn/images/2022/03/xiaomi-redmi-note-11-pro-plus-5g-2.jpg.webp,redmi
Xiaomi REDMI Note 15 5G (Snapdragon 6 Gen 3 - Pin 5800mAh),3750000,3.750.000 ₫,https://mobilecity.vn/dien-thoai/xiaomi-redmi-note-15-5g.html,https://cdn.mobilecity.vn/mobilecity-vn/images/2025/08/redmi-note-15-trang.jpg.webp,redmi
"Xiaomi Redmi Note 11 (Màn AMOLED, 90Hz)",3750000,3.750.000 ₫,https://mobilecity.vn/xiaomi/xiaomi-redmi-note-11.html,https://cdn.mobilecity.vn/mobilecity-vn/images/2022/11/xiaomi-redmi-note-11-cu-dgw-snap-680-xanh-duong.png.webp,redmi
Xiaomi Redmi Note 11T Pro Plus (Sạc 120W),3750000,3.750.000 ₫,https://mobilecity.vn/dien-thoai/xiaomi-redmi-note-11t-pro-plus.html,https://cdn.mobilecity.vn/mobilecity-vn/images/2022/05/xiaomi-redmi-note-11t-pro-plus-bac.jpg.webp,redmi
Xiaomi Redmi Note 12 Pro (Dimensity 1080),3750000,3.750.000 ₫,https://mobilecity.vn/dien-thoai/xiaomi-redmi-note-12-pro.html,https://cdn.mobilecity.vn/mobilecity-vn/images/2022/10/xiaomi-redmi-note-12-pro-tim.jpg.webp,redmi
"Xiaomi Redmi Note 10S Chính hãng DGW (Helio G95, Màn AMOLED)",3800000,3.800.000 ₫,https://mobilecity.vn/xiaomi/xiaomi-redmi-note-10s.html,https://cdn.mobilecity.vn/mobilecity-vn/images/2021/05/xiaomi-redmi-note-10s-2.jpg.webp,redmi
Xiaomi REDMI 13x Chính hãng (Màn 90Hz - Camera 108MP),3850000,3.850.000 ₫,https://mobilecity.vn/dien-thoai/xiaomi-redmi-13x-camera-108mp.html,https://cdn.mobilecity.vn/mobilecity-vn/images/2025/04/xiaomi-redmi-13x-xanh-duong.jpg.webp,redmi
Xiaomi Redmi Note 10 (2021 - Chính hãng DGW),3850000,3.850.000 ₫,https://mobilecity.vn/xiaomi/xiaomi-redmi-note-10.html,https://cdn.mobilecity.vn/mobilecity-vn/images/2024/11/xiaomi-redmi-note-10-chinh-hang-xanh.jpg.webp,redmi
Xiaomi Redmi Note 11T Pro (Dimensity 8100),3850000,3.850.000 ₫,https://mobilecity.vn/dien-thoai/xiaomi-redmi-note-11t-pro.html,https://cdn.mobilecity.vn/mobilecity-vn/images/2022/05/xiaomi-redmi-note-11t-pro-9.jpg.webp,redmi
Xiaomi Redmi Note 8 Pro (Helio G90T),3950000,3.950.000 ₫,https://mobilecity.vn/xiaomi/xiaomi-redmi-note-8-pro.html,https://cdn.mobilecity.vn/mobilecity-vn/images/2023/05/redmi-note-8-pro-xanh-duong.jpg.webp,redmi
Xiaomi Redmi Note 11 SE (Dimensity 700),3950000,3.950.000 ₫,https://mobilecity.vn/dien-thoai/xiaomi-redmi-note-11-se.html,https://cdn.mobilecity.vn/mobilecity-vn/images/2022/05/redmi-note-11-se-xanh-1.jpg.webp,redmi
Xiaomi Redmi Note 12T Pro 5G (Dimensity 8200 Ultra),3950000,3.950.000 ₫,https://mobilecity.vn/dien-thoai/xiaomi-redmi-note-12t-pro-dimensity-8200-ultra.html,https://cdn.mobilecity.vn/mobilecity-vn/images/2023/05/xiaomi-redmi-note-12t-pro-den.jpg.webp,redmi
Xiaomi REDMI Note 14 5G (China),4050000,4.050.000 ₫,https://mobilecity.vn/dien-thoai/xiaomi-redmi-note-14-4g.html,https://cdn.mobilecity.vn/mobilecity-vn/images/2025/01/xiaomi-redmi-note-14-trang-cu.jpg.webp,redmi
Xiaomi REDMI 15C 5G (Snapdragon 6s Gen 3),4050000,4.050.000 ₫,https://mobilecity.vn/dien-thoai/xiaomi-redmi-15c-5g.html,https://cdn.mobilecity.vn/mobilecity-vn/images/2025/07/redmi-15c-tim.jpg.webp,redmi
Xiaomi Redmi 14 (Helio G91 Ultra),4050000,4.050.000 ₫,https://mobilecity.vn/dien-thoai/xiaomi-redmi-14.html,https://cdn.mobilecity.vn/mobilecity-vn/images/2024/10/xiaomi-redmi-14-4g-minh-hoa.jpg.webp,redmi
Xiaomi REDMI 15R 5G (Dimensity 6300 - Pin 6000mAh),4150000,4.150.000 ₫,https://mobilecity.vn/dien-thoai/xiaomi-redmi-15r-5g.html,https://cdn.mobilecity.vn/mobilecity-vn/images/2025/09/xiaomi-redmi-15r-trang.jpg.webp,redmi
Xiaomi Redmi Note 11E Pro (Snapdragon 695 - Camera 108MP),4350000,4.350.000 ₫,https://mobilecity.vn/dien-thoai/xiaomi-redmi-note-11e-pro.html,https://cdn.mobilecity.vn/mobilecity-vn/images/2022/03/xiaomi-redmi-note-11e-pro-xanh1.jpg.webp,redmi
Xiaomi Redmi 13 5G (Snapdragon 4 Gen 2 AE),4350000,4.350.000 ₫,https://mobilecity.vn/dien-thoai/xiaomi-redmi-13-5g-gia-re.html,https://cdn.mobilecity.vn/mobilecity-vn/images/2024/07/xiaomi-redmi-13-5g-xanh.jpg.webp,redmi
Xiaomi Redmi K60E 5G (Dimensity 8200 - Pin 5500mAh),4950000,4.950.000 ₫,https://mobilecity.vn/dien-thoai/xiaomi-redmi-k60e-dimensity-8200.html,https://cdn.mobilecity.vn/mobilecity-vn/images/2022/12/xiaomi-redmi-k60e-dimensity-8200-den.jpg.webp,redmi
Xiaomi Redmi Note 11S (Camera 108MP) - Chính hãng DGW,4950000,4.950.000 ₫,https://mobilecity.vn/dien-thoai/xiaomi-redmi-note-11s.html,https://cdn.mobilecity.vn/mobilecity-vn/images/2022/02/xiaomi-redmi-note-11s-den.jpg.webp,redmi
Xiaomi Redmi Note 13R 5G (Snapdragon 4 Gen 2 ép xung),4950000,4.950.000 ₫,https://mobilecity.vn/dien-thoai/xiaomi-redmi-note-13r-5g-snapdragon-4-gen-2-ep-xung.html,https://cdn.mobilecity.vn/mobilecity-vn/images/2024/05/xiaomi-redmi-note-13r-xanh.jpg.webp,redmi
"Xiaomi Redmi K50 (Dimensity 8100, Pin 5500mAh)",4950000,4.950.000 ₫,https://mobilecity.vn/xiaomi/xiaomi-redmi-k50.html,https://cdn.mobilecity.vn/mobilecity-vn/images/2022/03/redmi-k50-01.jpg.webp,redmi
Xiaomi Redmi Note 11 Pro (Siêu rẻ),4950000,4.950.000 ₫,https://mobilecity.vn/xiaomi/xiaomi-redmi-note-11-pro.html,https://cdn.mobilecity.vn/mobilecity-vn/images/2021/11/redmi-note-11-pro-xanh-rung-sau.jpg.webp,redmi
Xiaomi Redmi K40S (Snapdragon 870 - Sạc 67W),5250000,5.250.000 ₫,https://mobilecity.vn/dien-thoai/xiaomi-redmi-k40s.html,https://cdn.mobilecity.vn/mobilecity-vn/images/2022/03/redmi-k40-s-2.jpg.webp,redmi
Xiaomi REDMI Note 15 Pro 5G (Dimensity 7400 Ultra - Pin 7000mAh),5250000,5.250.000 ₫,https://mobilecity.vn/dien-thoai/xiaomi-redmi-note-15-pro-5g.html,https://cdn.mobilecity.vn/mobilecity-vn/images/2025/08/redmi-note-15-pro-xanh.jpg.webp,redmi
Xiaomi Redmi Note 12S (Chính hãng - Helio G96),5250000,5.250.000 ₫,https://mobilecity.vn/dien-thoai/xiaomi-redmi-note-12s.html,https://cdn.mobilecity.vn/mobilecity-vn/images/2023/05/xiaomi-redmi-note-12s-xanh-bac-ha.jpg.webp,redmi
Xiaomi REDMI 15 5G (Snapdragon 6s Gen 3 - Pin 7000mAh),5350000,5.350.000 ₫,https://mobilecity.vn/dien-thoai/xiaomi-redmi-15-5g.html,https://cdn.mobilecity.vn/mobilecity-vn/images/2025/08/xiaomi-redmi-15-5g-xanh.jpg.webp,redmi
Xiaomi REDMI Note 15R 5G (Snapdragon 6s Gen 3 - Pin 7000mAh),5550000,5.550.000 ₫,https://mobilecity.vn/dien-thoai/xiaomi-redmi-note-15r-5g.html,https://cdn.mobilecity.vn/mobilecity-vn/images/2025/08/redmi-note-15r-tim.jpg.webp,redmi
Xiaomi Redmi Note 12R Pro 5G (Snapdragon 4 Gen 1),5550000,5.550.000 ₫,https://mobilecity.vn/dien-thoai/xiaomi-redmi-note-12r-pro-snapdragon-4-gen-1.html,https://cdn.mobilecity.vn/mobilecity-vn/images/2023/06/redmi-note-12r-pro-vang.jpg.webp,redmi
Xiaomi Redmi Note 12 Pro 4G (Chính hãng - Snapdragon 732G),5650000,5.650.000 ₫,https://mobilecity.vn/dien-thoai/xiaomi-redmi-note-12-pro-4g-chinh-hang-snapdragon-732g.html,https://cdn.mobilecity.vn/mobilecity-vn/images/2023/03/xiaomi-redmi-note-12-pro-4g-minh-hoa-2.jpg.webp,redmi
Xiaomi Redmi K70E (Dimensity 8300 Ultra),5650000,5.650.000 ₫,https://mobilecity.vn/dien-thoai/xiaomi-redmi-k70e-gia-re.html,https://cdn.mobilecity.vn/mobilecity-vn/images/2023/11/xiaomi-redmi-k70e-xanh.jpg.webp,redmi
Xiaomi Redmi Note 10 Pro Chính hãng DGW,5850000,5.850.000 ₫,https://mobilecity.vn/xiaomi/xiaomi-redmi-note-10-pro-2021.html,https://cdn.mobilecity.vn/mobilecity-vn/images/2021/07/redmi-note-10-pro-cam-2.jpg.webp,redmi
Xiaomi Redmi Note 12 Pro Plus (Camera 200MP),5950000,5.950.000 ₫,https://mobilecity.vn/dien-thoai/xiaomi-redmi-note-12-pro-plus.html,https://cdn.mobilecity.vn/mobilecity-vn/images/2023/05/xiaomi-redmi-note-12-pro-plus-cu-trang.jpg.webp,redmi
Xiaomi Redmi K60 5G (Snapdragon 8+ Gen 1 - Màn 2K),6350000,6.350.000 ₫,https://mobilecity.vn/dien-thoai/xiaomi-redmi-k60.html,https://cdn.mobilecity.vn/mobilecity-vn/images/2022/12/xiaomi-redmi-k60-den.jpg.webp,redmi
Xiaomi Redmi Note 13 Pro Plus (Dimensity 7200 Ultra),6450000,6.450.000 ₫,https://mobilecity.vn/dien-thoai/xiaomi-redmi-note-13-pro-plus.html,https://cdn.mobilecity.vn/mobilecity-vn/images/2023/09/xiaomi-redmi-note-13-pro-plus-tim.jpg.webp,redmi
Xiaomi Redmi Note 14S Chính hãng (Camera 200MP),6650000,6.650.000 ₫,https://mobilecity.vn/dien-thoai/xiaomi-redmi-note-14s.html,https://cdn.mobilecity.vn/mobilecity-vn/images/2025/03/redmi-note-14s-tim.jpg.webp,redmi
Xiaomi Redmi Note 13R Pro 5G (Màn OLED 1 tỷ màu),6780000,6.780.000 ₫,https://mobilecity.vn/dien-thoai/xiaomi-redmi-note-13r-pro-gia-re.html,https://cdn.mobilecity.vn/mobilecity-vn/images/2023/11/xiaomi-redmi-note-13r-pro-vang.jpg.webp,redmi
Xiaomi REDMI Note 15 Pro Plus (Snapdragon 7s Gen 4 - Pin 7000mAh),7050000,7.050.000 ₫,https://mobilecity.vn/dien-thoai/xiaomi-redmi-note-15-pro-plus.html,https://cdn.mobilecity.vn/mobilecity-vn/images/2025/08/redmi-note-15-pro-plus-tim.jpg.webp,redmi
Xiaomi Redmi K70 (Snapdragon 8 Gen 2),7350000,7.350.000 ₫,https://mobilecity.vn/dien-thoai/xiaomi-redmi-k70-cau-hinh-manh.html,https://cdn.mobilecity.vn/mobilecity-vn/images/2023/11/xiaomi-redmi-k70-tim.jpg.webp,redmi
Xiaomi REDMI Turbo 5 (Pin 7560mAh),7450000,7.450.000 ₫,https://mobilecity.vn/dien-thoai/xiaomi-redmi-turbo-5.html,https://cdn.mobilecity.vn/mobilecity-vn/images/2026/01/xiaomi-redmi-turbo-5-0-1.jpg,redmi
Xiaomi Redmi K60 Ultra 5G (Dimensity 9200+),7550000,7.550.000 ₫,https://mobilecity.vn/dien-thoai/xiaomi-redmi-k60-ultra-cau-hinh-sieu-cao.html,https://cdn.mobilecity.vn/mobilecity-vn/images/2023/08/xiaomi-redmi-k60-ultra-den.jpg.webp,redmi
Xiaomi Redmi Note 13 Pro Plus AAPE Trend Limited Edition,7850000,7.850.000 ₫,https://mobilecity.vn/dien-thoai/xiaomi-redmi-note-13-pro-plus-aape-trend-limited-edition.html,https://cdn.mobilecity.vn/mobilecity-vn/images/2023/09/xiaomi-redmi-note-13-pro-plus-camo.jpg.webp,redmi
Xiaomi Redmi K50 Ultra (Snapdragon 8+ Gen 1 - Màn 1.5K),7950000,7.950.000 ₫,https://mobilecity.vn/dien-thoai/xiaomi-redmi-k50-ultra.html,https://cdn.mobilecity.vn/mobilecity-vn/images/2022/08/xiaomi-redmi-k50-ultra-den.png.webp,redmi
Xiaomi Redmi K50 Extreme Edition,7950000,7.950.000 ₫,https://mobilecity.vn/dien-thoai/xiaomi-redmi-k50-extreme-edition.html,https://cdn.mobilecity.vn/mobilecity-vn/images/2022/08/xiaomi-redmi-k50-extreme-edition-xanh.png.webp,redmi
Xiaomi REDMI Turbo 5 Pro (Pin 8000mAh),8150000,8.150.000 ₫,https://mobilecity.vn/dien-thoai/xiaomi-redmi-turbo-5-pro.html,https://cdn.mobilecity.vn/mobilecity-vn/images/2025/07/redmi-turbo-5-pro-minh-hoa.jpg.webp,redmi
Xiaomi Redmi Note 12 Turbo Harry Potter,8450000,8.450.000 ₫,https://mobilecity.vn/dien-thoai/redmi-note-12-turbo-harry-potter.html,https://cdn.mobilecity.vn/mobilecity-vn/images/2023/03/so-sanh-redmi-note-12-turbo-harry-potter.jpg.webp,redmi
Xiaomi Redmi K70 Ultra 5G (Dimensity 9300 Plus),8750000,8.750.000 ₫,https://mobilecity.vn/dien-thoai/xiaomi-redmi-k70-ultra-5g.html,https://cdn.mobilecity.vn/mobilecity-vn/images/2024/07/xiaomi-redmi-k70-ultra-den.jpg.webp,redmi
Xiaomi Redmi K60 Pro 5G (Snapdragon 8 Gen 2 - Màn OLED 2K),8950000,8.950.000 ₫,https://mobilecity.vn/dien-thoai/xiaomi-redmi-k60-pro.html,https://cdn.mobilecity.vn/mobilecity-vn/images/2022/12/xiaomi-redmi-k60-pro-trang.jpg.webp,redmi
Xiaomi Redmi Turbo 3 Harry Potter Edition,9350000,9.350.000 ₫,https://mobilecity.vn/dien-thoai/xiaomi-redmi-turbo-3-harry-potter-edition.html,https://cdn.mobilecity.vn/mobilecity-vn/images/2024/04/redmi-turbo-3-harry-potter.jpg.webp,redmi
Xiaomi REDMI K80 Ultra (Dimensity 9400 Plus - Pin 7410mAh),9550000,9.550.000 ₫,https://mobilecity.vn/dien-thoai/xiaomi-redmi-k80-ultra-sieu-manh.html,https://cdn.mobilecity.vn/mobilecity-vn/images/2025/06/xiaomi-redmi-k80-ultra-den.jpg.webp,redmi
Xiaomi Redmi K70 Pro (Snapdragon 8 Gen 3),9550000,9.550.000 ₫,https://mobilecity.vn/dien-thoai/xiaomi-redmi-k70-pro-sieu-manh.html,https://cdn.mobilecity.vn/mobilecity-vn/images/2023/11/xiaomi-redmi-k70-pro-den.jpg.webp,redmi
Xiaomi Redmi K50 Gaming Mercedes AMG Edition,12450000,12.450.000 ₫,https://mobilecity.vn/dien-thoai/xiaomi-redmi-k50-gaming-mercedes-amg-edition.html,https://cdn.mobilecity.vn/mobilecity-vn/images/2022/02/redmi-k50-gaming-mercedes-amg-edition.jpg.webp,redmi
Xiaomi REDMI K90 Pro (Snapdragon 8 Elite Gen 5),14950000,14.950.000 ₫,https://mobilecity.vn/dien-thoai/xiaomi-redmi-k90-pro.html,https://cdn.mobilecity.vn/mobilecity-vn/images/2025/01/redmi-k90-pro-minh-hoa.jpg.webp,redmi
Xiaomi REDMI K90 Ultra,15150000,15.150.000 ₫,https://mobilecity.vn/dien-thoai/xiaomi-redmi-k90-ultra-loa-bose.html,https://cdn.mobilecity.vn/mobilecity-vn/images/2026/02/redmi-k90-ultra-00-1.jpg,redmi
NIO Phone 5G (Snapdragon 8 Gen 2 - ép xung),21699000,21.699.000 ₫,https://mobilecity.vn/dien-thoai/nio-phone-snapdragon-8-gen-2.html,https://cdn.mobilecity.vn/mobilecity-vn/images/2023/09/nio-phone-hong.jpg.webp,redmi
Xiaomi Redmi Note 11E,0,Liên hệ,https://mobilecity.vn/dien-thoai/xiaomi-redmi-note-11e.html,https://cdn.mobilecity.vn/mobilecity-vn/images/2022/03/xiaomi-redmi-note-11e-1.jpg.webp,redmi
Xiaomi Redmi K50 Pro+,0,Liên hệ,https://mobilecity.vn/dien-thoai/xiaomi-redmi-k50-pro-plus.html,https://cdn.mobilecity.vn/mobilecity-vn/images/2022/03/xiaomi-redmi-k50-pro-plus-leak-1.jpg.webp,redmi
Xiaomi Redmi Note 11S 5G (Chính hãng),0,Liên hệ,https://mobilecity.vn/dien-thoai/xiaomi-redmi-note-11s-5g.html,https://cdn.mobilecity.vn/mobilecity-vn/images/2022/03/redmi-note-11s-5g-xanh-duong.png.webp,redmi
Xiaomi Redmi K50S,0,Liên hệ,https://mobilecity.vn/dien-thoai/xiaomi-redmi-k50s.html,https://cdn.mobilecity.vn/mobilecity-vn/images/2022/04/xiaomi-redmi-k50s.jpg.webp,redmi
Xiaomi Redmi K50S Pro,0,Liên hệ,https://mobilecity.vn/dien-thoai/xiaomi-redmi-k50s-pro.html,https://cdn.mobilecity.vn/mobilecity-vn/images/2022/04/redmi-k50-pro-minh-hoa-cho-redmi-k50s-pro.jpg.webp,redmi
Xiaomi Redmi Note 11T,0,Liên hệ,https://mobilecity.vn/dien-thoai/xiaomi-redmi-note-11t.html,https://cdn.mobilecity.vn/mobilecity-vn/images/2022/04/redmi-note-11t.jpg.webp,redmi
Xiaomi Redmi K50i Pro,0,Liên hệ,https://mobilecity.vn/dien-thoai/xiaomi-redmi-k50i-pro.html,https://cdn.mobilecity.vn/mobilecity-vn/images/2022/06/xiaomi-redmi-note-k50i-pro-minh-hoa.jpg.webp,redmi
Xiaomi Redmi K60 Gaming Edition,0,Liên hệ,https://mobilecity.vn/dien-thoai/xiaomi-redmi-k60-gaming-edition.html,https://cdn.mobilecity.vn/mobilecity-vn/images/2022/07/xiaomi-redmi-k60-gaming.jpg.webp,redmi
Xiaomi Redmi K50 Ultra Mercedes AMG Edition,0,Liên hệ,https://mobilecity.vn/dien-thoai/xiaomi-redmi-k50-ultra-mercedes-amg-edition.html,https://cdn.mobilecity.vn/mobilecity-vn/images/2022/08/redmi-k50-ultra-mercedes-amg-edition-1.jpg.webp,redmi
Xiaomi Redmi Note 11R,0,Liên hệ,https://mobilecity.vn/dien-thoai/xiaomi-redmi-note-11r.html,https://cdn.mobilecity.vn/mobilecity-vn/images/2022/09/xiaomi-redmi-note-11r-2.jpg.webp,redmi
Xiaomi Redmi A1 (Pin 5000mAh),0,Liên hệ,https://mobilecity.vn/dien-thoai/xiaomi-redmi-a1.html,https://cdn.mobilecity.vn/mobilecity-vn/images/2022/10/xiaomi-redmi-a1-11.jpg.webp,redmi
Xiaomi Redmi 11A,0,Liên hệ,https://mobilecity.vn/dien-thoai/xiaomi-redmi-11a.html,https://cdn.mobilecity.vn/mobilecity-vn/images/2022/11/xiaomi-redmi-11a-minh-hoa-0.jpg.webp,redmi
Xiaomi Redmi A3,1650000,1.650.000 ₫,https://mobilecity.vn/dien-thoai/xiaomi-redmi-a3-man-hinh-90hz.html,https://cdn.mobilecity.vn/mobilecity-vn/images/2024/02/xiaomi-redmi-a3-xanh-oliu.jpg.webp,redmi
Xiaomi Redmi 12C (Helio G85),1650000,1.650.000 ₫,https://mobilecity.vn/dien-thoai/xiaomi-redmi-12c-helio-g85.html,https://cdn.mobilecity.vn/mobilecity-vn/images/2023/02/redmi-12c-xanh-duong.jpg.webp,redmi
Xiaomi Redmi 14C Chính hãng (Helio G81 Ultra) siêu rẻ,2350000,2.350.000 ₫,https://mobilecity.vn/dien-thoai/xiaomi-redmi-14c-helio-g81ultra.html,https://cdn.mobilecity.vn/mobilecity-vn/images/2024/08/redmi-14c-dac-biet-1.jpg.webp,redmi
Xiaomi REDMI A5 Chính hãng (IPS LCD 120Hz),2350000,2.350.000 ₫,https://mobilecity.vn/dien-thoai/xiaomi-redmi-a5-4g.html,https://cdn.mobilecity.vn/mobilecity-vn/images/2025/03/redmi-a5-4g-xanh-la.jpg.webp,redmi
"Xiaomi Redmi 12 5G - (Có tiếng Việt, Snapdragon 4 Gen 2)",2350000,2.350.000 ₫,https://mobilecity.vn/dien-thoai/xiaomi-redmi-12-5g-global.html,https://cdn.mobilecity.vn/mobilecity-vn/images/2023/08/xiaomi-redmi-12-5g-trang.jpg.webp,redmi
Xiaomi Redmi 14R 5G (Snapdragon 4 Gen 2),2450000,2.450.000 ₫,https://mobilecity.vn/dien-thoai/xiaomi-redmi-14r-5g-snapdragon-gen-2.html,https://cdn.mobilecity.vn/mobilecity-vn/images/2024/09/xiaomi-redmi-14r-5g-tim.jpg.webp,redmi
"Xiaomi Redmi Note 12 5G (Có tiếng Việt, Snapdragon 4 Gen 1)",2550000,2.550.000 ₫,https://mobilecity.vn/dien-thoai/xiaomi-redmi-note-12-5g-snapdragon-4-gen-1.html,https://cdn.mobilecity.vn/mobilecity-vn/images/2024/08/xiaomi-redmi-note-12-5g-xanh.jpg.webp,redmi
Xiaomi Redmi 10 5G (Chính hãng),3300000,3.300.000 ₫,https://mobilecity.vn/dien-thoai/xiaomi-redmi-10-5g-chinh-hang.html,https://cdn.mobilecity.vn/mobilecity-vn/images/2022/03/xiaomi-redmi-10-5g-xanh.jpg.webp,redmi
Xiaomi Redmi Note 12 Discovery Edition,3450000,3.450.000 ₫,https://mobilecity.vn/dien-thoai/xiaomi-redmi-note-12-discovery-edition.html,https://cdn.mobilecity.vn/mobilecity-vn/images/2022/10/xiaomi-redmi-note-12-discovery-edition-1.jpg.webp.webp.webp.webp,redmi
Xiaomi Redmi Note 13 Chính hãng DGW (Snapdragon 685),3450000,3.450.000 ₫,https://mobilecity.vn/dien-thoai/xiaomi-redmi-note-13-4g.html,https://cdn.mobilecity.vn/mobilecity-vn/images/2024/01/redmi-note-13-4g-vang.jpg.webp,redmi
Xiaomi REDMI 15 Chính hãng (Pin 7000mAh - Màn 144Hz),3850000,3.850.000 ₫,https://mobilecity.vn/dien-thoai/xiaomi-redmi-15-chinh-hang.html,https://cdn.mobilecity.vn/mobilecity-vn/images/2025/08/xiaomi-redmi-15-4g-tim.jpg.webp,redmi
Xiaomi REDMI Note 14 Chính hãng,4050000,4.050.000 ₫,https://mobilecity.vn/dien-thoai/xiaomi-redmi-note-14-5g.html,https://cdn.mobilecity.vn/mobilecity-vn/images/2025/01/redmi-note-14-chinh-hang-tim.jpg.webp,redmi
Xiaomi Redmi Note 12 Pro Speed Edition (Snapdragon 778G - Cam 108MP),4250000,4.250.000 ₫,https://mobilecity.vn/dien-thoai/xiaomi-redmi-note-12-pro-speed-edition-snapdragon-778g.html,https://cdn.mobilecity.vn/mobilecity-vn/images/2022/12/xiaomi-redmi-note-12-pro-speed-edition-snapdragon-778g-xanh-bac-ha.jpg.webp,redmi
Xiaomi Redmi K40 (Snapdragon 870 - Màn AMOLED E4),4450000,4.450.000 ₫,https://mobilecity.vn/xiaomi/xiaomi-redmi-k40.html,https://cdn.mobilecity.vn/mobilecity-vn/images/2021/12/xiaomi-redmi-k40-den-van.jpg.webp,redmi
Xiaomi Redmi Note 14 Pro 5G (Dimensity 7300 Ultra),4650000,4.650.000 ₫,https://mobilecity.vn/dien-thoai/xiaomi-redmi-note-14-pro-5g.html,https://cdn.mobilecity.vn/mobilecity-vn/images/2024/09/xiaomi-redmi-note-14-pro-tim.jpg.webp,redmi
Xiaomi Redmi Note 15 Chính hãng,4750000,4.750.000 ₫,https://mobilecity.vn/dien-thoai/xiaomi-redmi-note-15-chinh-hang.html,https://cdn.mobilecity.vn/mobilecity-vn/images/2026/01/xiaomi-redmi-note-15-4g-ava-4.jpg,redmi
Xiaomi REDMI Note 14 Pro Chính hãng,5050000,5.050.000 ₫,https://mobilecity.vn/dien-thoai/xiaomi-redmi-note-14-pro-4g-gia-re.html,https://cdn.mobilecity.vn/mobilecity-vn/images/2025/08/redmi-note-14-pro-chinh-hang-vang.jpg.webp,redmi
Xiaomi Redmi Turbo 3 5G (Snapdragon 8s Gen 3),5250000,5.250.000 ₫,https://mobilecity.vn/dien-thoai/xiaomi-redmi-turbo-3-snapdragon-8s-gen-3.html,https://cdn.mobilecity.vn/mobilecity-vn/images/2024/04/redmi-turbo-3-titan.jpg.webp,redmi
Xiaomi Redmi Note 12 Turbo (Snapdragon 7+ Gen 2),5350000,5.350.000 ₫,https://mobilecity.vn/dien-thoai/xiaomi-redmi-note-12-turbo-edition.html,https://cdn.mobilecity.vn/mobilecity-vn/images/2023/03/xiaomi-redmi-note-12-turbo-edition-trang.jpg.webp,redmi
"Xiaomi Redmi Note 14 Pro Plus 5G (Có tiếng Việt, Snapdragon 7s Gen 3)",6750000,6.750.000 ₫,https://mobilecity.vn/dien-thoai/xiaomi-redmi-note-14-pro-plus-5g.html,https://cdn.mobilecity.vn/mobilecity-vn/images/2024/09/xiaomi-redmi-note-14-pro-plus-xanh.jpg.webp,redmi
Xiaomi REDMI Note 15 Pro Chính hãng,7800000,7.800.000 ₫,https://mobilecity.vn/dien-thoai/xiaomi-redmi-note-15-pro-chinh-hang.html,https://cdn.mobilecity.vn/mobilecity-vn/images/2026/02/xiaomi-redmi-note-15-pro-chinh-hang-9.jpg,redmi
Xiaomi REDMI K80 5G (Snapdragon 8 Gen 3 - Pin 6550mAh),7950000,7.950.000 ₫,https://mobilecity.vn/dien-thoai/xiaomi-redmi-k80-5g-manh-gia-re.html,https://cdn.mobilecity.vn/mobilecity-vn/images/2024/11/redmi-k80.jpg.webp,redmi
Xiaomi REDMI K80 Pro 5G (Snapdragon 8 Elite - Pin 6000mAh),12750000,12.750.000 ₫,https://mobilecity.vn/dien-thoai/xiaomi-redmi-k80-pro-5g-snapdragon-8-gen-4.html,https://cdn.mobilecity.vn/mobilecity-vn/images/2024/11/redmi-k80-pro-xanh-la.jpg.webp,redmi
Xiaomi Redmi 8A,2200000,2.200.000 ₫,https://mobilecity.vn/xiaomi/xiaomi-redmi-8a.html,https://cdn.mobilecity.vn/mobilecity-vn/images/2019/11/redmi-note-8a.jpg.webp,redmi
Xiaomi Redmi 8,2350000,2.350.000 ₫,https://mobilecity.vn/xiaomi/xiaomi-redmi-8.html,https://cdn.mobilecity.vn/mobilecity-vn/images/2019/10/green.jpg.webp,redmi
Xiaomi Redmi 9 (Chính Hãng),2850000,2.850.000 ₫,https://mobilecity.vn/xiaomi/xiaomi-redmi-9.html,https://cdn.mobilecity.vn/mobilecity-vn/images/2020/06/redmi-9-1-1.jpg.webp,redmi
Xiaomi Redmi Note 7 (Có sẵn tiếng Việt),2950000,2.950.000 ₫,https://mobilecity.vn/xiaomi/xiaomi-redmi-note-7.html,https://cdn.mobilecity.vn/mobilecity-vn/images/2019/01/xiaomi-redmi-note-7-pink.jpg.webp,redmi
Xiaomi Redmi 9T (Chính hãng DGW),3350000,3.350.000 ₫,https://mobilecity.vn/xiaomi/xiaomi-redmi-note-9-4g.html,https://cdn.mobilecity.vn/mobilecity-vn/images/2020/11/xiaomi-redmi-note-9-4g-4.jpg.webp,redmi
Xiaomi Redmi Note 7 Pro (RAM 6-128GB),3600000,3.600.000 ₫,https://mobilecity.vn/xiaomi/xiaomi-redmi-note-7-pro.html,https://cdn.mobilecity.vn/mobilecity-vn/images/2019/04/xiaomi-redmi-note-7-pro-logoo-11-1.jpg.webp,redmi
Xiaomi Redmi 10X (4G - Helio G85),3650000,3.650.000 ₫,https://mobilecity.vn/xiaomi/xiaomi-redmi-10x.html,https://cdn.mobilecity.vn/mobilecity-vn/images/2020/05/redmi-10x-white-1.jpg.webp,redmi
Xiaomi Redmi 10 (Chính hãng DGW),3650000,3.650.000 ₫,https://mobilecity.vn/xiaomi/xiaomi-redmi-10.html,https://cdn.mobilecity.vn/mobilecity-vn/images/2021/08/redmi-10-blue-1.jpeg.webp,redmi
Xiaomi Redmi K20,3950000,3.950.000 ₫,https://mobilecity.vn/xiaomi/xiaomi-redmi-k20.html,https://cdn.mobilecity.vn/mobilecity-vn/images/2019/05/redmi-k20.jpg.webp,redmi
Xiaomi Redmi K20 Pro (Snap 855),3950000,3.950.000 ₫,https://mobilecity.vn/xiaomi/xiaomi-redmi-k20-pro.html,https://cdn.mobilecity.vn/mobilecity-vn/images/2019/05/redmi-k20-pro.jpg.webp,redmi
Xiaomi Redmi K30 4G,4250000,4.250.000 ₫,https://mobilecity.vn/xiaomi/xiaomi-redmi-k30.html,https://cdn.mobilecity.vn/mobilecity-vn/images/2019/12/redmi-k30-4g-tim.jpg.webp,redmi
Xiaomi Redmi Note 9 5G,4450000,4.450.000 ₫,https://mobilecity.vn/xiaomi/xiaomi-redmi-note-9-5g.html,https://cdn.mobilecity.vn/mobilecity-vn/images/2020/11/xiaomi-redmi-note-9-5g-6-1.jpg.webp,redmi
Xiaomi Redmi K40 Gaming Edition (Dimensity 1200),4750000,4.750.000 ₫,https://mobilecity.vn/xiaomi/xiaomi-redmi-k40-gaming-edition.html,https://cdn.mobilecity.vn/mobilecity-vn/images/2021/07/redmi-k40-gaming-bac-1.png.webp,redmi
Xiaomi Redmi 10X 5G,4950000,4.950.000 ₫,https://mobilecity.vn/xiaomi/xiaomi-redmi-10x-5g.html,https://cdn.mobilecity.vn/mobilecity-vn/images/2020/05/redmi-10x-white.jpg.webp,redmi
Xiaomi Redmi note 8 Pro (Chính hãng DGW),5050000,5.050.000 ₫,https://mobilecity.vn/xiaomi/xiaomi-redmi-note-8-pro-chinh-hang-dgw.html,https://cdn.mobilecity.vn/mobilecity-vn/images/2019/09/xiaomi-redmi-note-8-pro.jpg.webp,redmi
Xiaomi Redmi K30i 5G (6-128GB),5150000,5.150.000 ₫,https://mobilecity.vn/xiaomi/xiaomi-redmi-k30i-5g.html,https://cdn.mobilecity.vn/mobilecity-vn/images/2020/05/redmi-k30i-5g.jpg.webp,redmi
Xiaomi Redmi K30 5G,5350000,5.350.000 ₫,https://mobilecity.vn/xiaomi/xiaomi-redmi-k30-5g.html,https://cdn.mobilecity.vn/mobilecity-vn/images/2020/08/thumb-k30-5g-3.jpg.webp,redmi
Xiaomi Redmi Note 9 Pro 5G,5450000,5.450.000 ₫,https://mobilecity.vn/xiaomi/xiaomi-redmi-note-9-pro-5g.html,https://cdn.mobilecity.vn/mobilecity-vn/images/2020/11/redmi-note-9-pro-5g-4-1.jpg.webp,redmi
Xiaomi Redmi Note 9 Pro,5950000,5.950.000 ₫,https://mobilecity.vn/xiaomi/xiaomi-redmi-note-9-pro.html,https://cdn.mobilecity.vn/mobilecity-vn/images/2020/03/redmi-note-9-pro.jpg.webp,redmi
Xiaomi Redmi K30 5G Racing Edition,5950000,5.950.000 ₫,https://mobilecity.vn/xiaomi/xiaomi-redmi-k30-5g-racing-edition.html,https://cdn.mobilecity.vn/mobilecity-vn/images/2020/06/xiaomi-redmi-k30-5g-racing-edition.jpg.webp,redmi
Xiaomi Redmi 10X Pro 5G,7450000,7.450.000 ₫,https://mobilecity.vn/xiaomi/xiaomi-redmi-10x-pro-5g.html,https://cdn.mobilecity.vn/mobilecity-vn/images/2020/05/redmi-10x-pro-5g-gold.jpg.webp,redmi
Xiaomi Redmi K30S (Xiaomi Mi 10T),8450000,8.450.000 ₫,https://mobilecity.vn/xiaomi/xiaomi-redmi-k30s.html,https://cdn.mobilecity.vn/mobilecity-vn/images/2021/04/xiaomi-redmi-k30s-1.jpg.webp,redmi
"Xiaomi Redmi K20 Pro Exclusive, Premium Edition",8550000,8.550.000 ₫,https://mobilecity.vn/xiaomi/xiaomi-redmi-k20-pro-premium-edition.html,https://cdn.mobilecity.vn/mobilecity-vn/images/2019/09/cool-black.jpg.webp,redmi
Xiaomi Redmi K30 Pro (Zoom Edition),12950000,12.950.000 ₫,https://mobilecity.vn/xiaomi/xiaomi-redmi-k30-pro-zoom.html,https://cdn.mobilecity.vn/mobilecity-vn/images/2020/03/xiaomi-k30-pro-zoom-tim.jpg.webp,redmi
"Xiaomi Redmi Note 7 (RAM 4GB, 6GB)",0,Liên hệ,https://mobilecity.vn/xiaomi/xiaomi-redmi-note-7-4gb-64gb.html,https://cdn.mobilecity.vn/mobilecity-vn/images/2019/01/xiaomi-redmi-note-7-12.jpg.webp,redmi
Xiaomi Redmi 7A,1950000,1.950.000 ₫,https://mobilecity.vn/xiaomi/xiaomi-redmi-7a.html,https://cdn.mobilecity.vn/mobilecity-vn/images/2019/09/mc-redmi-7a-3.jpg.webp,redmi
Xiaomi Redmi 7,2000000,2.000.000 ₫,https://mobilecity.vn/xiaomi/xiaomi-redmi-7.html,https://cdn.mobilecity.vn/mobilecity-vn/images/2019/09/xiaomi-redmi-7-blackkk.jpg.webp,redmi
"Xiaomi Redmi 7 (RAM 3GB, 4GB)",2000000,2.000.000 ₫,https://mobilecity.vn/xiaomi/xiaomi-redmi-7-ram-3gb-32gb.html,https://cdn.mobilecity.vn/mobilecity-vn/images/2019/04/xiaomi-redmi-7-bluee.JPG.webp,redmi
Xiaomi Redmi 9A (Chính hãng),2150000,2.150.000 ₫,https://mobilecity.vn/xiaomi/xiaomi-redmi-9a-chinh-hang.html,https://cdn.mobilecity.vn/mobilecity-vn/images/2022/04/xiaomi-redmi-9a-2.jpg.webp,redmi
Xiaomi Redmi 9C (Chính hãng DGW),2750000,2.750.000 ₫,https://mobilecity.vn/xiaomi/xiaomi-redmi-9c.html,https://cdn.mobilecity.vn/mobilecity-vn/images/2022/04/xiaomi-redmi-9c-cam.jpg.webp,redmi
Xiaomi Redmi Note 8 (Helio G85),3350000,3.350.000 ₫,https://mobilecity.vn/xiaomi/xiaomi-redmi-note-8.html,https://cdn.mobilecity.vn/mobilecity-vn/images/2019/08/redmi-note-8-2.jpg.webp,redmi
Xiaomi Redmi Note 10 Pro 5G (Dimensity 1100),5850000,5.850.000 ₫,https://mobilecity.vn/xiaomi/xiaomi-redmi-note-10-pro-5g-china.html,https://cdn.mobilecity.vn/mobilecity-vn/images/2021/07/redmi-note-10-pro-5g-xanh.jpg.webp,redmi
"Xiaomi Redmi K50 Pro (Dimensity 9000, Sạc 120W)",7450000,7.450.000 ₫,https://mobilecity.vn/xiaomi/xiaomi-redmi-k50-pro.html,https://cdn.mobilecity.vn/mobilecity-vn/images/2022/03/redmi-k50-pro-1.jpg.webp,redmi
Xiaomi Redmi K30 Ultra 5G (Dimensity 1000+ - Camera Pop-up),7650000,7.650.000 ₫,https://mobilecity.vn/xiaomi/xiaomi-redmi-k30-ultra.html,https://cdn.mobilecity.vn/mobilecity-vn/images/2020/08/redmi-k30-ultra-green.jpg.webp,redmi
Xiaomi Redmi K40 Pro 5G (K40 pro+) (Snapdragon 888 - Cam 108MP),8250000,8.250.000 ₫,https://mobilecity.vn/xiaomi/xiaomi-redmi-k40-pro.html,https://cdn.mobilecity.vn/mobilecity-vn/images/2021/07/redmi-k40-pro-den-2.jpg.webp,redmi
Xiaomi Redmi K30 Pro 5G (Snapdragon 865 - Camera Pop-up),8550000,8.550.000 ₫,https://mobilecity.vn/xiaomi/xiaomi-redmi-k30-pro.html,https://cdn.mobilecity.vn/mobilecity-vn/images/2020/03/xiaomi-k30-pro-zoom-xanh.jpg.webp,redmi
Xiaomi Redmi Note 11T Pro Plus Astro Boy Edition,0,Liên hệ,https://mobilecity.vn/dien-thoai/xiaomi-redmi-note-11t-pro-plus-astro-boy-edition.html,https://cdn.mobilecity.vn/mobilecity-vn/images/2022/05/xiaomi-redmi-note-11t-pro-plus-astro-boy-edition-1.jpg.webp,redmi
Xiaomi Redmi K50i,0,Liên hệ,https://mobilecity.vn/dien-thoai/xiaomi-redmi-k50i.html,https://cdn.mobilecity.vn/mobilecity-vn/images/2022/07/redmi-k50i-den.jpg.webp,redmi
Xiaomi Redmi Note 13 Turbo 5G (Màn OLED 68 tỷ màu),0,Liên hệ,https://mobilecity.vn/dien-thoai/xiaomi-redmi-note-13-turbo-cau-hinh-sieu-manh.html,https://cdn.mobilecity.vn/mobilecity-vn/images/2023/09/redmi-note-13-turbo-minh-hoa.jpg.webp,redmi
"Xiaomi POCO C61 (Màn IPS LCD, 90Hz)",1850000,1.850.000 ₫,https://mobilecity.vn/dien-thoai/xiaomi-poco-c61-man-hinh-90hz.html,https://cdn.mobilecity.vn/mobilecity-vn/images/2024/03/xiaomi-poco-c61-xanh-la.jpg.webp,poco
Xiaomi POCO C71 (Pin 5200mAh),1950000,1.950.000 ₫,https://mobilecity.vn/dien-thoai/xiaomi-poco-c71-pin-5200mah.html,https://cdn.mobilecity.vn/mobilecity-vn/images/2025/04/poco-c71-vang.jpg.webp,poco
Xiaomi POCO C75 5G (Snapdragon 4s Gen 2),2450000,2.450.000 ₫,https://mobilecity.vn/dien-thoai/xiaomi-poco-c75-5g-dimensity-4s-gen-2.html,https://cdn.mobilecity.vn/mobilecity-vn/images/2024/12/poco-c75-5g-xanh-duong.jpg.webp,poco
Xiaomi POCO C65 (Camera 50MP),2500000,2.500.000 ₫,https://mobilecity.vn/dien-thoai/xiaomi-poco-c65-gia-re.html,https://cdn.mobilecity.vn/mobilecity-vn/images/2023/11/xiaomi-poco-c65-tim.jpg.webp,poco
Xiaomi POCO M6 5G (màn hình 90Hz),3150000,3.150.000 ₫,https://mobilecity.vn/dien-thoai/xiaomi-poco-m6-5g-man-hinh-90hz.html,https://cdn.mobilecity.vn/mobilecity-vn/images/2023/12/xiaomi-poco-m6-xanh-tim.jpg.webp,poco
Xiaomi POCO M6 Pro 5G (Snapdragon 4 Gen 2),3250000,3.250.000 ₫,https://mobilecity.vn/dien-thoai/xiaomi-poco-m6-pro-5g-man-hinh-90hz.html,https://cdn.mobilecity.vn/mobilecity-vn/images/2023/08/poco-m6-pro-5g-xanh-1.jpg.webp,poco
Xiaomi POCO M6 4G Chính hãng (Helio G91 Ultra),3250000,3.250.000 ₫,https://mobilecity.vn/dien-thoai/xiaomi-poco-m6-4g-helio-g91-ultra.html,https://cdn.mobilecity.vn/mobilecity-vn/images/2024/06/xiaomi-poco-m6-4g-chinh-hang-timpg.jpg.webp,poco
Xiaomi POCO M4 Pro (Chính hãng DGW),3550000,3.550.000 ₫,https://mobilecity.vn/dien-thoai/xiaomi-poco-m4-pro.html,https://cdn.mobilecity.vn/mobilecity-vn/images/2022/03/poco-m4-pro-chinh-hang-vang.png.webp,poco
Xiaomi POCO X7 Neo (Dimensity 7025 Ultra),4150000,4.150.000 ₫,https://mobilecity.vn/dien-thoai/xiaomi-poco-x7-neo.html,https://cdn.mobilecity.vn/mobilecity-vn/images/2024/12/xiaomi-poco-x7-neo-minh-hoa.jpg.webp,poco
Xiaomi POCO M6 Plus 5G (Snapdragon 4 Gen 2 AE),4150000,4.150.000 ₫,https://mobilecity.vn/dien-thoai/xiaomi-poco-m6-plus-5g.html,https://cdn.mobilecity.vn/mobilecity-vn/images/2024/08/xiaomi-poco-m6-plus-tim.jpg.webp,poco
Xiaomi POCO M7 Plus 5G Chính hãng (Màn hình 144Hz - Pin 7000mAh),4250000,4.250.000 ₫,https://mobilecity.vn/dien-thoai/xiaomi-poco-m7-plus.html,https://cdn.mobilecity.vn/mobilecity-vn/images/2025/08/xiaomi-poco-m7-plus-bac.jpg.webp,poco
Xiaomi Poco M4 Pro 5G (Chính hãng DGW),4450000,4.450.000 ₫,https://mobilecity.vn/dien-thoai/xiaomi-poco-m4-pro-5g.html,https://cdn.mobilecity.vn/mobilecity-vn/images/2022/01/poco-m4-pro-5g-2.jpg.webp,poco
Xiaomi POCO M7 Pro 5G (Dimensity 7025 Ultra),4490000,4.490.000 ₫,https://mobilecity.vn/dien-thoai/xiaomi-poco-m7-pro-5g.html,https://cdn.mobilecity.vn/mobilecity-vn/images/2024/12/poco-m7-pro-5g-tim.jpg.webp,poco
Xiaomi POCO X6 Neo 5G (Dimensity 6080),4750000,4.750.000 ₫,https://mobilecity.vn/dien-thoai/xiaomi-poco-x6-neo-5g.html,https://cdn.mobilecity.vn/mobilecity-vn/images/2024/03/xiaomi-poco-x6-neo-5g-vang.jpg.webp,poco
Xiaomi POCO X7 Chính hãng (Dimensity 7300 Ultra),4950000,4.950.000 ₫,https://mobilecity.vn/dien-thoai/xiaomi-poco-x7-5g.html,https://cdn.mobilecity.vn/mobilecity-vn/images/2025/01/xiaomi-poco-x7-vang-den.jpg.webp,poco
Xiaomi POCO M6 Pro 4G (Màn hình AMOLED 120Hz),4950000,4.950.000 ₫,https://mobilecity.vn/dien-thoai/xiaomi-poco-m6-pro-4g-man-hinh-120hz.html,https://cdn.mobilecity.vn/mobilecity-vn/images/2024/01/poco-m6-pro-4g-tim.jpg.webp,poco
Xiaomi POCO X4 Pro 5G (Chính hãng DGW),5150000,5.150.000 ₫,https://mobilecity.vn/dien-thoai/xiaomi-poco-x4-pro-5g.html,https://cdn.mobilecity.vn/mobilecity-vn/images/2022/02/xiaomi-poco-x4-pro-5g-vang.jpg.webp,poco
Xiaomi POCO X5 5G (Snapdragon 695 5G),5250000,5.250.000 ₫,https://mobilecity.vn/dien-thoai/xiaomi-poco-x5-5g-chinh-hang.html,https://cdn.mobilecity.vn/mobilecity-vn/images/2023/02/poco-x5-5g-den.jpg.webp,poco
Xiaomi POCO X6 5G (Snapdragon 7S Gen 2),6550000,6.550.000 ₫,https://mobilecity.vn/dien-thoai/xiaomi-poco-x6-5g-cau-hinh-cao.html,https://cdn.mobilecity.vn/mobilecity-vn/images/2024/01/xiaomi-poco-x6-trang.jpg.webp,poco
POCO M8 5G (Snapdragon 6 Gen 3),6850000,6.850.000 ₫,https://mobilecity.vn/dien-thoai/poco-m8.html,https://cdn.mobilecity.vn/mobilecity-vn/images/2026/01/poco-m8-0-1.jpg,poco
Xiaomi POCO X4 GT (Chính hãng),7350000,7.350.000 ₫,https://mobilecity.vn/dien-thoai/xiaomi-poco-x4-gt.html,https://cdn.mobilecity.vn/mobilecity-vn/images/2022/07/poco-x4-gt-ava-1.jpg.webp,poco
Xiaomi POCO F5 5G (Snapdragon 7+ Gen 2),7450000,7.450.000 ₫,https://mobilecity.vn/dien-thoai/xiaomi-poco-f5-5g.html,https://cdn.mobilecity.vn/mobilecity-vn/images/2023/05/xiaomi-poco-f5-5g-trang.jpg.webp,poco
Xiaomi POCO X7 Pro Chính hãng (Dimensity 8400 Ultra),7650000,7.650.000 ₫,https://mobilecity.vn/dien-thoai/xiaomi-poco-x7-pro-5g.html,https://cdn.mobilecity.vn/mobilecity-vn/images/2025/01/xiaomi-poco-x7-pro-vang.jpg.webp,poco
POCO M8 Pro (Snapdragon 7s Gen 4 -  Pin 6500mAh),7850000,7.850.000 ₫,https://mobilecity.vn/dien-thoai/poco-m8-pro-5g-snapdragon.html,https://cdn.mobilecity.vn/mobilecity-vn/images/2026/01/poco-m8-pro-5g-0-3.jpg,poco
Xiaomi POCO F4 5G,7950000,7.950.000 ₫,https://mobilecity.vn/dien-thoai/xiaomi-poco-f4.html,https://cdn.mobilecity.vn/mobilecity-vn/images/2022/07/poco-x4-pro-5g-mau-xanh.jpg.webp,poco
Xiaomi POCO X6 Pro 5G (Dimensity 8300 Ultra),7990000,7.990.000 ₫,https://mobilecity.vn/dien-thoai/xiaomi-poco-x6-pro-5g-man-hinh-oled.html,https://cdn.mobilecity.vn/mobilecity-vn/images/2024/01/xiaomi-poco-x6-pro-vang.jpg.webp,poco
Xiaomi POCO F6 5G Chính hãng (Snapdragon 8s gen 3),9690000,9.690.000 ₫,https://mobilecity.vn/dien-thoai/xiaomi-poco-f6-5g-chinh-hang.html,https://cdn.mobilecity.vn/mobilecity-vn/images/2024/05/xiaomi-poco-f6-5g-titan.jpg.webp,poco
Xiaomi POCO F4 GT,9950000,9.950.000 ₫,https://mobilecity.vn/dien-thoai/xiaomi-poco-f4-gt.html,https://cdn.mobilecity.vn/mobilecity-vn/images/2022/04/poco-f4-gt-vang.jpg.webp,poco
Xiaomi POCO F7 5G (Snapdragon 8s Gen 4 - Pin 7550mAh),10450000,10.450.000 ₫,https://mobilecity.vn/dien-thoai/xiaomi-poco-f7-5g.html,https://cdn.mobilecity.vn/mobilecity-vn/images/2025/06/poco-f7-den.jpg.webp,poco
Xiaomi POCO F6 Pro 5G Chính hãng (Snapdragon 8 Gen 2),10750000,10.750.000 ₫,https://mobilecity.vn/dien-thoai/xiaomi-poco-f6-pro.html,https://cdn.mobilecity.vn/mobilecity-vn/images/2024/05/xiaomi-poco-f6-pro-5g-den.jpg.webp,poco
Xiaomi POCO F5 Pro 5G (Snapdragon 8+ Gen 1),10850000,10.850.000 ₫,https://mobilecity.vn/dien-thoai/xiaomi-poco-f5-pro-5g-chip-manh.html,https://cdn.mobilecity.vn/mobilecity-vn/images/2023/04/xiaomi-poco-f5-pro-5g-den-01.jpg.webp,poco
Xiaomi POCO X8 Pro 5G (Dimensity 8500 Ultra - Pin 6500mAh),10950000,10.950.000 ₫,https://mobilecity.vn/dien-thoai/xiaomi-poco-x8-pro-5g.html,https://cdn.mobilecity.vn/mobilecity-vn/images/2026/03/xiaomi-poco-x8-pro-5g-11.jpg,poco
Xiaomi POCO F7 Pro (Snapdragon 8 Gen 3),12850000,12.850.000 ₫,https://mobilecity.vn/dien-thoai/xiaomi-poco-f7-pro.html,https://cdn.mobilecity.vn/mobilecity-vn/images/2025/03/poco-f7-pro-xanh.jpg.webp,poco
Xiaomi POCO F7 Ultra (Snapdragon 8 Elite),16590000,16.590.000 ₫,https://mobilecity.vn/dien-thoai/xiaomi-poco-f7-ultra.html,https://cdn.mobilecity.vn/mobilecity-vn/images/2025/03/poco-f7-ultra-vang.jpg.webp,poco
POCO X8 Pro Max (Pin 8500mAh- chip Dimenstiy 9500S),16950000,16.950.000 ₫,https://mobilecity.vn/dien-thoai/poco-x8-pro-max.html,https://cdn.mobilecity.vn/mobilecity-vn/images/2026/03/xiaomi-poco-x8-pro-max-11.jpg,poco
Xiaomi POCO F8 Ultra (Snapdragon 8 Elite Gen 5),17950000,17.950.000 ₫,https://mobilecity.vn/dien-thoai/xiaomi-poco-f8-ultra.html,https://cdn.mobilecity.vn/mobilecity-vn/images/2025/11/poco-f8-ultra-xanh-duong.jpg,poco
Xiaomi POCO M5s (Chính hãng - Helio G95),0,Liên hệ,https://mobilecity.vn/dien-thoai/xiaomi-poco-m5s.html,https://cdn.mobilecity.vn/mobilecity-vn/images/2023/07/poco-m5s-vang.jpg.webp,poco
Xiaomi POCO F4 Pro (Chính hãng),0,Liên hệ,https://mobilecity.vn/dien-thoai/xiaomi-poco-f4-pro.html,https://cdn.mobilecity.vn/mobilecity-vn/images/2022/04/xiaomi-redmi-k50-1.png.webp,poco
Xiaomi POCO M7 5G (Snapdragon 4 Gen 2),0,Liên hệ,https://mobilecity.vn/dien-thoai/xiaomi-poco-m7-5g.html,https://cdn.mobilecity.vn/mobilecity-vn/images/2024/09/xiaomi-poco-m7-5g-minh-hoa.jpg.webp,poco
Xiaomi POCO C75 (màn 120Hz - 6.88 inch),2450000,2.450.000 ₫,https://mobilecity.vn/dien-thoai/xiaomi-poco-c75-man-6-88-120hz.html,https://cdn.mobilecity.vn/mobilecity-vn/images/2024/10/poco-c75-xanh-la.jpg.webp,poco
"Xiaomi POCO M5 (Helio G99, màn 90Hz)",2490000,2.490.000 ₫,https://mobilecity.vn/dien-thoai/xiaomi-poco-m5.html,https://cdn.mobilecity.vn/mobilecity-vn/images/2022/12/xiaomi-poco-m5-vang-1.jpg.webp,poco
Xiaomi POCO C85 Chính hãng (Helio G81 Ultra - Pin 6000mAh),3100000,3.100.000 ₫,https://mobilecity.vn/dien-thoai/xiaomi-poco-C85-gia-re.html,https://cdn.mobilecity.vn/mobilecity-vn/images/2025/09/xiaomi-poco-c85-tim.jpg.webp,poco
Xiaomi POCO M7 4G Chính hãng (Pin 7000mAh),3850000,3.850.000 ₫,https://mobilecity.vn/dien-thoai/xiaomi-poco-m7-4g-chinh-hang.html,https://cdn.mobilecity.vn/mobilecity-vn/images/2025/08/xiaomi-poco-m7-4g-bac.jpg.webp,poco
Xiaomi POCO F8 Pro (Snapdragon 8 Elite - Pin 6210 mAh),14100000,14.100.000 ₫,https://mobilecity.vn/dien-thoai/xiaomi-poco-f8-pro-snapdragon-8-elite.html,https://cdn.mobilecity.vn/mobilecity-vn/images/2025/11/poco-f8-pro-titan.jpg,poco
Xiaomi Poco X3 (Chính hãng DGW),4950000,4.950.000 ₫,https://mobilecity.vn/xiaomi/xiaomi-poco-x3.html,https://cdn.mobilecity.vn/mobilecity-vn/images/2020/10/xiaomi-poco-x3-1.png.webp,poco
Xiaomi Poco X3 GT (Dimensity 1100),6950000,6.950.000 ₫,https://mobilecity.vn/xiaomi/xiaomi-poco-x3-gt.html,https://cdn.mobilecity.vn/mobilecity-vn/images/2021/07/xiaomi-poco-x3-gt-blue.jpeg.webp,poco
POCO F3 GT (Dimensity 1200),8450000,8.450.000 ₫,https://mobilecity.vn/xiaomi/xiaomi-poco-f3-gt.html,https://cdn.mobilecity.vn/mobilecity-vn/images/2023/06/poco-f3-gt-11-den-2.jpg.webp,poco
Xiaomi POCO C40 (Chính hãng DGW),2950000,2.950.000 ₫,https://mobilecity.vn/dien-thoai/xiaomi-poco-c40.html,https://cdn.mobilecity.vn/mobilecity-vn/images/2022/06/xiaomi-poco-c40-yellow.jpg.webp,poco
Xiaomi Poco M3 (Chính hãng DGW),3550000,3.550.000 ₫,https://mobilecity.vn/xiaomi/xiaomi-poco-m3.html,https://cdn.mobilecity.vn/mobilecity-vn/images/2023/04/xiaomi-poco-m3-vang.jpg.webp,poco
Xiaomi Poco M3 Pro 5G,4150000,4.150.000 ₫,https://mobilecity.vn/xiaomi/xiaomi-poco-m3-pro.html,https://cdn.mobilecity.vn/mobilecity-vn/images/2021/12/poco-m3-pro-vang.jpg.webp,poco
Xiaomi POCO X3 Pro (Snapdragon 860) - BH 18T Chính hãng,5450000,5.450.000 ₫,https://mobilecity.vn/xiaomi/xiaomi-poco-x3-pro.html,https://cdn.mobilecity.vn/mobilecity-vn/images/2021/07/poco-x3-pro-vang-1.jpg.webp,poco
Xiaomi Poco F3 (Snap870),6750000,6.750.000 ₫,https://mobilecity.vn/xiaomi/xiaomi-poco-f3.html,https://cdn.mobilecity.vn/mobilecity-vn/images/2022/04/poco-f3-den.png.webp,poco
Xiaomi POCO X5 Pro 5G (Snapdragon 778G - Camera 108MP),7000000,7.000.000 ₫,https://mobilecity.vn/dien-thoai/xiaomi-poco-x5-Pro-5g.html,https://cdn.mobilecity.vn/mobilecity-vn/images/2023/02/xiaomi-poco-x5-pro-5g-vang.jpg.webp,poco
Xiaomi POCO X4 NFC,0,Liên hệ,https://mobilecity.vn/dien-thoai/xiaomi-poco-x4-nfc.html,https://cdn.mobilecity.vn/mobilecity-vn/images/2022/01/xiaomi-redmi-note-11-pro.jpg.webp,poco
"Realme C11 (2021) Chính hãng (Unisoc SC9863A, pin 5000mAh)",2450000,2.450.000 ₫,https://mobilecity.vn/realme/realme-c11.html,https://cdn.mobilecity.vn/mobilecity-vn/images/2021/12/realme-c11-2021-chinh-hang-1-1-1.jpg.webp,realme
Realme C85 Pro Chính hãng,5030000,5.030.000 ₫,https://mobilecity.vn/dien-thoai/realme-c85-pro-chinh-hang.html,https://cdn.mobilecity.vn/mobilecity-vn/images/2025/12/realme-c85-pro-xanh.jpg,realme
Realme C85 5G (Pin 7.000 mAh - IP69K),5800000,5.800.000 ₫,https://mobilecity.vn/dien-thoai/realme-c85-5g.html,https://cdn.mobilecity.vn/mobilecity-vn/images/2025/12/realme-c85-5g-tim-1.jpg,realme
Realme Neo7 Turbo (Dimensity 9400e),7450000,7.450.000 ₫,https://mobilecity.vn/dien-thoai/realme-neo7-turbo.html,https://cdn.mobilecity.vn/mobilecity-vn/images/2025/05/realme-neo7-turbo-xam-trong-suot.jpg.webp,realme
Realme Neo8 5G (Snapdragon 8 Gen 5 - Pin 8000mAh),10950000,10.950.000 ₫,https://mobilecity.vn/dien-thoai/realme-neo8-5g.html,https://cdn.mobilecity.vn/mobilecity-vn/images/2026/01/realme-neo8-0-2.jpg,realme
Realme GT8 5G (Snapdragon 8 Elite - Pin 7000mAh),11450000,11.450.000 ₫,https://mobilecity.vn/dien-thoai/realme-gt8-5g-sieu-manh.html,https://cdn.mobilecity.vn/mobilecity-vn/images/2025/10/realme-gt8-xanh-la.jpg,realme
Realme GT8 Pro (Snapdragon 8 Elite Gen 5 - Pin 7000mAh),15250000,15.250.000 ₫,https://mobilecity.vn/dien-thoai/realme-gt8-pro-man-hinh-2k.html,https://cdn.mobilecity.vn/mobilecity-vn/images/2025/10/realme-gt8-pro-xanh-duong.jpg,realme
Realme C21Y Chính hãng,0,Liên hệ,https://mobilecity.vn/realme/realme-c21y.html,https://cdn.mobilecity.vn/mobilecity-vn/images/2021/12/realme-c21y-xanh-1-org.jpg.webp,realme
Realme C25Y,0,Liên hệ,https://mobilecity.vn/realme/realme-c25y.html,https://cdn.mobilecity.vn/mobilecity-vn/images/2021/12/realme-c25y.jpg.webp,realme
Realme V50 (V50S) 5G (Dimensity 6100 Plus),2650000,2.650.000 ₫,https://mobilecity.vn/dien-thoai/realme-v50-dimensity-6100-plus.html,https://cdn.mobilecity.vn/mobilecity-vn/images/2023/12/realme-v50-xanh-tim.jpg.webp,realme
Realme Note 60x Chính hãng (Màn hình 90Hz),2650000,2.650.000 ₫,https://mobilecity.vn/dien-thoai/realme-note-60x-chinh-hang.html,https://cdn.mobilecity.vn/mobilecity-vn/images/2025/01/realme-note-60x-chinh-hang-xanh.jpg.webp,realme
Realme V60 5G (V60s) (Dimensity 6300),2750000,2.750.000 ₫,https://mobilecity.vn/dien-thoai/realme-v60-5g.html,https://cdn.mobilecity.vn/mobilecity-vn/images/2024/06/realme-v60-vang.jpg.webp,realme
Realme C51s (Camera 50MP),2750000,2.750.000 ₫,https://mobilecity.vn/dien-thoai/realme-c51s-camera-50mp.html,https://cdn.mobilecity.vn/mobilecity-vn/images/2024/06/realme-c51s-xanh.jpg.webp,realme
Realme V70 5G (Sạc 45W - Dimensity 6300),2950000,2.950.000 ₫,https://mobilecity.vn/dien-thoai/realme-v70-5g-sac-45w.html,https://cdn.mobilecity.vn/mobilecity-vn/images/2024/11/realme-v60-vang.jpg.webp,realme
Realme C51 (Pin 5000mAh - Mini Capsule),3015000,3.015.000 ₫,https://mobilecity.vn/dien-thoai/realme-c51-pin-5000mah-dynamic-island.html,https://cdn.mobilecity.vn/mobilecity-vn/images/2023/07/realme-c51-xanh.jpg.webp,realme
Realme Note 70 Chính hãng (Pin 6300mAh),3050000,3.050.000 ₫,https://mobilecity.vn/dien-thoai/realme-note-70-chinh-hang.html,https://cdn.mobilecity.vn/mobilecity-vn/images/2025/07/realme-note-70-vang.jpg.webp,realme
Realme C65 5G (Dimensity 6300),3150000,3.150.000 ₫,https://mobilecity.vn/dien-thoai/realme-c65-5g-dimensity-6300.html,https://cdn.mobilecity.vn/mobilecity-vn/images/2024/04/realme-c65-5g-xanh.jpg.webp,realme
Realme C63 (Màn 90Hz - Sạc 45W),3150000,3.150.000 ₫,https://mobilecity.vn/dien-thoai/realme-c63-man-90hz-sac-45w.html,https://cdn.mobilecity.vn/mobilecity-vn/images/2024/06/realme-c63-xanh-duong.jpg.webp,realme
Realme Narzo N65 5G (Chip Dimensity 6300 - IP54),3250000,3.250.000 ₫,https://mobilecity.vn/dien-thoai/realme-narzo-n65-5g-ip54.html,https://cdn.mobilecity.vn/mobilecity-vn/images/2024/05/realme-narzo-n65-5g-xanh.jpg.webp,realme
Realme 11 5G (Dimensity 6020),3250000,3.250.000 ₫,https://mobilecity.vn/dien-thoai/realme-11-man-fullhd.html,https://cdn.mobilecity.vn/mobilecity-vn/images/2023/05/realme-11-cam.jpg.webp,realme
Realme Note 70T Quốc tế (Pin 6000mAh),3350000,3.350.000 ₫,https://mobilecity.vn/dien-thoai/realme-note-70t-quoc-te.html,https://cdn.mobilecity.vn/mobilecity-vn/images/2025/07/realme-note-70t-vang.jpg.webp,realme
Realme C67 4G (Camera 108MP),3450000,3.450.000 ₫,https://mobilecity.vn/dien-thoai/realme-c67-4g-camera-108mp.html,https://cdn.mobilecity.vn/mobilecity-vn/images/2023/12/realme-c67-4g-den.jpg.webp,realme
Realme Q5 Pro (Snapdragon 870),3650000,3.650.000 ₫,https://mobilecity.vn/dien-thoai/realme-q5-pro.html,https://cdn.mobilecity.vn/mobilecity-vn/images/2022/04/realme-q5-pro-vang.png.webp,realme
Realme C65 Chính hãng (Sạc nhanh 45W),3650000,3.650.000 ₫,https://mobilecity.vn/dien-thoai/realme-c65-chinh-hang.html,https://cdn.mobilecity.vn/mobilecity-vn/images/2024/04/realme-c65-chinh-hang-den.jpg.webp,realme
Realme Narzo 70x 5G (Dimensity 6100 Plus),3650000,3.650.000 ₫,https://mobilecity.vn/dien-thoai/realme-narzo-70x-5g-dimensity-6100-plus.html,https://cdn.mobilecity.vn/mobilecity-vn/images/2024/04/realme-narzo-70x-5g-xanh-la.jpg.webp,realme
Realme Narzo 80x (Pin 6000mAh),3680000,3.680.000 ₫,https://mobilecity.vn/dien-thoai/realme-narzo-80x-pin-6000mah.html,https://cdn.mobilecity.vn/mobilecity-vn/images/2025/04/realme-narzo-80x-vang.jpg.webp,realme
Realme Narzo 60x 5G (Dimensity 6100+),3760000,3.760.000 ₫,https://mobilecity.vn/dien-thoai/realme-narzo-60x-dimensity-6100-plus.html,https://cdn.mobilecity.vn/mobilecity-vn/images/2023/09/realme-narzo-60x-xanh.jpg.webp,realme
Realme C67 5G (Dimensity 6100 Plus),3850000,3.850.000 ₫,https://mobilecity.vn/dien-thoai/realme-c67-5g-dimensity-6100-plus.html,https://cdn.mobilecity.vn/mobilecity-vn/images/2023/12/realme-c67-5g-tim-dam.jpg.webp,realme
Realme C71 Chính hãng (Pin 6300mAh),3950000,3.950.000 ₫,https://mobilecity.vn/dien-thoai/realme-c71-chinh-hang.html,https://cdn.mobilecity.vn/mobilecity-vn/images/2025/06/realme-c71-trang.jpg.webp,realme
Realme 10 5G (Dimensity 700 - Màn 90Hz - RAM 8GB),3950000,3.950.000 ₫,https://mobilecity.vn/dien-thoai/realme-10.html,https://cdn.mobilecity.vn/mobilecity-vn/images/2022/11/realme-10-5g-china-vang.png.webp,realme
Realme 10 Pro 5G (China - Camera 108MP),3950000,3.950.000 ₫,https://mobilecity.vn/dien-thoai/realme-10-pro-china-camera-108-mp.html,https://cdn.mobilecity.vn/mobilecity-vn/images/2022/11/realme-10-pro-china-xanh.png.webp,realme
Realme C55 Chính hãng (Màn Full HD - 90Hz),4050000,4.050.000 ₫,https://mobilecity.vn/dien-thoai/realme-c55-man-hinh-90hz.html,https://cdn.mobilecity.vn/mobilecity-vn/images/2023/03/realme-c55-vang.jpg.webp,realme
Realme 10s 5G (Dimensity 810 - Màn 90Hz),4250000,4.250.000 ₫,https://mobilecity.vn/dien-thoai/realme-10s-5g-dimensity-810.html,https://cdn.mobilecity.vn/mobilecity-vn/images/2022/12/realme-10s-dimensity-810-xanh.png.webp,realme
Realme 15T 5G (Dimensity 6400 - Pin 7000mAh),4450000,4.450.000 ₫,https://mobilecity.vn/dien-thoai/realme-15t-5g.html,https://cdn.mobilecity.vn/mobilecity-vn/images/2025/09/realme-15t-den.jpg.webp,realme
Realme Q5i,4450000,4.450.000 ₫,https://mobilecity.vn/dien-thoai/realme-q5i.html,https://cdn.mobilecity.vn/mobilecity-vn/images/2022/04/realme-q5i-den.jpg.webp,realme
Realme 12 5G (Dimensity 6100 Plus),4490000,4.490.000 ₫,https://mobilecity.vn/dien-thoai/realme-12-5g-dimensity-6100-plus.html,https://cdn.mobilecity.vn/mobilecity-vn/images/2024/03/realme-12-5g-xanh.jpg.webp,realme
Realme 14x 5G (Dimensity 6300),4490000,4.490.000 ₫,https://mobilecity.vn/dien-thoai/realme-14x-5g-dimensity-6300.html,https://cdn.mobilecity.vn/mobilecity-vn/images/2024/12/realme-14x-5g-vang.jpg.webp,realme
Realme 14 Pro Lite (Snapdragon 7s Gen 2),4550000,4.550.000 ₫,https://mobilecity.vn/dien-thoai/realme-14-pro-lite.html,https://cdn.mobilecity.vn/mobilecity-vn/images/2024/12/realme-14-pro-lite-minh-hoa.jpg.webp,realme
"Realme GT Neo 5 SE 5G (Snapdragon 7+ Gen 2, sạc 100W)",4550000,4.550.000 ₫,https://mobilecity.vn/dien-thoai/realme-gt-neo-5-se-5g-sac-sieu-nhanh.html,https://cdn.mobilecity.vn/mobilecity-vn/images/2023/04/realme-gt-neo-5-se-5g-xanh.jpg.webp,realme
Realme P1 Pro 5G (Snapdragon 6 Gen 1),4650000,4.650.000 ₫,https://mobilecity.vn/dien-thoai/realme-p1-pro-5g-snapdragon-6-gen-1.html,https://cdn.mobilecity.vn/mobilecity-vn/images/2024/04/realme-p1-pro-do.jpg.webp,realme
Realme C75x Chính hãng (siêu bền - IP68/IP69),4650000,4.650.000 ₫,https://mobilecity.vn/dien-thoai/realme-c75x-chinh-hang-ip68-ip69.html,https://cdn.mobilecity.vn/mobilecity-vn/images/2025/04/realme-c75x-hong.jpg.webp,realme
Realme 10 Pro Plus 5G (Dimensity 1080 - Siêu Rẻ),4750000,4.750.000 ₫,https://mobilecity.vn/dien-thoai/realme-10-pro-plus-china-dimensity-1080.html,https://cdn.mobilecity.vn/mobilecity-vn/images/2023/05/realme-10-pro-plus-china-vang.jpg.webp,realme
Realme 12x 5G ( Dimensity 6100 Plus),4850000,4.850.000 ₫,https://mobilecity.vn/dien-thoai/realme-12x-5g-dimensity-6100-plus.html,https://cdn.mobilecity.vn/mobilecity-vn/images/2024/03/realme-12x-xanh.jpg.webp,realme
Realme P1 5G (Dimensity 7050),4850000,4.850.000 ₫,https://mobilecity.vn/dien-thoai/realme-p1-5g-dimensity-7050.html,https://cdn.mobilecity.vn/mobilecity-vn/images/2024/04/realme-p1-xanh.jpg.webp,realme
Realme P2 Pro 5G (sạc siêu nhanh 80W),4850000,4.850.000 ₫,https://mobilecity.vn/dien-thoai/realme-p2-pro-5g-sac-sieu-nhanh-80w.html,https://cdn.mobilecity.vn/mobilecity-vn/images/2024/09/realme-p2-pro-xanh.jpg.webp,realme
Realme Narzo 70 Turbo (Dimensity 7300 Energy),4950000,4.950.000 ₫,https://mobilecity.vn/dien-thoai/realme-narzo-70-turbo-dimensity-7300-energy.html,https://cdn.mobilecity.vn/mobilecity-vn/images/2024/09/realme-narzo-70-turbo-vang.jpg.webp,realme
Realme 15x 5G (Quốc tế - Pin 7000mAh),4950000,4.950.000 ₫,https://mobilecity.vn/dien-thoai/realme-15x-5g-pin-7000mah.html,https://cdn.mobilecity.vn/mobilecity-vn/images/2025/10/realme-15x-do-tia.jpg,realme
Realme P3 5G (Snapdragon 6 Gen 4),5050000,5.050.000 ₫,https://mobilecity.vn/dien-thoai/realme-p3-5g-pin-6000mah.html,https://cdn.mobilecity.vn/mobilecity-vn/images/2025/03/realme-p3-hinh-tinh-van.jpg.webp,realme
Realme V60 Pro (Pin 5600mAh),5150000,5.150.000 ₫,https://mobilecity.vn/dien-thoai/realme-v60-pro-pin-5600mah.html,https://cdn.mobilecity.vn/mobilecity-vn/images/2024/11/realme-v60-pro-do.jpg.webp,realme
Realme Narzo 60 5G (Dimensity 6020),5150000,5.150.000 ₫,https://mobilecity.vn/dien-thoai/realme-narzo-60-dimensity-6020.html,https://cdn.mobilecity.vn/mobilecity-vn/images/2023/07/realme-narzo-60-5g-den.jpg.webp,realme
Realme 14T 5G Chính hãng (Pin 6000mAh - Dimensity 6300),5250000,5.250.000 ₫,https://mobilecity.vn/dien-thoai/realme-14t-5g-chinh-hang.html,https://cdn.mobilecity.vn/mobilecity-vn/images/2025/06/realme-14t-5g-tim.jpg.webp,realme
Realme 13 Pro 5G (Dimensity 7300 Energy),5250000,5.250.000 ₫,https://mobilecity.vn/dien-thoai/realme-13-pro-5g-ram8-12gb.html,https://cdn.mobilecity.vn/mobilecity-vn/images/2024/09/realme-13-pro-5g-huyen-vu-den.jpg.webp,realme
Realme 13 5G Global (Dimensity 6300),5350000,5.350.000 ₫,https://mobilecity.vn/dien-thoai/realme-13-5g.html,https://cdn.mobilecity.vn/mobilecity-vn/images/2024/08/realme-13-tim-dam.jpg.webp,realme
Realme GT Neo 3 (Dimensity 8100),5450000,5.450.000 ₫,https://mobilecity.vn/dien-thoai/realme-gt-neo-3.html,https://cdn.mobilecity.vn/mobilecity-vn/images/2022/06/realme-gt-neo-3-xanh-tim-1.jpg.webp,realme
Realme C75 Chính hãng (Helio G92 Max - IP69),5450000,5.450.000 ₫,https://mobilecity.vn/dien-thoai/realme-c75-chinh-hang-helio-g92-max.html,https://cdn.mobilecity.vn/mobilecity-vn/images/2024/11/realme-c75-vang.jpg.webp,realme
Realme 12 Pro 5G (Snapdragon 6 Gen 1),5450000,5.450.000 ₫,https://mobilecity.vn/dien-thoai/realme-12-pro-man-hinh-cong-gia-re.html,https://cdn.mobilecity.vn/mobilecity-vn/images/2024/01/realme-12-pro-xanh.jpg.webp,realme
Realme Narzo 80 Pro (Dimensity 7400 - Pin 6000mAh),5550000,5.550.000 ₫,https://mobilecity.vn/dien-thoai/realme-narzo-80-pro-dimensity-7400.html,https://cdn.mobilecity.vn/mobilecity-vn/images/2025/04/realme-narzo-80-pro-bac.jpg.webp,realme
Realme 12 Lite (Snapdragon 685 - màn 90Hz),5550000,5.550.000 ₫,https://mobilecity.vn/dien-thoai/realme-12-lite-snapdragon-685.html,https://cdn.mobilecity.vn/mobilecity-vn/images/2024/04/realme-12-lite-den.jpg.webp,realme
Realme GT Neo 3 (Sạc 150W - Dimensity 8100),5650000,5.650.000 ₫,https://mobilecity.vn/dien-thoai/realme-gt-neo-3-sac-150w.html,https://cdn.mobilecity.vn/mobilecity-vn/images/2022/05/realme-gt-neo3-trang-150w.png.webp,realme
Realme Narzo 70 Pro 5G (Camera 50MP Sony IMX890 OIS),5690000,5.690.000 ₫,https://mobilecity.vn/dien-thoai/realme-narzo-70-pro-5g-camera-sony-imx890.html,https://cdn.mobilecity.vn/mobilecity-vn/images/2024/03/realme-narzo-70-pro-5g-xanh.jpg.webp,realme
Realme GT Neo 6 SE 5G (Snapdragon 7+ Gen 3),5750000,5.750.000 ₫,https://mobilecity.vn/dien-thoai/realme-gt-neo-6-se-5g-chip-sieu-manh.html,https://cdn.mobilecity.vn/mobilecity-vn/images/2024/04/realme-gt-neo-6-se-xanh.jpg.webp,realme
Realme 15 5G (Dimensity 7300 Plus - Pin 7000mAh),5750000,5.750.000 ₫,https://mobilecity.vn/dien-thoai/realme-15-5g-ai-gia-re.html,https://cdn.mobilecity.vn/mobilecity-vn/images/2025/07/realme-15-hong.jpg.webp,realme
"Realme 11 Pro 5G (Dimensity 7050, Sạc 67W)",5950000,5.950.000 ₫,https://mobilecity.vn/dien-thoai/realme-11-pro-5g.html,https://cdn.mobilecity.vn/mobilecity-vn/images/2023/05/realme-11-pro-xanh.jpg.webp,realme
Realme 12 Plus 5G (Dimensity 7050),5950000,5.950.000 ₫,https://mobilecity.vn/dien-thoai/realme-12-plus-5g-dimensity-7050.html,https://cdn.mobilecity.vn/mobilecity-vn/images/2024/03/realme-12-plus-xanh.jpg.webp,realme
Realme P3 Pro 5G (Snapdragon 7s Gen 3),6050000,6.050.000 ₫,https://mobilecity.vn/dien-thoai/realme-p3-pro-5g.html,https://cdn.mobilecity.vn/mobilecity-vn/images/2025/02/realme-p3-pro-xanh.jpg.webp,realme
Realme GT 10000mAh (Dimensity 7300),6450000,6.450.000 ₫,https://mobilecity.vn/dien-thoai/realme-gt-10000mah.html,https://cdn.mobilecity.vn/mobilecity-vn/images/2025/05/realme-gt-10000mah-ro-ri-06.jpg.webp,realme
"Realme GT Neo 5 5G (Snapdragon 8+ Gen 1, sạc 150W)",6550000,6.550.000 ₫,https://mobilecity.vn/dien-thoai/realme-gt-neo-5-pin-5000-mah-sac-150w.html,https://cdn.mobilecity.vn/mobilecity-vn/images/2023/02/realme-gt-neo-5-5g-trang.jpg.webp,realme
Realme GT 6T 5G (Snapdragon 7+ Gen 3 - Sạc 120W),6550000,6.550.000 ₫,https://mobilecity.vn/dien-thoai/realme-gt-6t-5g-do-sang-6000nit.html,https://cdn.mobilecity.vn/mobilecity-vn/images/2024/05/realme-gt-6t-5g-xanh.jpg.webp,realme
Realme 13 Plus 5G Global (Dimensity 7300 Energy),6850000,6.850.000 ₫,https://mobilecity.vn/dien-thoai/realme-13-plus-5g-dimensity-7300-energy.html,https://cdn.mobilecity.vn/mobilecity-vn/images/2024/08/realme-13-plus-vang.jpg.webp,realme
Realme Narzo 60 Pro 5G Chính hãng (Dimensity 7050),6880000,6.880.000 ₫,https://mobilecity.vn/dien-thoai/realme-narzo-60-pro-chinh-hang.html,https://cdn.mobilecity.vn/mobilecity-vn/images/2023/07/realme-narzo-60-pro-cam.jpg.webp,realme
Realme GT 7T (Dimensity 8400 Max),6950000,6.950.000 ₫,https://mobilecity.vn/dien-thoai/realme-gt-7t-hieu-nang-manh-me.html,https://cdn.mobilecity.vn/mobilecity-vn/images/2025/05/realme-gt-7t-vang.jpg.webp,realme
Realme GT Neo 6 5G (Snapdragon 8s Gen 3 - Màn hình sáng 6000nit),6950000,6.950.000 ₫,https://mobilecity.vn/dien-thoai/realme-gt-neo-6-chip-sieu-manh.html,https://cdn.mobilecity.vn/mobilecity-vn/images/2024/05/realme-gt-neo-6-tim.jpg.webp,realme
Realme 13 Pro Plus 5G (Sạc nhanh 80W - IP65),6950000,6.950.000 ₫,https://mobilecity.vn/dien-thoai/realme-13-pro-plus-thiet-ke-sang-trong.html,https://cdn.mobilecity.vn/mobilecity-vn/images/2024/07/realme-13-pro-plus-xanh.jpg.webp,realme
Realme 11 Pro Plus 5G (Dimensity 7050),7150000,7.150.000 ₫,https://mobilecity.vn/dien-thoai/realme-11-pro-plus.html,https://cdn.mobilecity.vn/mobilecity-vn/images/2023/05/realme-11-pro-plus-vang.jpg.webp,realme
Realme 13 Pro Extreme Edition (Snapdragon 7s Gen 2),7350000,7.350.000 ₫,https://mobilecity.vn/dien-thoai/realme-13-pro-extreme-edition.html,https://cdn.mobilecity.vn/mobilecity-vn/images/2024/09/realme-13-pro-extreme-edition-tim.jpg.webp,realme
Realme 14 Pro 5G Global (Dimensity 7300 Energy),7350000,7.350.000 ₫,https://mobilecity.vn/dien-thoai/realme-14-pro-5g-camera-dep.html,https://cdn.mobilecity.vn/mobilecity-vn/images/2025/01/realme-14-pro-hong-tim.jpg.webp,realme
Realme P4 Pro 5G (Snapdragon 7 Gen 4 - Pin 7000mAh),7590000,7.590.000 ₫,https://mobilecity.vn/dien-thoai/realme-p4-pro-5g.html,https://cdn.mobilecity.vn/mobilecity-vn/images/2025/08/realme-p4-pro-5g-xanh.jpg.webp,realme
Realme 11 4G Chính hãng (Helio G99),7950000,7.950.000 ₫,https://mobilecity.vn/dien-thoai/realme-11-4g-chinh-hang.html,https://cdn.mobilecity.vn/mobilecity-vn/images/2023/07/realme-11-vang.jpg.webp,realme
Realme P3 Ultra (IP68/IP69 - Dimensity 8350 Ultra),8150000,8.150.000 ₫,https://mobilecity.vn/dien-thoai/realme-p3-ultra-ip69.html,https://cdn.mobilecity.vn/mobilecity-vn/images/2025/04/realme-p3-ultra-xanh-duong.jpg.webp,realme
Realme 14 Pro Plus 5G (Snapdragon 7s Gen 3),8250000,8.250.000 ₫,https://mobilecity.vn/dien-thoai/realme-14-pro-plus-manh-me.html,https://cdn.mobilecity.vn/mobilecity-vn/images/2025/01/realme-14-pro-plus-trang-ma-vang.jpg.webp,realme
Realme 12 Pro Plus 5G (Snapdragon 7s Gen 2),8950000,8.950.000 ₫,https://mobilecity.vn/dien-thoai/realme-12-pro-plus-thiet-ke-dep.html,https://cdn.mobilecity.vn/mobilecity-vn/images/2024/01/realme-12-pro-plus-do.jpg.webp,realme
Realme GT5 5G (Snapdragon 8 Gen 2),9150000,9.150.000 ₫,https://mobilecity.vn/dien-thoai/realme-gt5-snapdragon-8-gen-2.html,https://cdn.mobilecity.vn/mobilecity-vn/images/2023/08/realme-gt5-xanh.jpg.webp,realme
Realme 14 5G Chính hãng (Pin 6000mAh - IP68/IP69),9450000,9.450.000 ₫,https://mobilecity.vn/dien-thoai/realme-14-5g-gia-re.html,https://cdn.mobilecity.vn/mobilecity-vn/images/2025/06/realme-14-5g-bac.jpg.webp,realme
Realme GT Neo 5 sạc 240W (Màn AMOLED 144Hz),9450000,9.450.000 ₫,https://mobilecity.vn/dien-thoai/realme-gt-neo-5-240w-snapdragon-8-gen-1.html,https://cdn.mobilecity.vn/mobilecity-vn/images/2023/02/realme-gt-neo-5-240w-tim-0.jpg.webp,realme
Realme 15 Pro 5G (AI Party Phone),9750000,9.750.000 ₫,https://mobilecity.vn/dien-thoai/realme-15-pro-ai-party-phone.html,https://cdn.mobilecity.vn/mobilecity-vn/images/2025/07/realme-15-pro-trang.jpg.webp,realme
Realme 16 Pro Chính hãng,9950000,9.950.000 ₫,https://mobilecity.vn/dien-thoai/realme-16-pro-chinh-hang.html,https://cdn.mobilecity.vn/mobilecity-vn/images/2026/01/realme-16-pro-chinh-hang-1.jpg,realme
Realme GT7 Pro Racing Edition (Snapdragon 8 Elite rẻ nhất),10850000,10.850.000 ₫,https://mobilecity.vn/dien-thoai/realme-gt7-pro-racing-edition.html,https://cdn.mobilecity.vn/mobilecity-vn/images/2025/02/realme-gt7-pro-racing-edition-xanh-hai-vuong.jpg.webp,realme
Realme GT5 Pro 5G (Snapdragon 8 Gen 3),11550000,11.550.000 ₫,https://mobilecity.vn/dien-thoai/realme-gt5-pro-sieu-manh.html,https://cdn.mobilecity.vn/mobilecity-vn/images/2023/12/realme-gt-5-pro-cam.jpg.webp,realme
Realme GT 7 Global (Dimensity 9400e - Pin 7000mAh),12250000,12.250.000 ₫,https://mobilecity.vn/dien-thoai/realme-gt-7-global.html,https://cdn.mobilecity.vn/mobilecity-vn/images/2025/06/realme-gt-7-global-blue.jpg.webp,realme
Realme GT 2 Pro (Chính hãng),15450000,15.450.000 ₫,https://mobilecity.vn/dien-thoai/realme-gt-2-pro-chinh-hang.html,https://cdn.mobilecity.vn/mobilecity-vn/images/2022/03/realme-gt-2-pro-chinh-hang.jpg.webp,realme
Realme Chill Fan Phone (Pin 10.000mAh - Có quạt tản nhiệt),0,Liên hệ,https://mobilecity.vn/dien-thoai/realme-chill-fan-phone.html,https://cdn.mobilecity.vn/mobilecity-vn/images/2025/08/realme-chill-fan-phone-ro-ri-01.jpg.webp,realme
Realme 15000mAh (Dimensity 7300),0,Liên hệ,https://mobilecity.vn/dien-thoai/realme-15000mah-dimensity-7300.html,https://cdn.mobilecity.vn/mobilecity-vn/images/2025/08/realme-15000mah-anh-ro-ri.jpg.webp,realme
Realme V21,0,Liên hệ,https://mobilecity.vn/dien-thoai/realme-v21.html,https://cdn.mobilecity.vn/mobilecity-vn/images/2022/03/realme-v21.jpg.webp,realme
Realme V20 5G,0,Liên hệ,https://mobilecity.vn/dien-thoai/realme-v20-5g.html,https://cdn.mobilecity.vn/mobilecity-vn/images/2022/08/realme-v20-xanh.jpg.webp,realme
Realme Q5x,0,Liên hệ,https://mobilecity.vn/dien-thoai/realme-q5x.html,https://cdn.mobilecity.vn/mobilecity-vn/images/2022/06/realme-q5x-den.png.webp,realme
Realme Q5 Carnival Edition,0,Liên hệ,https://mobilecity.vn/dien-thoai/realme-q5-carnival-edition.html,https://cdn.mobilecity.vn/mobilecity-vn/images/2022/07/realme-q5-carnival-edition-mau-vang.jpg.webp,realme
Realme Narzo 60i,0,Liên hệ,https://mobilecity.vn/dien-thoai/realme-narzo-60i.html,https://cdn.mobilecity.vn/mobilecity-vn/images/2022/08/realme-narzo-60i-1.jpg.webp,realme
Realme Narzo 60A,0,Liên hệ,https://mobilecity.vn/dien-thoai/realme-narzo-60a.html,https://cdn.mobilecity.vn/mobilecity-vn/images/2022/08/realme-narzo-60a-1.jpg.webp,realme
Realme GT Neo 6 Pro 5G (Snapdragon 8 Gen 2 - Ép xung),0,Liên hệ,https://mobilecity.vn/dien-thoai/realme-gt-neo-6-pro-5g.html,https://cdn.mobilecity.vn/mobilecity-vn/images/2023/07/realme-gt-neo-6-pro-minh-hoa.jpg.webp,realme
Realme 16 Chính hãng,0,Liên hệ,https://mobilecity.vn/dien-thoai/realme-16-chinh-hang.html,https://cdn.mobilecity.vn/mobilecity-vn/images/2026/01/realme-16-chinh-hang-0-8.jpg,realme
Realme 9i (Chính hãng),0,Liên hệ,https://mobilecity.vn/realme/realme-9i.html,https://cdn.mobilecity.vn/mobilecity-vn/images/2022/01/realme-9i-13.jpg.webp,realme
Realme Q5 Pro Carnival,0,Liên hệ,https://mobilecity.vn/dien-thoai/realme-q5-pro-carnival.html,https://cdn.mobilecity.vn/mobilecity-vn/images/2022/07/realme-q5-pro-carnival-1.jpg.webp,realme
Realme 11x 5G (Dimensity 6100 Plus),0,Liên hệ,https://mobilecity.vn/dien-thoai/realme-11x-5g-dimensity-6100-plus.html,https://cdn.mobilecity.vn/mobilecity-vn/images/2023/08/realme-11x-xanh.jpg.webp,realme
Realme Note 50 Chính hãng (Màn hình 90Hz),1850000,1.850.000 ₫,https://mobilecity.vn/dien-thoai/realme-note-50-chinh-hang.html,https://cdn.mobilecity.vn/mobilecity-vn/images/2024/02/realme-note-50-xanh.jpg.webp,realme
Realme Note 60 Chính hãng (Giá siêu rẻ),2250000,2.250.000 ₫,https://mobilecity.vn/dien-thoai/realme-note-60-chinh-hang.html,https://cdn.mobilecity.vn/mobilecity-vn/images/2024/08/realme-note-60-tim.jpg.webp,realme
Realme Narzo 50i (Chính hãng - Pin 5000mAh),2600000,2.600.000 ₫,https://mobilecity.vn/realme/realme-narzo-50i.html,https://cdn.mobilecity.vn/mobilecity-vn/images/2021/12/realme-narzo-50i-2.jpg.webp,realme
Realme C65s Chính hãng (Màn hình 90Hz - Sạc 45W),2950000,2.950.000 ₫,https://mobilecity.vn/dien-thoai/realme-c65s-chinh-hang.html,https://cdn.mobilecity.vn/mobilecity-vn/images/2025/05/realme-c65s-xanh-hoang-gia.jpg.webp,realme
Realme Neo7x 5G (Snapdragon 6 Gen 4),3950000,3.950.000 ₫,https://mobilecity.vn/dien-thoai/realme-neo7x-5g.html,https://cdn.mobilecity.vn/mobilecity-vn/images/2025/02/realme-neo7x-trang.jpg.webp,realme
Realme Q3s (Snapdragon 778G),4650000,4.650.000 ₫,https://mobilecity.vn/oppo/realme-q3s.html,https://cdn.mobilecity.vn/mobilecity-vn/images/2021/10/realme-q3s-trang.jpg.webp,realme
Realme V15 5G,4750000,4.750.000 ₫,https://mobilecity.vn/oppo/realme-v15-5g.html,https://cdn.mobilecity.vn/mobilecity-vn/images/2021/04/realme-v15-5g-1.png.webp,realme
Realme GT Neo 2T (Dimensity 1200),4950000,4.950.000 ₫,https://mobilecity.vn/oppo/realme-gt-neo-2t.html,https://cdn.mobilecity.vn/mobilecity-vn/images/2021/10/realme-gt-neo-2t-trang.jpg.webp,realme
Realme GT Neo 2 (Snapdragon 870 - Sạc 65W),5650000,5.650.000 ₫,https://mobilecity.vn/oppo/realme-gt-neo-2.html,https://cdn.mobilecity.vn/mobilecity-vn/images/2021/09/realme-gt-neo-2-mint.jpg.webp,realme
Realme Q3 Pro 5G (Dimensity 1100),5750000,5.750.000 ₫,https://mobilecity.vn/oppo/realme-q3-pro.html,https://cdn.mobilecity.vn/mobilecity-vn/images/2021/04/realme-q3-pro-3-2.jpg.webp,realme
Realme Q3 Pro Carnival (Snap 768G),5850000,5.850.000 ₫,https://mobilecity.vn/oppo/realme-q3-pro-carnival.html,https://cdn.mobilecity.vn/mobilecity-vn/images/2021/07/realme-q3-pro-carnival-xanh.jpg.webp,realme
Realme Neo7 SE 5G (Dimensity 8400 Max - Pin 7000mAh),5850000,5.850.000 ₫,https://mobilecity.vn/dien-thoai/realme-gt-neo-7-se-gia-re.html,https://cdn.mobilecity.vn/mobilecity-vn/images/2025/02/realme-neo7-se-xanh.jpg.webp,realme
Realme GT Neo,6250000,6.250.000 ₫,https://mobilecity.vn/oppo/realme-gt-neo.html,https://cdn.mobilecity.vn/mobilecity-vn/images/2021/07/realme-gt-neo-trang.jpg.webp,realme
Realme X7 Pro,6450000,6.450.000 ₫,https://mobilecity.vn/oppo/realme-x7-pro.html,https://cdn.mobilecity.vn/mobilecity-vn/images/2020/09/realme-x7-pro-xanh.jpg.webp,realme
Realme GT 2 Pro (Snapdragon 8 Gen 1),6450000,6.450.000 ₫,https://mobilecity.vn/realme/realme-gt-2-pro.html,https://cdn.mobilecity.vn/mobilecity-vn/images/2022/01/realme-gt-2-pro-1.jpg.webp,realme
Realme GT Neo Flash Edition,6750000,6.750.000 ₫,https://mobilecity.vn/oppo/realme-gt-neo-flash-edition.html,https://cdn.mobilecity.vn/mobilecity-vn/images/2021/09/realme-gt-neo-flash-edition.jpeg.webp,realme
Realme GT Master Edition (Snap 778G),6950000,6.950.000 ₫,https://mobilecity.vn/oppo/realme-gt-master-edition.html,https://cdn.mobilecity.vn/mobilecity-vn/images/2021/08/realme-gt-master-edition-grey.jpg.webp,realme
Realme Neo7 (Dimensity 9300 Plus - Pin 7000mAh),7150000,7.150.000 ₫,https://mobilecity.vn/dien-thoai/realme-neo7-sieu-manh.html,https://cdn.mobilecity.vn/mobilecity-vn/images/2024/12/realme-neo7-xanh.jpg.webp,realme
Realme GT6 5G AI (Snapdragon 8 Gen 3),7650000,7.650.000 ₫,https://mobilecity.vn/dien-thoai/realme-gt6-5g-cao-cap.html,https://cdn.mobilecity.vn/mobilecity-vn/images/2024/07/realme-gt6-5g-china-den.jpg.webp,realme
Realme GT 5G (Snap888),8150000,8.150.000 ₫,https://mobilecity.vn/oppo/realme-gt-5g.html,https://cdn.mobilecity.vn/mobilecity-vn/images/2021/07/realme-gt-5g-vang.jpg.webp,realme
Realme GT 2 (Snapdragon 888),8250000,8.250.000 ₫,https://mobilecity.vn/realme/realme-gt-2.html,https://cdn.mobilecity.vn/mobilecity-vn/images/2022/01/realme-gt-2.jpg.webp,realme
Realme GT7 5G (Dimensity 9400 Plus - Pin 7200mAh),8650000,8.650.000 ₫,https://mobilecity.vn/dien-thoai/realme-gt7-5g-hieu-nang-sieu-manh.html,https://cdn.mobilecity.vn/mobilecity-vn/images/2025/04/realme-gt7-xanh.jpg.webp,realme
Realme GT7 Pro 5G (Snapdragon 8 Elite),11650000,11.650.000 ₫,https://mobilecity.vn/dien-thoai/realme-gt7-pro-5g-cao-cap-hang-dau.html,https://cdn.mobilecity.vn/mobilecity-vn/images/2024/11/realme-gt7-pro-cam.jpg.webp,realme
Realme Q2 5G (Dimensity 800U),2550000,2.550.000 ₫,https://mobilecity.vn/oppo/realme-q2.html,https://cdn.mobilecity.vn/mobilecity-vn/images/2023/05/realme-q2-xanh.jpg.webp,realme
Realme X Lite (Có Tiếng Việt),3150000,3.150.000 ₫,https://mobilecity.vn/oppo/realme-x-lite.html,https://cdn.mobilecity.vn/mobilecity-vn/images/2019/06/realme-x-lite-t.jpg.webp,realme
Realme 3 Pro (Chính Hãng),3450000,3.450.000 ₫,https://mobilecity.vn/oppo/realme-3-pro.html,https://cdn.mobilecity.vn/mobilecity-vn/images/2020/02/realme-3-pro-tim.jpg.webp,realme
Realme Q3 5G (Snapdragon 750G 5G),3450000,3.450.000 ₫,https://mobilecity.vn/oppo/realme-q3-5g.html,https://cdn.mobilecity.vn/mobilecity-vn/images/2023/05/realme-q3-5g-den.jpg.webp,realme
Realme Q (Realme 5 Pro),3550000,3.550.000 ₫,https://mobilecity.vn/oppo/realme-q.html,https://cdn.mobilecity.vn/mobilecity-vn/images/2019/09/mc-realme-q.jpg.webp,realme
Realme X (Camera Popup),3650000,3.650.000 ₫,https://mobilecity.vn/oppo/realme-x.html,https://cdn.mobilecity.vn/mobilecity-vn/images/2019/05/realme-x-blue.jpg.webp,realme
Realme Q3i,3650000,3.650.000 ₫,https://mobilecity.vn/oppo/realme-q3i.html,https://cdn.mobilecity.vn/mobilecity-vn/images/2021/04/realme-q3i-7.jpg.webp,realme
Realme X2 (Snapdragon 730G),4550000,4.550.000 ₫,https://mobilecity.vn/oppo/realme-x2.html,https://cdn.mobilecity.vn/mobilecity-vn/images/2019/10/mc-realme-x2-2.jpg.webp,realme
Realme X50T 5G,5000000,5.000.000 ₫,https://mobilecity.vn/oppo/realme-x50t.html,https://cdn.mobilecity.vn/mobilecity-vn/images/2020/07/realme-x50t.jpg.webp,realme
Realme Q2 Pro (màn AMOLED),5250000,5.250.000 ₫,https://mobilecity.vn/oppo/realme-q2-pro.html,https://cdn.mobilecity.vn/mobilecity-vn/images/2023/06/realme-q2-pro-silver-1.jpg.webp,realme
Realme X50m (6-128GB),5450000,5.450.000 ₫,https://mobilecity.vn/oppo/realme-x50m.html,https://cdn.mobilecity.vn/mobilecity-vn/images/2020/04/realme-x50-trang-1.jpg.webp,realme
Realme X7,5450000,5.450.000 ₫,https://mobilecity.vn/oppo/realme-x7.html,https://cdn.mobilecity.vn/mobilecity-vn/images/2020/09/realme-x7-ngoc-trai.jpg.webp,realme
Realme X50 5G,5650000,5.650.000 ₫,https://mobilecity.vn/oppo/realme-x50.html,https://cdn.mobilecity.vn/mobilecity-vn/images/2020/01/realme-x50-mc-glacier.jpg.webp,realme
Realme 6,6500000,6.500.000 ₫,https://mobilecity.vn/oppo/realme-6.html,https://cdn.mobilecity.vn/mobilecity-vn/images/2020/03/realme-6-23.jpg.webp,realme
Realme 6 Pro,6500000,6.500.000 ₫,https://mobilecity.vn/oppo/realme-6-pro.html,https://cdn.mobilecity.vn/mobilecity-vn/images/2020/03/realme-6-pro-3.jpg.webp,realme
Realme X50 Pro 5G,11950000,11.950.000 ₫,https://mobilecity.vn/oppo/realme-x50-pro.html,https://cdn.mobilecity.vn/mobilecity-vn/images/2020/02/realme-x50-5g.jpg.webp,realme
Realme X2 Pro Master Edition,0,Liên hệ,https://mobilecity.vn/oppo/realme-x2-pro-master-edition.html,https://cdn.mobilecity.vn/mobilecity-vn/images/2019/10/main-2.jpg.webp,realme
Realme 5i (Chính Hãng),0,Liên hệ,https://mobilecity.vn/oppo/realme-5i.html,https://cdn.mobilecity.vn/mobilecity-vn/images/2020/02/mc-realme-5i-blue.jpg.webp,realme
Realme GT Master Explorer Edition (Snap 870),0,Liên hệ,https://mobilecity.vn/oppo/realme-gt-master-explorer-edition.html,https://cdn.mobilecity.vn/mobilecity-vn/images/2021/08/realme-gt-explorer-edition-gold.jpg.webp,realme
Điện thoại Realme C15 (Pin 6000 mAh) - Chính hãng,0,Liên hệ,https://mobilecity.vn/dien-thoai/dien-thoai-realme-c15-pin6000mah-chinh-hang.html,https://cdn.mobilecity.vn/mobilecity-vn/images/2023/06/realme-c15-mau-xanh-duong-1.jpg.webp,realme
"Realme C25s (Helio G85, pin 6000 mAh) Chính hãng",0,Liên hệ,https://mobilecity.vn/dien-thoai/realme-c25s-helio-g85-pin-6000mah-chinh-hang.html,https://cdn.mobilecity.vn/mobilecity-vn/images/2023/06/realme-c25s-mau-xam-dai-dien.jpg.webp,realme
"Realme C30s (Chính hãng - Pin 5000mAh, màn 6.5 inch)",2020000,2.020.000 ₫,https://mobilecity.vn/dien-thoai/realme-c30s-chinh-hang-gia-re.html,https://cdn.mobilecity.vn/mobilecity-vn/images/2023/02/realme-c30s-chinh-hang-gia-re-xanh.jpg.webp,realme
Realme C30,2250000,2.250.000 ₫,https://mobilecity.vn/dien-thoai/realme-c30.html,https://cdn.mobilecity.vn/mobilecity-vn/images/2022/06/realme-c30-xanh-duong-2.jpg.webp,realme
Realme C33 Chính hãng,2750000,2.750.000 ₫,https://mobilecity.vn/dien-thoai/realme-c33.html,https://cdn.mobilecity.vn/mobilecity-vn/images/2022/10/realme-c33-vang-kim.png.webp,realme
Realme Narzo 50A Prime (Chính hãng),3150000,3.150.000 ₫,https://mobilecity.vn/dien-thoai/realme-narzo-50a-prime.html,https://cdn.mobilecity.vn/mobilecity-vn/images/2022/05/realme-narzo-50a-prime-blue.jpg.webp,realme
Realme C35 Chính hãng (Camera 50MP - Pin 5000mAh),3250000,3.250.000 ₫,https://mobilecity.vn/dien-thoai/realme-c35.html,https://cdn.mobilecity.vn/mobilecity-vn/images/2022/02/realme-c35-10.jpg.webp,realme
Realme Q5 5G (Snapdragon 695 5G),3450000,3.450.000 ₫,https://mobilecity.vn/dien-thoai/realme-q5-5g.html,https://cdn.mobilecity.vn/mobilecity-vn/images/2022/04/realme-q5-trang.jpg.webp,realme
Realme Q2i,3550000,3.550.000 ₫,https://mobilecity.vn/oppo/realme-q2i.html,https://cdn.mobilecity.vn/mobilecity-vn/images/2020/09/realme-v3.jpg.webp,realme
Realme V3,3650000,3.650.000 ₫,https://mobilecity.vn/oppo/realme-v3.html,https://cdn.mobilecity.vn/mobilecity-vn/images/2020/09/realme-v3.jpg.webp,realme
Realme C53 Chính hãng (pin 5000mAh),4250000,4.250.000 ₫,https://mobilecity.vn/dien-thoai/realme-c53-pin-5000mah.html,https://cdn.mobilecity.vn/mobilecity-vn/images/2023/06/realme-c53-vang.jpg.webp,realme
Realme V11 5G,4450000,4.450.000 ₫,https://mobilecity.vn/oppo/realme-v11.html,https://cdn.mobilecity.vn/mobilecity-vn/images/2021/02/realme-v11-3-1.jpg.webp,realme
Realme Narzo 50 Chính hãng (Helio G96 - Màn 120Hz),4450000,4.450.000 ₫,https://mobilecity.vn/dien-thoai/realme-narzo-50.html,https://cdn.mobilecity.vn/mobilecity-vn/images/2022/04/realme-narzo-50-mau-den-2.jpg.webp,realme
Realme V5 5G Chính hãng,4950000,4.950.000 ₫,https://mobilecity.vn/oppo/realme-v5.html,https://cdn.mobilecity.vn/mobilecity-vn/images/2020/08/realme-v5-green.jpg.webp,realme
Realme 9 4G Chính hãng (Snapdragon 680 - Camera 108MP),5450000,5.450.000 ₫,https://mobilecity.vn/dien-thoai/realme-9-4g.html,https://cdn.mobilecity.vn/mobilecity-vn/images/2022/04/realme-9-4g-10-mau-cam.jpg.webp,realme
"Realme GT Neo 5 Lite (Snapdragon 7+ Gen 1, màn 144Hz)",5620000,5.620.000 ₫,https://mobilecity.vn/dien-thoai/realme-gt-neo-5-lite-gia-re.html,https://cdn.mobilecity.vn/mobilecity-vn/images/2023/03/realme-gt-neo-5-lite-minh-hoa.jpg.webp,realme
Realme 9 Pro 5G Chính hãng (Snapdragon 695),6450000,6.450.000 ₫,https://mobilecity.vn/realme/realme-9-pro.html,https://cdn.mobilecity.vn/mobilecity-vn/images/2022/03/realme-9-pro-xanh-luc.png.webp,realme
Realme X2 Pro,7350000,7.350.000 ₫,https://mobilecity.vn/oppo/realme-x2-pro.html,https://cdn.mobilecity.vn/mobilecity-vn/images/2019/10/blue.jpg.webp,realme
Realme V25,7450000,7.450.000 ₫,https://mobilecity.vn/dien-thoai/realme-v25.html,https://cdn.mobilecity.vn/mobilecity-vn/images/2022/03/realme-v25-xanh-tim.png.webp,realme
Realme GT 2 Master Explorer Edition (Snapdragon 8 + Gen 1 - Sạc 100W),8450000,8.450.000 ₫,https://mobilecity.vn/dien-thoai/realme-gt-2-master-explorer-edition.html,https://cdn.mobilecity.vn/mobilecity-vn/images/2022/07/realme-gt-2-master-explorer-edition-yellow.jpg.webp,realme
Realme 9 Pro+,9450000,9.450.000 ₫,https://mobilecity.vn/dien-thoai/realme-9-pro-plus.html,https://cdn.mobilecity.vn/mobilecity-vn/images/2022/03/realme-9-pro-plus-xanh-binh-minh.jpg.webp,realme
Realme GT Neo 5 Pro 5G (Snapdragon 8 Gen 2),9950000,9.950.000 ₫,https://mobilecity.vn/dien-thoai/realme-gt-neo-5-pro-5g.html,https://cdn.mobilecity.vn/mobilecity-vn/images/2023/06/realme-gt-neo-5-pro-minh-hoa-trang.jpg.webp,realme
"Realme GT3 Chính hãng (Snapdragon 8+ Gen 1, sạc 240W)",15450000,15.450.000 ₫,https://mobilecity.vn/dien-thoai/realme-gt3-sac-sieu-nhanh-240w.html,https://cdn.mobilecity.vn/mobilecity-vn/images/2023/03/realme-gt3-sac-sieu-nhanh-240w-black.jpg.webp,realme
Realme GT Neo 2 Dragon Ball Custom Edition,0,Liên hệ,https://mobilecity.vn/realme/realme-gt-neo-2-dragon-ball-custom-edition.html,https://cdn.mobilecity.vn/mobilecity-vn/images/2022/01/realme-gt-neo-2-dragon-ball-edition-4-1.png.webp,realme
Realme GT Neo 3T,0,Liên hệ,https://mobilecity.vn/dien-thoai/realme-gt-neo-3t.html,https://cdn.mobilecity.vn/mobilecity-vn/images/2022/06/realme-gt-neo-3t-mc.jpg.webp,realme
Realme V23,0,Liên hệ,https://mobilecity.vn/dien-thoai/realme-v23.html,https://cdn.mobilecity.vn/mobilecity-vn/images/2022/04/realme-v23-1.jpg.webp,realme
Realme 8 Pro (Chính hãng),0,Liên hệ,https://mobilecity.vn/dien-thoai/realme-8-pro.html,https://cdn.mobilecity.vn/mobilecity-vn/images/2022/04/realme-8-pro-xanh-1.jpg.webp,realme
Realme Q5 Pro Plus,0,Liên hệ,https://mobilecity.vn/dien-thoai/realme-q5-pro-plus.html,https://cdn.mobilecity.vn/mobilecity-vn/images/2022/04/realme-q5-pro-plus-minh-hoa.jpg.webp,realme
Realme 9 5G,0,Liên hệ,https://mobilecity.vn/dien-thoai/realme-9-5g.html,https://cdn.mobilecity.vn/mobilecity-vn/images/2022/05/realme-9-5g-den-1.jpg.webp,realme
Realme GT 2s Pro,0,Liên hệ,https://mobilecity.vn/dien-thoai/realme-gt-2s-pro.html,https://cdn.mobilecity.vn/mobilecity-vn/images/2022/05/realme-gt-2s-pro.jpg.webp,realme
Realme GT Neo 3 Naruto Edtion,0,Liên hệ,https://mobilecity.vn/dien-thoai/realme-gt-neo-3-naruto-edtion.html,https://cdn.mobilecity.vn/mobilecity-vn/images/2022/05/realme-gt-neo-3-naruto.jpg.webp,realme
Realme Note 1 5G (Dimensity 7050),0,Liên hệ,https://mobilecity.vn/dien-thoai/realme-note-1-man-oled-120hz.html,https://cdn.mobilecity.vn/mobilecity-vn/images/2024/01/realme-note-1-minh-hoa-02.jpg.webp,realme
Realme C12 (MediaTek MT6765G Helio G35),0,Liên hệ,https://mobilecity.vn/dien-thoai/realme-c12-mediatek-mt6765g-helio-g35.html,https://cdn.mobilecity.vn/mobilecity-vn/images/2023/07/realme-c12-mediatek-mt6765g-helio-g35-do.jpg.webp,realme
Asus ROG Phone 6D,9950000,9.950.000 ₫,https://mobilecity.vn/dien-thoai/asus-rog-phone-6d.html,https://cdn.mobilecity.vn/mobilecity-vn/images/2022/09/rog-phone-6d.jpg.webp,asus
Asus ROG Phone 3 Elite (Strix Edition),10750000,10.750.000 ₫,https://mobilecity.vn/asus/asus-rog-phone-3-strix.html,https://cdn.mobilecity.vn/mobilecity-vn/images/2021/04/asus-rog-phone-3.jpg.webp,asus
Asus ROG Phone 6 Pro,11550000,11.550.000 ₫,https://mobilecity.vn/dien-thoai/asus-rog-phone-6-pro.html,https://cdn.mobilecity.vn/mobilecity-vn/images/2022/07/asus-rog-phone-6-pro-22.jpg.webp,asus
Asus ROG Phone 6D Ultimate,12450000,12.450.000 ₫,https://mobilecity.vn/dien-thoai/asus-rog-phone-6d-ultimate.html,https://cdn.mobilecity.vn/mobilecity-vn/images/2022/09/asus-rog-phone-6d-ultimate-1.png.webp,asus
Asus ROG Phone 5 5G (Snapdragon 888),13950000,13.950.000 ₫,https://mobilecity.vn/asus/asus-rog-phone-5.html,https://cdn.mobilecity.vn/mobilecity-vn/images/2023/04/asus-rog-phone-5-den.jpeg.webp,asus
Asus ROG Phone 5S (Snap 888+),14450000,14.450.000 ₫,https://mobilecity.vn/asus/asus-rog-phone-5s.html,https://cdn.mobilecity.vn/mobilecity-vn/images/2021/11/asus-rog-phone-5s-trang.jpg.webp,asus
Asus ROG Phone 7 (Snapdragon 8 Gen 2),14450000,14.450.000 ₫,https://mobilecity.vn/dien-thoai/asus-rog-phone-7-thiet-ke-dep.html,https://cdn.mobilecity.vn/mobilecity-vn/images/2023/04/asus-rog-phone-7-den.jpg.webp,asus
Asus ROG Phone 8 5G (Snapdragon 8 Gen 3),15450000,15.450.000 ₫,https://mobilecity.vn/dien-thoai/asus-rog-phone-8-gaming-phone-sieu-manh.html,https://cdn.mobilecity.vn/mobilecity-vn/images/2024/01/asus-rog-phone-8-den.jpg.webp,asus
Asus Zenfone 9,16450000,16.450.000 ₫,https://mobilecity.vn/dien-thoai/asus-zenfone-9.html,https://cdn.mobilecity.vn/mobilecity-vn/images/2022/07/asus-zenfone-9-xanh.png.webp,asus
Asus Zenfone 10 5G (Snapdragon 8 Gen 2),20490000,20.490.000 ₫,https://mobilecity.vn/dien-thoai/asus-zenfone-10-gia-re.html,https://cdn.mobilecity.vn/mobilecity-vn/images/2023/06/asus-zenfone-10-xanh-la.jpg.webp,asus
Asus ROG Phone 9 FE (Snapdragon 8 Gen 3),22450000,22.450.000 ₫,https://mobilecity.vn/dien-thoai/asus-rog-phone-9-fe.html,https://cdn.mobilecity.vn/mobilecity-vn/images/2025/02/asus-rog-phone-9-fe-mau-den.jpg.webp,asus
Asus Zenfone 11 Ultra 5G (Snapdragon 8 Gen 3),25950000,25.950.000 ₫,https://mobilecity.vn/dien-thoai/asus-zenfone-11-ultra.html,https://cdn.mobilecity.vn/mobilecity-vn/images/2024/03/asus-zenfone-11-ultra-vang.jpg.webp,asus
Asus Zenfone 12 Ultra (Snapdragon 8 Elite),26950000,26.950.000 ₫,https://mobilecity.vn/dien-thoai/asus-zenfone-12-ultra-5g.html,https://cdn.mobilecity.vn/mobilecity-vn/images/2025/02/asus-zenfone-12-ultra-sage-green.jpg.webp,asus
Asus ROG Phone 9 Pro (Snapdragon 8 Elite),27950000,27.950.000 ₫,https://mobilecity.vn/dien-thoai/asus-rog-phone-9-pro.html,https://cdn.mobilecity.vn/mobilecity-vn/images/2024/11/rog-phone-9-pro-dai-dien.jpg.webp,asus
Asus ROG Phone 7 Ultimate,31550000,31.550.000 ₫,https://mobilecity.vn/dien-thoai/asus-rog-phone-7-ultimate-dung-luong-pin-cao.html,https://cdn.mobilecity.vn/mobilecity-vn/images/2023/04/asus-rog-phone-7-ultimate-trang.jpg.webp,asus
Asus ROG Phone 8 Pro 5G (RAM 12-24GB),0,Liên hệ,https://mobilecity.vn/dien-thoai/asus-rog-phone-8-pro-5g-snapdragon-8-gen-3.html,https://cdn.mobilecity.vn/mobilecity-vn/images/2024/01/asus-rog-phone-8-pro-dai-dien.jpg.webp,asus
Asus ROG Phone 2 RAM 12GB - 512GB (Full Vali Siêu khủng),0,Liên hệ,https://mobilecity.vn/asus/asus-rog-phone-2-ram-12gb-512gb.html,https://cdn.mobilecity.vn/mobilecity-vn/images/2019/09/mc-asus-rog-phone-2.jpg.webp,asus
Asus ROG Phone 7 cũ (Snapdragon 8 Gen 2),12950000,12.950.000 ₫,https://mobilecity.vn/dien-thoai/asus-rog-phone-7-cu-snapdragon-8-gen-2.html,https://cdn.mobilecity.vn/mobilecity-vn/images/2023/06/asus-rog-phone-7-trang-cu.jpg.webp,asus
Asus ROG Phone 9 (Snapdragon 8 Elite),17650000,17.650.000 ₫,https://mobilecity.vn/dien-thoai/asus-rog-phone-9-snapdragon-8-elite.html,https://cdn.mobilecity.vn/mobilecity-vn/images/2024/11/rog-phone-9-trang.jpg.webp,asus
"Asus ROG Phone 6 (Snapdragon 8+ Gen 1, pin 6000mAh)",0,Liên hệ,https://mobilecity.vn/asus/asus-rog-phone-6.html,https://cdn.mobilecity.vn/mobilecity-vn/images/2022/07/rog-phone-6-trang.jpg.webp,asus
Asus ROG Phone 3 Tencent,11450000,11.450.000 ₫,https://mobilecity.vn/asus/asus-rog-phone-3.html,https://cdn.mobilecity.vn/mobilecity-vn/images/2021/04/asus-rog-phone-3.jpg.webp,asus
Asus ROG Phone 2 (Snapdragon 855+),11950000,11.950.000 ₫,https://mobilecity.vn/asus/asus-rog-phone-2.html,https://cdn.mobilecity.vn/mobilecity-vn/images/2023/05/rog-phone-2.jpg.webp,asus
Asus ROG Phone 8 Ultimate 5G (Snapdragon 8 Gen 3),19950000,19.950.000 ₫,https://mobilecity.vn/dien-thoai/asus-rog-phone-8-ultimate-5g.html,https://cdn.mobilecity.vn/mobilecity-vn/images/2023/08/rog-phone-8-ultimare-minh-hoa.jpg.webp,asus
Asus ROG Phone 7D 5G (Snapdragon 8 Gen 2),0,Liên hệ,https://mobilecity.vn/dien-thoai/asus-rog-phone-7d.html,https://cdn.mobilecity.vn/mobilecity-vn/images/2023/03/asus-rog-phone-7-d-minh-hoa-01.jpg.webp,asus
Asus Zenfone 11 5G (Snapdragon 8 Gen 3),0,Liên hệ,https://mobilecity.vn/dien-thoai/asus-zenfone-11-5G-cao-cap.html,https://cdn.mobilecity.vn/mobilecity-vn/images/2024/02/asus-zenfone-11-minh-hoa-000.jpg.webp,asus
"OnePlus Nord CE 2 (Dimensity 900, Màn AMOLED 90Hz)",3450000,3.450.000 ₫,https://mobilecity.vn/dien-thoai/oneplus-nord-ce-2.html,https://cdn.mobilecity.vn/mobilecity-vn/images/2022/04/oneplus-nord-ce-2-mau-den.jpg.webp,oneplus
OnePlus Ace 5 5G (Snapdragon 8 Gen 3),8250000,8.250.000 ₫,https://mobilecity.vn/dien-thoai/oneplus-ace-5-5g-chip-snapdragon.html,https://cdn.mobilecity.vn/mobilecity-vn/images/2024/12/oneplus-ace-5-xanh-la.jpg.webp,oneplus
OnePlus Ace 6T (Snapdragon 8 Gen 5 - Pin 8300mAh),10450000,10.450.000 ₫,https://mobilecity.vn/dien-thoai/oneplus-ace-6t-snapdragon-8-gen-5.html,https://cdn.mobilecity.vn/mobilecity-vn/images/2025/11/oneplus-ace-6t-tim.jpg,oneplus
OnePlus 13T 5G (Pin 6260mAh - Snapdragon 8 Elite),10950000,10.950.000 ₫,https://mobilecity.vn/dien-thoai/oneplus-13t-5g.html,https://cdn.mobilecity.vn/mobilecity-vn/images/2025/04/oneplus-13t-hong.jpg.webp,oneplus
OnePlus Ace 6 (Snapdragon 8 Elite - Màn AMOLED 165Hz),11550000,11.550.000 ₫,https://mobilecity.vn/dien-thoai/oneplus-ace-6-gia-re.html,https://cdn.mobilecity.vn/mobilecity-vn/images/2025/10/oneplus-ace-6-bac.jpg,oneplus
OnePlus 13 5G (Snapdragon 8 Elite),12850000,12.850.000 ₫,https://mobilecity.vn/dien-thoai/oneplus-13-5g.html,https://cdn.mobilecity.vn/mobilecity-vn/images/2024/10/oneplus-13-xanh.jpg.webp,oneplus
OnePlus 15 (Snapdragon 8 Elite Gen 5 - Màn 165Hz),16250000,16.250.000 ₫,https://mobilecity.vn/dien-thoai/oneplus-15-5g.html,https://cdn.mobilecity.vn/mobilecity-vn/images/2025/10/oneplus-15-trang.jpg,oneplus
Nothing CMF Phone 1 5G (Thay thế nắp lưng như ý),4950000,4.950.000 ₫,https://mobilecity.vn/dien-thoai/nothing-cmf-phone-1-5g-dimensity-7200.html,https://cdn.mobilecity.vn/mobilecity-vn/images/2024/07/nothing-cmf-phone-1-xanh.jpg.webp,oneplus
OnePlus Ace 2V (Dimensity 9000 - AMOLED 1.5K),5550000,5.550.000 ₫,https://mobilecity.vn/dien-thoai/oneplus-ace-2v-dimensity-9000.html,https://cdn.mobilecity.vn/mobilecity-vn/images/2023/03/oneplus-ace-2v-dimensity-9000-xanh.jpg.webp,oneplus
OnePlus Nord CE 3 Lite 5G (Chính hãng - Snapdragon 695 5G),5950000,5.950.000 ₫,https://mobilecity.vn/dien-thoai/oneplus-nord-ce-3-lite-5g-snapdragon-695.html,https://cdn.mobilecity.vn/mobilecity-vn/images/2023/04/oneplus-nord-ce-3-lite-5g-green.jpg.webp,oneplus
OnePlus Nord CE 4 Lite 5G (Màn AMOLED - Sạc 80W),6590000,6.590.000 ₫,https://mobilecity.vn/dien-thoai/oneplus-nord-ce-4-lite-5g-cau-hinh-cao.html,https://cdn.mobilecity.vn/mobilecity-vn/images/2024/06/oneplus-nord-ce-4-lite-5g-xanh-duong.jpg.webp,oneplus
OnePlus Nord CE 4 5G (Snapdragon 7 Gen 3),6950000,6.950.000 ₫,https://mobilecity.vn/dien-thoai/oneplus-nord-ce-4-5g-snapdragon-7-gen-3.html,https://cdn.mobilecity.vn/mobilecity-vn/images/2024/04/oneplus-nord-ce4-xanh.jpg.webp,oneplus
OnePlus Nord 4 5G (Snapdragon 7+ Gen 3),6950000,6.950.000 ₫,https://mobilecity.vn/dien-thoai/oneplus-nord-4-hieu-nang-sieu-manh.html,https://cdn.mobilecity.vn/mobilecity-vn/images/2024/07/oneplus-nord-4-5g-bac.jpg.webp,oneplus
OnePlus Nord N30 5G (Snapdragon 695 5G),6950000,6.950.000 ₫,https://mobilecity.vn/dien-thoai/oneplus-nord-n30-5g.html,https://cdn.mobilecity.vn/mobilecity-vn/images/2023/06/oneplus-nord-n30.jpg.webp,oneplus
Nothing Phone (3a) 5G (Snapdragon 7s Gen 3),7050000,7.050.000 ₫,https://mobilecity.vn/dien-thoai/nothing-phone-3a-5g.html,https://cdn.mobilecity.vn/mobilecity-vn/images/2025/03/nothing-phone-3a-trang.jpg.webp,oneplus
OnePlus Turbo 6V 5G (màn hình 144Hz siêu mượt),7250000,7.250.000 ₫,https://mobilecity.vn/dien-thoai/oneplus-turbo-6v-sieu-re.html,https://cdn.mobilecity.vn/mobilecity-vn/images/2026/01/oneplus-turbo-6b-00-3.jpg,oneplus
OnePlus Ace 5V (Dimensity 9300 - Pin 7000mAh),7450000,7.450.000 ₫,https://mobilecity.vn/dien-thoai/oneplus-ace-5v-chip-manh.html,https://cdn.mobilecity.vn/mobilecity-vn/images/2024/12/oneplus-ace-5v-minh-hoa.jpg.webp,oneplus
OnePlus Nord CE 5 (Dimensity 8350 Apex - Có sạc nhánh),7650000,7.650.000 ₫,https://mobilecity.vn/dien-thoai/oneplus-nord-ce-5-pin-7k.html,https://cdn.mobilecity.vn/mobilecity-vn/images/2025/07/oneplus-nord-ce5-marble-mist.jpg.webp,oneplus
OnePlus Nord CE 3 5G (Snapdragon 782G),7750000,7.750.000 ₫,https://mobilecity.vn/dien-thoai/oneplus-nord-ce-3-snapdragon-782g.html,https://cdn.mobilecity.vn/mobilecity-vn/images/2023/07/oneplus-nord-ce3-xanh.jpg.webp,oneplus
Nothing Phone (3a) Plus (Dimensity 7350 Pro),7950000,7.950.000 ₫,https://mobilecity.vn/dien-thoai/nothing-phone-3a-plus.html,https://cdn.mobilecity.vn/mobilecity-vn/images/2024/12/nothing-phone-3a-plus-minh-hoa.jpg.webp,oneplus
Nothing Phone (2a) Plus (Dimensity 7350 Pro),8450000,8.450.000 ₫,https://mobilecity.vn/dien-thoai/nothing-phone-2a-plus.html,https://cdn.mobilecity.vn/mobilecity-vn/images/2024/07/nothing-phone-2a-plus-black.jpg.webp,oneplus
Nothing Phone (3a) Pro (Snapdragon 7s Gen 3),8450000,8.450.000 ₫,https://mobilecity.vn/dien-thoai/nothing-phone-3a-pro-amoled-120hz.html,https://cdn.mobilecity.vn/mobilecity-vn/images/2025/03/nothing-phone-3a-pro-den.jpg.webp,oneplus
OnePlus Turbo 6 (Pin 9000mAh - Snapdragon 8s Gen 4),8750000,8.750.000 ₫,https://mobilecity.vn/dien-thoai/oneplus-turbo-6-9000-mah.html,https://cdn.mobilecity.vn/mobilecity-vn/images/2025/12/oneplus-turbo-6-9000-mah-ava-bac.jpg,oneplus
OnePlus Ace 3 5G (Snapdragon 8 Gen 2),8990000,8.990.000 ₫,https://mobilecity.vn/dien-thoai/oneplus-ace-3-chip-sieu-manh.html,https://cdn.mobilecity.vn/mobilecity-vn/images/2024/01/oneplus-ace-3-aston-gold.jpg.webp,oneplus
"OnePlus Ace 2 (Snapdragon 8+ Gen 1, sạc 100W)",9150000,9.150.000 ₫,https://mobilecity.vn/dien-thoai/oneplus-ace-2-snapdragon-8-plus-gen-1.html,https://cdn.mobilecity.vn/mobilecity-vn/images/2023/02/oneplus-ace-2-xanh-song-bang.jpg.webp,oneplus
OnePlus Turbo 5G (Snapdragon 8 Gen 5 - Pin 7650mAh),9250000,9.250.000 ₫,https://mobilecity.vn/dien-thoai/oneplus-turbo-cau-hinh-cao.html,https://cdn.mobilecity.vn/mobilecity-vn/images/2025/10/oneplus-turbo-sap-ra-mat.jpg,oneplus
"OnePlus Ace 2 Pro 5G (Snapdragon 8 Gen 2, RAM 24GB)",9850000,9.850.000 ₫,https://mobilecity.vn/dien-thoai/oneplus-ace-2-pro-sac-sieu-nhanh.html,https://cdn.mobilecity.vn/mobilecity-vn/images/2023/08/oneplus-ace-2-pro-xanh.jpg.webp,oneplus
OnePlus Ace 5s (Dimensity 9300 Plus),9950000,9.950.000 ₫,https://mobilecity.vn/dien-thoai/oneplus-ace-5s-dimensity-9-series.html,https://cdn.mobilecity.vn/mobilecity-vn/images/2024/12/oneplus-ace-5s-minh-hoa-1-jp.jpg.webp,oneplus
OnePlus Ace Pro (Snapdragon 8+ gen 1),9950000,9.950.000 ₫,https://mobilecity.vn/dien-thoai/oneplus-ace-pro.html,https://cdn.mobilecity.vn/mobilecity-vn/images/2022/08/oneplus-ace-pro-den.jpg.webp,oneplus
OnePlus Nord 5 (Snapdragon 8s Gen 3 - AMOLED 144Hz),9950000,9.950.000 ₫,https://mobilecity.vn/dien-thoai/oneplus-nord-5-pin-khung.html,https://cdn.mobilecity.vn/mobilecity-vn/images/2025/07/oneplus-nord-5-black.jpg.webp,oneplus
Nothing Phone (1),9950000,9.950.000 ₫,https://mobilecity.vn/dien-thoai/nothing-phone-1.html,https://cdn.mobilecity.vn/mobilecity-vn/images/2022/07/nothing-phone-1-2.jpg.webp,oneplus
OnePlus Ace 6 Ultra 5G (Có quạt tản nhiệt),10950000,10.950.000 ₫,https://mobilecity.vn/dien-thoai/oneplus-ace-6-ultra-5g.html,https://cdn.mobilecity.vn/mobilecity-vn/images/2025/07/oneplus-ace-5-ultra-xanh.jpg.webp,oneplus
OnePlus 11R (Snapdragon 8+ Gen 1),11050000,11.050.000 ₫,https://mobilecity.vn/dien-thoai/oneplus-11r-snapdragon-8-plus-gen-1.html,https://cdn.mobilecity.vn/mobilecity-vn/images/2023/01/oneplus-11r-snapdragon-8-plus-gen-1-minh-hoa-den.jpg.webp,oneplus
OnePlus 12R 5G (Snapdragon 8 Gen 2),11450000,11.450.000 ₫,https://mobilecity.vn/dien-thoai/oneplus-12r-hieu-nang-cao.html,https://cdn.mobilecity.vn/mobilecity-vn/images/2024/01/oneplus-12r-xanh.jpg.webp,oneplus
OnePlus Ace 3 Pro 5G (Snapdragon 8 Gen 3),11450000,11.450.000 ₫,https://mobilecity.vn/dien-thoai/oneplus-ace-3-pro-5g-hieu-nang-sieu-manh.html,https://cdn.mobilecity.vn/mobilecity-vn/images/2024/06/oneplus-ace-3-pro-5g-trang.jpg.webp,oneplus
OnePlus Nord 3 5G (Chính hãng - Dimensity 9000),11590000,11.590.000 ₫,https://mobilecity.vn/dien-thoai/oneplus-nord-3-hieu-nang-manh.html,https://cdn.mobilecity.vn/mobilecity-vn/images/2023/07/oneplus-nord-3-xanh.jpg.webp,oneplus
OnePlus Ace 3 Genshin Impact AI (Snapdragon 8 Gen 2),11950000,11.950.000 ₫,https://mobilecity.vn/dien-thoai/oneplus-ace-3-genshin-impact.html,https://cdn.mobilecity.vn/mobilecity-vn/images/2024/06/oneplus-ace-3-genshin-impact.jpg.webp,oneplus
OnePlus 13R (Snapdragon 8 Gen 3 - Pin 6000mAh),12790000,12.790.000 ₫,https://mobilecity.vn/dien-thoai/oneplus-13r-pin-6500mah.html,https://cdn.mobilecity.vn/mobilecity-vn/images/2025/01/oneplus-13r-kem.jpg.webp,oneplus
OnePlus 12 (Màn hình sáng 4500nit - RAM 24GB),12950000,12.950.000 ₫,https://mobilecity.vn/dien-thoai/oneplus-12-hieu-nang-sieu-manh.html,https://cdn.mobilecity.vn/mobilecity-vn/images/2023/12/oneplus-12-xanh.jpg.webp,oneplus
OnePlus 11 (Snapdragon 8 Gen 2),12950000,12.950.000 ₫,https://mobilecity.vn/dien-thoai/oneplus-11-snapdragon-8-gen-2.html,https://cdn.mobilecity.vn/mobilecity-vn/images/2023/01/oneplus-11-snapdragon-8-gen-2-den.jpg.webp,oneplus
OnePlus Ace 6 Pro 5G (Snapdragon 8 Elite Gen 5),12950000,12.950.000 ₫,https://mobilecity.vn/dien-thoai/oneplus-ace-6-pro-5g.html,https://cdn.mobilecity.vn/mobilecity-vn/images/2025/07/oneplus-ace-5-pro-white-moon-por.jpg.webp,oneplus
OnePlus 15R (Màn 165Hz - Snapdragon 8 Elite),12990000,12.990.000 ₫,https://mobilecity.vn/dien-thoai/oneplus-15r.html,https://cdn.mobilecity.vn/mobilecity-vn/images/2025/08/oneplus-15r-anh-minh-hoa.jpg.webp,oneplus
Nothing Phone (2) (Snapdragon 8+ Gen 1),14190000,14.190.000 ₫,https://mobilecity.vn/dien-thoai/nothing-phone-2-gia-re.html,https://cdn.mobilecity.vn/mobilecity-vn/images/2023/07/nothing-phone-2-trang.jpg.webp,oneplus
OnePlus 15T 5G (Pin 7500mAh),16550000,16.550.000 ₫,https://mobilecity.vn/dien-thoai/oneplus-15t-5g.html,https://cdn.mobilecity.vn/mobilecity-vn/images/2026/03/oneplus-15t-5g-2.jpg,oneplus
Nothing Phone (3) (Snapdragon 8s Gen 4),24590000,24.590.000 ₫,https://mobilecity.vn/dien-thoai/nothing-phone-3-man-oled.html,https://cdn.mobilecity.vn/mobilecity-vn/images/2025/07/nothing-phone-3-trang.jpg.webp,oneplus
Nothing Fold (1) (Dimensity 9400 - Pin 5500mAh),25750000,25.750.000 ₫,https://mobilecity.vn/dien-thoai/nothing-fold-1-sieu-dep.html,https://cdn.mobilecity.vn/mobilecity-vn/images/2024/12/nothing-fold-1-ro-ri-00.jpg.webp,oneplus
OnePlus Open 2 (Snapdragon 8 Elite),32890000,32.890.000 ₫,https://mobilecity.vn/dien-thoai/oneplus-open-2-cao-cap.html,https://cdn.mobilecity.vn/mobilecity-vn/images/2024/12/oneplus-open-2-minh-hoa.jpg.webp,oneplus
OnePlus Open 5G (Điện thoại gập - Snapdragon 8 Gen 2),36890000,36.890.000 ₫,https://mobilecity.vn/dien-thoai/oneplus-open-fold-dien-thoai-gap.html,https://cdn.mobilecity.vn/mobilecity-vn/images/2023/10/oneplus-open-den-da.jpg.webp,oneplus
OnePlus Nord 4 Lite 5G (Snapdragon 6 Gen 1),0,Liên hệ,https://mobilecity.vn/dien-thoai/oneplus-nord-4-lite-5g-gia-re.html,https://cdn.mobilecity.vn/mobilecity-vn/images/2024/04/oneplus-nord-ce-4-lite-5g-minh-hoa-1.jpg.webp,oneplus
"OnePlus K11 5G (Snapdragon 782G 5G, sạc 80W)",0,Liên hệ,https://mobilecity.vn/dien-thoai/oneplus-k11-5g-gia-re.html,https://cdn.mobilecity.vn/mobilecity-vn/images/2023/06/oneplus-nord-ce-3-lite-5g-black.jpg.webp,oneplus
OnePlus 11 Pro,0,Liên hệ,https://mobilecity.vn/dien-thoai/oneplus-11-pro.html,https://cdn.mobilecity.vn/mobilecity-vn/images/2022/09/oneplus-11-pro-minh-hoa-00.png.webp,oneplus
OnePlus 10 Ultra,0,Liên hệ,https://mobilecity.vn/dien-thoai/oneplus-10-ultra.html,https://cdn.mobilecity.vn/mobilecity-vn/images/2022/05/oneplus-10-ultra.jpg.webp,oneplus
OnePlus Ace Racing Edition (Dimensity 8100-Max),0,Liên hệ,https://mobilecity.vn/dien-thoai/oneplus-ace-racing-edition.html,https://cdn.mobilecity.vn/mobilecity-vn/images/2022/05/oneplus-ace-racing-edition-xanh.png.webp,oneplus
OnePlus Ace Lite,0,Liên hệ,https://mobilecity.vn/dien-thoai/oneplus-ace-lite.html,https://cdn.mobilecity.vn/mobilecity-vn/images/2022/04/oneplus-ace-lite.jpg.webp,oneplus
OnePlus Ace 6 Turbo (Snapdragon 8 Gen 5 - Pin 8000mAh),0,Liên hệ,https://mobilecity.vn/dien-thoai/oneplus-ace-6-turbo.html,https://cdn.mobilecity.vn/mobilecity-vn/images/2025/10/oneplus-ace-6-turbo-minh-hoa.jpg,oneplus
OnePlus Ace 3V 5G (Snapdragon 7+ Gen 3) - Đã Unlock,6250000,6.250.000 ₫,https://mobilecity.vn/dien-thoai/oneplus-ace-3v-hieu-nang-manh-me.html,https://cdn.mobilecity.vn/mobilecity-vn/images/2024/03/oneplus-ace-3v-tim.jpg.webp,oneplus
OnePlus Ace 5 Racing Edition (Dimensity 9400e),6450000,6.450.000 ₫,https://mobilecity.vn/dien-thoai/oneplus-ace-5-racing-edition.html,https://cdn.mobilecity.vn/mobilecity-vn/images/2025/05/oneplus-ace-5-racing-trang.jpg.webp,oneplus
OnePlus Ace 5 Ultra (Dimensity 9400 Plus - Pin 6700mAh),8850000,8.850.000 ₫,https://mobilecity.vn/dien-thoai/oneplus-ace-5-ultra-dimensity-9400-plus.html,https://cdn.mobilecity.vn/mobilecity-vn/images/2025/05/oneplus-ace-5-ultra-trang.jpg.webp,oneplus
"OnePlus 9R (Snapdragon 870, sạc 65W)",9350000,9.350.000 ₫,https://mobilecity.vn/oneplus/oneplus-9r.html,https://cdn.mobilecity.vn/mobilecity-vn/images/2021/07/oneplus-9r-xanh-duong.jpg.webp,oneplus
OnePlus 8T,9550000,9.550.000 ₫,https://mobilecity.vn/oneplus/oneplus-8t.html,https://cdn.mobilecity.vn/mobilecity-vn/images/2021/07/oneplus-8t-xanh.jpg.webp,oneplus
OnePlus Ace 5 Pro 5G (Snapdragon 8 Elite),10750000,10.750.000 ₫,https://mobilecity.vn/dien-thoai/oneplus-ace-5-pro-5g.html,https://cdn.mobilecity.vn/mobilecity-vn/images/2024/12/oneplus-ace-5-pro-starry-purple.jpg.webp,oneplus
"OnePlus Ace (Dimensity 8100-Max, sạc 150W)",5950000,5.950.000 ₫,https://mobilecity.vn/dien-thoai/oneplus-ace.html,https://cdn.mobilecity.vn/mobilecity-vn/images/2022/04/oneplus-ace-den-1.jpg.webp,oneplus
OnePlus 8,8750000,8.750.000 ₫,https://mobilecity.vn/oneplus/oneplus-8.html,https://cdn.mobilecity.vn/mobilecity-vn/images/2021/07/oneplus-8-hong.jpg.webp,oneplus
OnePlus 7,9450000,9.450.000 ₫,https://mobilecity.vn/oneplus/oneplus-7.html,https://cdn.mobilecity.vn/mobilecity-vn/images/2019/10/oneplus7.jpg.webp,oneplus
OnePlus 9 (Snap 888),10950000,10.950.000 ₫,https://mobilecity.vn/oneplus/oneplus-9.html,https://cdn.mobilecity.vn/mobilecity-vn/images/2021/07/oneplus-9-tim.jpg.webp,oneplus
"OnePlus 9RT 5G (Snapdragon 888, sạc 65W)",12450000,12.450.000 ₫,https://mobilecity.vn/oneplus/oneplus-9rt.html,https://cdn.mobilecity.vn/mobilecity-vn/images/2021/10/oneplus-9rt-trang.jpg.webp,oneplus
OnePlus 7T Pro,13450000,13.450.000 ₫,https://mobilecity.vn/oneplus/oneplus-7t-pro.html,https://cdn.mobilecity.vn/mobilecity-vn/images/2019/10/oneplus7tpro.jpg.webp,oneplus
OnePlus 8 Pro,14950000,14.950.000 ₫,https://mobilecity.vn/oneplus/oneplus-8-pro.html,https://cdn.mobilecity.vn/mobilecity-vn/images/2020/04/oneplus-8-pro-2.jpg.webp,oneplus
"OnePlus 10T 5G Chính hãng (Snapdragon 8+ Gen 1, sạc 150W)",15950000,15.950.000 ₫,https://mobilecity.vn/dien-thoai/oneplus-10t.html,https://cdn.mobilecity.vn/mobilecity-vn/images/2022/08/oneplus-10t-5g-black.png.webp,oneplus
"OnePlus 10 Pro (Snapdragon 8 Gen 1, Màn 2K+)",17450000,17.450.000 ₫,https://mobilecity.vn/oneplus/oneplus-10-pro.html,https://cdn.mobilecity.vn/mobilecity-vn/images/2022/04/oneplus-10-pro-xanh.png.webp,oneplus
OnePlus 10RT,0,Liên hệ,https://mobilecity.vn/oneplus/oneplus-10rt.html,https://cdn.mobilecity.vn/mobilecity-vn/images/2022/01/oneplus-10rt.jpg.webp,oneplus
OnePlus 9 Pro,0,Liên hệ,https://mobilecity.vn/oneplus/oneplus-9-pro.html,https://cdn.mobilecity.vn/mobilecity-vn/images/2021/03/oneplus-9-pro-1-1.jpg.webp,oneplus
OnePlus 10,0,Liên hệ,https://mobilecity.vn/dien-thoai/oneplus-10.html,https://cdn.mobilecity.vn/mobilecity-vn/images/2022/03/oneplus-10.jpg.webp,oneplus
OnePlus 10T Pro,0,Liên hệ,https://mobilecity.vn/dien-thoai/oneplus-10t-pro.html,https://cdn.mobilecity.vn/mobilecity-vn/images/2022/03/one-plus-10t-pro.jpg.webp,oneplus
OnePlus 10R,0,Liên hệ,https://mobilecity.vn/dien-thoai/oneplus-10r.html,https://cdn.mobilecity.vn/mobilecity-vn/images/2022/03/oneplus-10r-1-1.jpg.webp,oneplus
Vivo iQOO Z10x 5G (Dimensity 7300),4950000,4.950.000 ₫,https://mobilecity.vn/dien-thoai/vivo-iqoo-z10x-5g.html,https://cdn.mobilecity.vn/mobilecity-vn/images/2025/04/vivo-iqoo-z10x-xanh.jpg.webp,vivo
Vivo iQOO Z9 Turbo 5G (Snapdragon 8s Gen 3 - Pin 6000mAh),5750000,5.750.000 ₫,https://mobilecity.vn/dien-thoai/vivo-iqoo-z9-turbo-snapdragon-8s-gen-3.html,https://cdn.mobilecity.vn/mobilecity-vn/images/2024/04/vivo-iqoo-z9-turbo-xanh.jpg.webp,vivo
Vivo iQOO Z9 5G (Snapdragon 7 Gen 3),5850000,5.850.000 ₫,https://mobilecity.vn/dien-thoai/vivo-iqoo-z9-5g-snapdragon-7-gen-3.html,https://cdn.mobilecity.vn/mobilecity-vn/images/2024/04/vivo-iqoo-z9-china-den.jpg.webp,vivo
Vivo iQOO Z9 Turbo Plus (Dimensity 9300 Plus),6450000,6.450.000 ₫,https://mobilecity.vn/dien-thoai/vivo-iqoo-z9-turbo-plus.html,https://cdn.mobilecity.vn/mobilecity-vn/images/2024/09/vivo-iqoo-z9-turbo-plus-titan.jpg.webp,vivo
Vivo Y78 (t1) 5G (Dimensity 6020),6688000,6.688.000 ₫,https://mobilecity.vn/dien-thoai/vivo-y78-t1-5g-dimensity-6020.html,https://cdn.mobilecity.vn/mobilecity-vn/images/2023/10/vivo-y78-t1-xanh.jpg.webp,vivo
Vivo iQOO Neo 10 (Snapdragon 8 Gen 3),7450000,7.450.000 ₫,https://mobilecity.vn/dien-thoai/vivo-iqoo-neo-10.html,https://cdn.mobilecity.vn/mobilecity-vn/images/2024/11/iqoo-neo10-trang.jpg.webp,vivo
Vivo iQOO Z10 Turbo (Dimensity 8400 - Pin 7620mAh),7750000,7.750.000 ₫,https://mobilecity.vn/dien-thoai/vivo-iqoo-z10-turbo-pin-7000mah.html,https://cdn.mobilecity.vn/mobilecity-vn/images/2025/04/vivo-iqoo-z10-turbo-sac-mac.jpg.webp,vivo
Vivo iQOO Z10 Turbo Pro (Snapdragon 8s Gen 4 - Pin 7000mAh),8250000,8.250.000 ₫,https://mobilecity.vn/dien-thoai/vivo-iqoo-z10-turbo-pro.html,https://cdn.mobilecity.vn/mobilecity-vn/images/2025/04/vivo-iqoo-z10-turbo-pro-cam.jpg.webp,vivo
Vivo iQOO Z10 Turbo Plus (Dimensity 9400 Plus - Pin 8000mAh),8950000,8.950.000 ₫,https://mobilecity.vn/dien-thoai/vivo-iqoo-z10-turbo-pro-plus.html,https://cdn.mobilecity.vn/mobilecity-vn/images/2025/08/vivo-iqoo-z10-plus-xam.jpg.webp,vivo
Vivo iQOO Neo 10 Pro Plus (Snapdragon 8 Elite - 6800mAh),10250000,10.250.000 ₫,https://mobilecity.vn/dien-thoai/vivo-iqoo-neo-10-pro-plus.html,https://cdn.mobilecity.vn/mobilecity-vn/images/2025/05/vivo-iqoo-neo10-pro-plus-xanh.jpg.webp,vivo
Vivo iQOO Z11 Turbo (Snapdragon 8 Gen 5 - Khung kim loại),10350000,10.350.000 ₫,https://mobilecity.vn/dien-thoai/vivo-iqoo-z11-turbo-pin-khung.html,https://cdn.mobilecity.vn/mobilecity-vn/images/2026/01/vivo-iqoo-z11-turbo-0-7.jpg,vivo
Vivo iQOO Neo 11 5G (Snapdragon 8 Elite - Pin 7500mAh),11350000,11.350.000 ₫,https://mobilecity.vn/dien-thoai/vivo-iqoo-neo-11-5g-gia-re.html,https://cdn.mobilecity.vn/mobilecity-vn/images/2025/10/iqoo-neo11-xanh-duong.jpg,vivo
Vivo X200s 5G (Dimensity 9400 Plus),13950000,13.950.000 ₫,https://mobilecity.vn/dien-thoai/vivo-x200s-5g.html,https://cdn.mobilecity.vn/mobilecity-vn/images/2025/04/vivo-x200s-xanh.jpg.webp,vivo
Vivo iQOO 13 5G (Snapdragon 8 Elite),14550000,14.550.000 ₫,https://mobilecity.vn/dien-thoai/vivo-iqoo-13-5g-snapdragon-8-gen-4.html,https://cdn.mobilecity.vn/mobilecity-vn/images/2024/10/iqoo-13-mau-xam.jpg.webp,vivo
Vivo X200 Pro 5G (Dimensity 9400 - Pin 6000mAh),16250000,16.250.000 ₫,https://mobilecity.vn/dien-thoai/vivo-x200-pro-chip-khung-nhat.html,https://cdn.mobilecity.vn/mobilecity-vn/images/2024/10/vivo-x200-pro-xanh-duong.jpg.webp,vivo
Vivo iQOO 15 (Snapdragon 8 Elite Gen 5 - 7000mAh),16250000,16.250.000 ₫,https://mobilecity.vn/dien-thoai/vivo-iqoo-15-5g.html,https://cdn.mobilecity.vn/mobilecity-vn/images/2025/10/vivo-iqoo-15-trang.jpg,vivo
Vivo X300 5G (Dimensity 9500 - Pin 6040mAh),16650000,16.650.000 ₫,https://mobilecity.vn/dien-thoai/vivo-x300-5g-camera-zeiss.html,https://cdn.mobilecity.vn/mobilecity-vn/images/2025/10/vivo-x300-tim.jpg,vivo
Vivo X300 Pro 5G (Dimensity 9500 - Pin 6510mAh),19950000,19.950.000 ₫,https://mobilecity.vn/dien-thoai/vivo-x300-pro-camera-khung.html,https://cdn.mobilecity.vn/mobilecity-vn/images/2025/10/vivo-x300-pro-nau.jpg,vivo
Vivo X200 Ultra (Snapdragon 8 Elite),21250000,21.250.000 ₫,https://mobilecity.vn/dien-thoai/vivo-x200-ultra-snapdragon-8-gen-4.html,https://cdn.mobilecity.vn/mobilecity-vn/images/2025/04/vivo-x200-ultra-trang.jpg.webp,vivo
Vivo Y04 Chính hãng,2950000,2.950.000 ₫,https://mobilecity.vn/dien-thoai/vivo-y04-chinh-hang.html,https://cdn.mobilecity.vn/mobilecity-vn/images/2025/04/vivo-y04-chinh-hang-vang-titan.jpg.webp,vivo
Vivo iQOO Z10 Lite 5G (Quốc tế - Dimensity 6300 - Pin 6000mAh),3050000,3.050.000 ₫,https://mobilecity.vn/dien-thoai/vivo-iqoo-z10-lite-5g-gia-re.html,https://cdn.mobilecity.vn/mobilecity-vn/images/2025/06/iqoo-z10-lite-5g-xanh-duong.jpg.webp,vivo
Vivo Y300 5G (Dimensity 6300 - Pin 6500mAh),3750000,3.750.000 ₫,https://mobilecity.vn/dien-thoai/vivo-y300-5g-dimensity-6300.html,https://cdn.mobilecity.vn/mobilecity-vn/images/2024/12/vivo-y300-xanh.jpg.webp,vivo
Vivo Y300t 5G (Pin 6500mAh - Dimensity 7300),4250000,4.250.000 ₫,https://mobilecity.vn/dien-thoai/vivo-y300t-5g-pin-6500mah.html,https://cdn.mobilecity.vn/mobilecity-vn/images/2025/04/vivo-y300t-trang.jpg.webp,vivo
Vivo Y19s Pro Chính hãng (Pin 6000mAh - Siêu bền),4450000,4.450.000 ₫,https://mobilecity.vn/dien-thoai/vivo-y19s-pro-chinh-hang-pin-6000mah.html,https://cdn.mobilecity.vn/mobilecity-vn/images/2025/06/vivo-y19s-pro-bac-cuc-quang.jpg.webp,vivo
Vivo Y39 5G Chính hãng (Snapdragon 4 Gen 2 - Pin 6500mAh),5150000,5.150.000 ₫,https://mobilecity.vn/dien-thoai/vivo-y39-5g-chinh-hang.html,https://cdn.mobilecity.vn/mobilecity-vn/images/2025/06/vivo-y39-5g-tim.jpg.webp,vivo
Vivo Y500 5G (Dimensity 7300 - Pin 8200mAh),5250000,5.250.000 ₫,https://mobilecity.vn/dien-thoai/vivo-y500-5g.html,https://cdn.mobilecity.vn/mobilecity-vn/images/2025/09/vivo-y500-5g-xanh.jpg.webp,vivo
Vivo Y28s 5G Global (Dimensity 6300),5250000,5.250.000 ₫,https://mobilecity.vn/dien-thoai/vivo-y28s-5g-global.html,https://cdn.mobilecity.vn/mobilecity-vn/images/2024/07/vivo-y28s-5g-global-tim.jpg.webp,vivo
Vivo iQOO Z10R DGW (Dimensity 7400 - Quay video 4K),5450000,5.450.000 ₫,https://mobilecity.vn/dien-thoai/vivo-iqoo-z10r-dgw.html,https://cdn.mobilecity.vn/mobilecity-vn/images/2025/07/vivo-iqoo-z10r-xanh.jpg.webp,vivo
Vivo Y200 GT 5G (Snapdragon 7 Gen 3 - Pin 6000mAh),5650000,5.650.000 ₫,https://mobilecity.vn/dien-thoai/vivo-y200-gt-5g-pin-6000mah.html,https://cdn.mobilecity.vn/mobilecity-vn/images/2024/05/vivo-y200-gt-5g-xanh.jpg.webp,vivo
Vivo iQOO Z11x (Dimensity 7400 - Pin 7200mAh),5650000,5.650.000 ₫,https://mobilecity.vn/dien-thoai/vivo-iqoo-z11x-pin-7-200mah.html,https://cdn.mobilecity.vn/mobilecity-vn/images/2026/03/iqoo-z11x-trang.jpg,vivo
Vivo Y29 Chính hãng (Pin 6500mAh),5850000,5.850.000 ₫,https://mobilecity.vn/dien-thoai/vivo-y29-chinh-hang.html,https://cdn.mobilecity.vn/mobilecity-vn/images/2025/07/vivo-y29-trang.jpg.webp,vivo
Vivo Y21d Chính hãng (Pin 6500mAh),5850000,5.850.000 ₫,https://mobilecity.vn/dien-thoai/vivo-y21d-chinh-hang.html,https://cdn.mobilecity.vn/mobilecity-vn/images/2026/01/vivo-y21d-chinh-hang-0-1.jpg,vivo
Vivo V40 Lite Chính hãng,5950000,5.950.000 ₫,https://mobilecity.vn/dien-thoai/vivo-v40-lite-chinh-hang.html,https://cdn.mobilecity.vn/mobilecity-vn/images/2024/09/vivo-v40-lite-chinh-hang-tim-thoi-khong.jpg.webp,vivo
Vivo T3 5G (Dimensity 7200),5990000,5.990.000 ₫,https://mobilecity.vn/dien-thoai/vivo-t3-5g-dimensity-7200.html,https://cdn.mobilecity.vn/mobilecity-vn/images/2024/03/vivo-t3-5g-xanh-nhat.jpg.webp,vivo
Vivo Y400 Pro Plus (Pin 8010mAh - Snapdragon 7 Gen 4),6150000,6.150.000 ₫,https://mobilecity.vn/dien-thoai/vivo-y400-pro-plus-pin-8010mah.html,https://cdn.mobilecity.vn/mobilecity-vn/images/2025/08/vivo-y400-pro-plus-anh-minh-hoa.jpg.webp,vivo
Vivo Y300 Pro Plus (Pin 7300mAh - Snapdragon 7s Gen 3),6150000,6.150.000 ₫,https://mobilecity.vn/dien-thoai/vivo-y300-pro-plus-pin-7k3.html,https://cdn.mobilecity.vn/mobilecity-vn/images/2025/04/vivo-y300-pro-plus-bac.jpg.webp,vivo
Vivo S20 5G (Pin 6500mAh),6150000,6.150.000 ₫,https://mobilecity.vn/dien-thoai/vivo-s20-5g.html,https://cdn.mobilecity.vn/mobilecity-vn/images/2024/11/vivo-s20-vang.jpg.webp,vivo
Vivo Y37 Pro 5G (Pin 6000 mAh),6250000,6.250.000 ₫,https://mobilecity.vn/dien-thoai/vivo-y37-pro-5g-pin-6000-mah.html,https://cdn.mobilecity.vn/mobilecity-vn/images/2024/09/vivo-y37-pro-vang.jpg.webp,vivo
Vivo iQOO Z10 5G (Snapdragon 7 Gen 4 - Pin 8000mAh),6450000,6.450.000 ₫,https://mobilecity.vn/dien-thoai/vivo-iqoo-z10-pin-sieu-lon.html,https://cdn.mobilecity.vn/mobilecity-vn/images/2024/12/vivo-iqoo-z9-china-trang.jpg.webp,vivo
Vivo Y300 GT (Dimensity 8400),6850000,6.850.000 ₫,https://mobilecity.vn/dien-thoai/vivo-y300-gt-pin-trau-gia-re.html,https://cdn.mobilecity.vn/mobilecity-vn/images/2025/05/vivo-y300-gt-vang.jpg.webp,vivo
Vivo iQOO Neo 9 Pro 5G (Dimensity 9300),6950000,6.950.000 ₫,https://mobilecity.vn/dien-thoai/vivo-iqoo-neo-9-pro-5g.html,https://cdn.mobilecity.vn/mobilecity-vn/images/2023/12/vivo-iqoo-neo-9-pro-do-trang.jpg.webp,vivo
Vivo Y100 Chính hãng (Snapdragon 685),6950000,6.950.000 ₫,https://mobilecity.vn/dien-thoai/vivo-y100-chinh-hang-snapdragon-685.html,https://cdn.mobilecity.vn/mobilecity-vn/images/2024/03/vivo-y100-chinh-hang-kim-cuong-xanh.jpg.webp,vivo
Vivo V40 Lite 5G (IDN) - Tích hợp AI,6990000,6.990.000 ₫,https://mobilecity.vn/dien-thoai/vivo-v40-lite-idn.html,https://cdn.mobilecity.vn/mobilecity-vn/images/2024/09/vivo-v40-lite-idn-bac-titan.jpg.webp,vivo
Vivo iQOO Neo 10R 5G (Snapdragon 8s Gen 3),7090000,7.090.000 ₫,https://mobilecity.vn/dien-thoai/vivo-iqoo-neo-10r-5g.html,https://cdn.mobilecity.vn/mobilecity-vn/images/2025/03/vivo-iqoo-neo-10r-xanh.jpg.webp,vivo
Vivo iQOO Z11 (Pin 9020mAh),7650000,7.650.000 ₫,https://mobilecity.vn/dien-thoai/vivo-iqoo-z11-pin-9020mAh.html,https://cdn.mobilecity.vn/mobilecity-vn/images/2026/03/vivo-iqoo-z11-001.jpg,vivo
Vivo Y31d Chính hãng (Pin 7200mAh),7950000,7.950.000 ₫,https://mobilecity.vn/dien-thoai/vivo-y31d-chinh-hang.html,https://cdn.mobilecity.vn/mobilecity-vn/images/2026/03/vivo-y31d-chinh-hang-11.jpg,vivo
Vivo iQOO Neo 10S (Snapdragon 8 Elite - Pin 7000mAh),8450000,8.450.000 ₫,https://mobilecity.vn/dien-thoai/vivo-iqoo-neo-10s-pin-khung.html,https://cdn.mobilecity.vn/mobilecity-vn/images/2025/04/iqoo-neo-10s-ro-ri.jpg.webp,vivo
Vivo V40e 5G (Dimensity 7300),8550000,8.550.000 ₫,https://mobilecity.vn/dien-thoai/vivo-v40e-5g-dimensity-7300.html,https://cdn.mobilecity.vn/mobilecity-vn/images/2024/09/vivo-v40e-vang-dong.jpg.webp,vivo
Vivo V50e 5G (Dimensity 7300 - Pin 5600mAh),8650000,8.650.000 ₫,https://mobilecity.vn/dien-thoai/vivo-v50e-5g-dimensity-7300.html,https://cdn.mobilecity.vn/mobilecity-vn/images/2025/04/vivo-v50e-xanh.jpg.webp,vivo
Vivo V50 Lite Chính hãng (Pin 6500mAh - Sạc 90W),8950000,8.950.000 ₫,https://mobilecity.vn/dien-thoai/vivo-v50-lite-chinh-hang-sac-90w.html,https://cdn.mobilecity.vn/mobilecity-vn/images/2025/06/vivo-v50-lite-tim-fantasy.jpg.webp,vivo
Vivo V60e 5G (Dimensity 7360 Turbo - Camera 200MP),8950000,8.950.000 ₫,https://mobilecity.vn/dien-thoai/vivo-v60e-5g-dimensity-7360-turbo.html,https://cdn.mobilecity.vn/mobilecity-vn/images/2025/10/vivo-v60e-tim.jpg,vivo
Vivo iQOO Neo 10S Pro (Dimensity 9400 Plus),8950000,8.950.000 ₫,https://mobilecity.vn/dien-thoai/vivo-iqoo-neo-10s-pro-sieu-manh.html,https://cdn.mobilecity.vn/mobilecity-vn/images/2025/03/iqoo-neo10s-pro-minh-hoa.jpg.webp,vivo
Vivo V60 Lite Chính hãng (Snapdragon 685 - Pin 6500mAh),8950000,8.950.000 ₫,https://mobilecity.vn/dien-thoai/vivo-v60-lite-chinh-hang.html,https://cdn.mobilecity.vn/mobilecity-vn/images/2025/10/vivo-v60-lite-xanh.jpg,vivo
Vivo T3 Ultra 5G (Dimensity 9200 Plus),9450000,9.450.000 ₫,https://mobilecity.vn/dien-thoai/vivo-t3-ultra-5g-dimensity-9200-plus.html,https://cdn.mobilecity.vn/mobilecity-vn/images/2024/09/vivo-t3-ultra-xanh-bang-gia.jpg.webp,vivo
Vivo S30 5G (Snapdragon 7 Gen 4 - 6500mAh),9750000,9.750.000 ₫,https://mobilecity.vn/dien-thoai/vivo-s30-3g.html,https://cdn.mobilecity.vn/mobilecity-vn/images/2025/05/vivo-s30-hong.jpg.webp,vivo
Vivo V50 Lite 5G Chính hãng (Dimensity 6300 - Pin 6500mAh),9950000,9.950.000 ₫,https://mobilecity.vn/dien-thoai/vivo-v50-lite-5g-chinh-hang-pin-6500mah.html,https://cdn.mobilecity.vn/mobilecity-vn/images/2025/06/vivo-v50-lite-5g-den-phantom.jpg.webp,vivo
Vivo X300 FE 5G (Dimensity 9400 Plus - Pin 6500),10150000,10.150.000 ₫,https://mobilecity.vn/dien-thoai/vivo-x300-fe-5g.html,https://cdn.mobilecity.vn/mobilecity-vn/images/2025/10/vivo-x300-fe-minh-hoa.jpg,vivo
Vivo V40 5G (Snapdragon 7 Gen 3),10490000,10.490.000 ₫,https://mobilecity.vn/dien-thoai/vivo-v40-5g-snapdragon-7-gen-3.html,https://cdn.mobilecity.vn/mobilecity-vn/images/2024/08/vivo-v40-tim.jpg.webp,vivo
Vivo iQOO 15 Mini (Snapdragon 8 Elite 2),11050000,11.050.000 ₫,https://mobilecity.vn/dien-thoai/vivo-iqoo-15-mini.html,https://cdn.mobilecity.vn/mobilecity-vn/images/2025/08/iqoo-15-mini-minh-hoa-01.jpg.webp,vivo
Vivo V60 5G (Quốc tế - Snapdragon 7 Gen 4),11150000,11.150.000 ₫,https://mobilecity.vn/dien-thoai/vivo-v60-5g-snapdragon-7-gen-4.html,https://cdn.mobilecity.vn/mobilecity-vn/images/2025/08/vivo-v60-5g-xanh.jpg.webp,vivo
Vivo S50 5G (Snapdragon 8s Gen 3 - Pin 6500mAh),11250000,11.250.000 ₫,https://mobilecity.vn/dien-thoai/vivo-s50-5g.html,https://cdn.mobilecity.vn/mobilecity-vn/images/2025/12/vivo-s50-mobilecity-xanh-duong.jpg,vivo
Vivo V60 Lite 5G Chính hãng (Dimensity 7360 Turbo - Pin 6500 mAh),12050000,12.050.000 ₫,https://mobilecity.vn/dien-thoai/vivo-v60-lite-5g-dimensity-7360-turbo.html,https://cdn.mobilecity.vn/mobilecity-vn/images/2025/10/vivo-v60-lite-5g-hong.jpg,vivo
Vivo iQOO Neo 11 Pro (Dimensity 9500),12450000,12.450.000 ₫,https://mobilecity.vn/dien-thoai/vivo-iqoo-neo-11-pro-sieu-manh.html,https://cdn.mobilecity.vn/mobilecity-vn/images/2025/03/iqoo-neo11-pro-minh-hoa.jpg.webp,vivo
Vivo S30 Pro Mini (Dimensity 9300 Plus - Pin 6500mAh),12650000,12.650.000 ₫,https://mobilecity.vn/dien-thoai/vivo-s30-pro-mini.html,https://cdn.mobilecity.vn/mobilecity-vn/images/2025/05/vivo-s30-pro-mini-xanh-ngoc.jpg.webp,vivo
Vivo iQOO 15R,12950000,12.950.000 ₫,https://mobilecity.vn/dien-thoai/vivo-iqoo-15r.html,https://cdn.mobilecity.vn/mobilecity-vn/images/2026/03/vivo-iqoo-15r-12.jpg,vivo
Vivo S50 Pro Mini (Snapdragon 8 Gen 5 - Pin 6500mAh),13850000,13.850.000 ₫,https://mobilecity.vn/dien-thoai/vivo-s50-pro-mini-5g.html,https://cdn.mobilecity.vn/mobilecity-vn/images/2025/12/vivo-s50-pro-mini-mobilecity-tim.jpg,vivo
Vivo V40 Pro 5G (Dimensity 9200 Plus),14990000,14.990.000 ₫,https://mobilecity.vn/dien-thoai/vivo-v40-pro-5g-dimensity-9200-plus.html,https://cdn.mobilecity.vn/mobilecity-vn/images/2024/08/vivo-v40-pro-xanh.jpg.webp,vivo
Vivo X300 Pro Mini (Dimensity 9500),15950000,15.950.000 ₫,https://mobilecity.vn/dien-thoai/vivo-x300-pro-mini.html,https://cdn.mobilecity.vn/mobilecity-vn/images/2025/02/vivo-x300-pro-mini-minh-hoa.jpg.webp,vivo
Vivo X200 FE (Quốc tế - Dimensity 9300 Plus),16850000,16.850.000 ₫,https://mobilecity.vn/dien-thoai/vivo-x200-fe-quoc-te.html,https://cdn.mobilecity.vn/mobilecity-vn/images/2025/06/vivo-x200-fe-vang.jpg.webp,vivo
Honor 400 Pro 5G Chính hãng (Snapdragon 8 Gen 3),17490000,17.490.000 ₫,https://mobilecity.vn/dien-thoai/honor-400-pro-5g-chinh-hang.html,https://cdn.mobilecity.vn/mobilecity-vn/images/2025/06/honor-400-pro-5g-chinh-hang-xam.jpg.webp,vivo
Vivo X100s Pro 5G (Dimensity 9300 Plus),17650000,17.650.000 ₫,https://mobilecity.vn/dien-thoai/vivo-x100s-pro-5g-dimensity-9300-plus.html,https://cdn.mobilecity.vn/mobilecity-vn/images/2024/05/vivo-x100s-pro-xam.jpg.webp,vivo
Vivo X300s (Pin 7100mAh),19050000,19.050.000 ₫,https://mobilecity.vn/dien-thoai/vivo-x300s-pin-7100mah.html,https://cdn.mobilecity.vn/mobilecity-vn/images/2026/03/vivo-x300s-pin-0-2.jpg,vivo
Vivo X100 Ultra 5G (Camera tiềm vọng 200MP - Kết nối vệ tinh),19950000,19.950.000 ₫,https://mobilecity.vn/dien-thoai/vivo-x100-ultra-5g-ket-noi-ve-tinh.html,https://cdn.mobilecity.vn/mobilecity-vn/images/2024/05/vivo-x100-ultra-titan.jpg.webp,vivo
Vivo iQOO 15 Ultra (Có quạt tản nhiệt + IP69),21350000,21.350.000 ₫,https://mobilecity.vn/dien-thoai/vivo-iqoo-15-ultra-cao-cap-IP68.html,https://cdn.mobilecity.vn/mobilecity-vn/images/2026/02/vivo-iqoo-15-ultra-0-1.jpg,vivo
Vivo X Fold 5 (Siêu nhẹ - Pin 6000mAh),25550000,25.550.000 ₫,https://mobilecity.vn/dien-thoai/vivo-x-fold-5-sieu-nhe.html,https://cdn.mobilecity.vn/mobilecity-vn/images/2025/06/vivo-x-fold-5-xanh-la.jpg.webp,vivo
Vivo X300 Ultra 5G (Snapdragon 8 Elite Gen 5),26750000,26.750.000 ₫,https://mobilecity.vn/dien-thoai/vivo-x300-ultra-5g-sieu-khung.html,https://cdn.mobilecity.vn/mobilecity-vn/images/2026/03/vivo-x300-ultra-0-1.jpg,vivo
Vivo X Fold 3 Pro 5G (Màn hình gập siêu cao cấp),34350000,34.350.000 ₫,https://mobilecity.vn/dien-thoai/vivo-x-fold-3-pro-5g.html,https://cdn.mobilecity.vn/mobilecity-vn/images/2024/03/vivo-x-fold-3-pro-den.jpg.webp,vivo
Vivo iQOO Neo 9 Racing Edition 5G (Snapdragon 8s Gen 3),0,Liên hệ,https://mobilecity.vn/dien-thoai/vivo-iqoo-neo-9-racing-edition-5g.html,https://cdn.mobilecity.vn/mobilecity-vn/images/2024/03/vivo-iqoo-neo-9-racing-edition-minh-hoa.jpg.webp,vivo
Vivo iQOO 13 Pro 5G (Snapdragon 8 Elite),0,Liên hệ,https://mobilecity.vn/dien-thoai/vivo-iqoo-13-pro-5g-sieu-cao-cap.html,https://cdn.mobilecity.vn/mobilecity-vn/images/2024/05/vivo-iqoo-13-pro-minh-hoa.jpg.webp,vivo
Vivo Y19s Chính hãng (Pin 5500mAh),3250000,3.250.000 ₫,https://mobilecity.vn/dien-thoai/vivo-y19s-chinh-hang.html,https://cdn.mobilecity.vn/mobilecity-vn/images/2025/05/vivo-y19s-chinh-hang-bac.jpg.webp,vivo
Vivo iQOO Z9x 5G (pin 6000mAh),3350000,3.350.000 ₫,https://mobilecity.vn/dien-thoai/vivo-iqoo-z9x-5g.html,https://cdn.mobilecity.vn/mobilecity-vn/images/2024/04/vivo-iqoo-z9x-xanh.jpg.webp,vivo
Vivo iQOO Z9 Turbo Endurance Edition (Pin 6400 mAh),5750000,5.750.000 ₫,https://mobilecity.vn/dien-thoai/vivo-iqoo-z9-turbo-endurance-edition.html,https://cdn.mobilecity.vn/mobilecity-vn/images/2025/01/vivo-iqoo-z9-turbo-pin-6400mah-xanh-duong.jpg.webp,vivo
Vivo iQOO Neo 9 5G (Snapdragon 8 Gen 2 - Màn 1.5K 144Hz),6250000,6.250.000 ₫,https://mobilecity.vn/dien-thoai/vivo-iqoo-neo-9-hieu-nang-sieu-manh.html,https://cdn.mobilecity.vn/mobilecity-vn/images/2023/12/vivo-iqoo-neo-9-xanh.jpg.webp,vivo
Vivo iQOO Neo 9S Pro Plus 5G (Snapdragon 8 Gen 3 - Màn 144Hz),7650000,7.650.000 ₫,https://mobilecity.vn/dien-thoai/vivo-iqoo-neo-9s-pro-plus-thiet-ke-noi-bat.html,https://cdn.mobilecity.vn/mobilecity-vn/images/2024/07/vivo-iqoo-neo9s-pro-plus-xanh-trang.jpg.webp,vivo
Vivo iQOO Neo 9S Pro 5G (Dimensity 9300 Plus),7650000,7.650.000 ₫,https://mobilecity.vn/dien-thoai/vivo-iqoo-neo-9s-pro-5g-global.html,https://cdn.mobilecity.vn/mobilecity-vn/images/2024/05/vivo-iqoo-neo-9s-pro-5g-mau-trang.jpg.webp,vivo
Vivo iQOO Neo 10 Pro (Dimensity 9400),8350000,8.350.000 ₫,https://mobilecity.vn/dien-thoai/vivo-iqoo-neo-10-pro-5g.html,https://cdn.mobilecity.vn/mobilecity-vn/images/2024/11/iqoo-neo10-pro-cam.jpg.webp,vivo
Vivo iQOO 8 (Snap 888),10950000,10.950.000 ₫,https://mobilecity.vn/vivo/vivo-iqoo-8.html,https://cdn.mobilecity.vn/mobilecity-vn/images/2021/10/vivo-iqoo-8-den.jpg.webp,vivo
Vivo X100s 5G (Dimensity 9300 Plus),12250000,12.250.000 ₫,https://mobilecity.vn/dien-thoai/vivo-x100s-5g-chip-sieu-manh.html,https://cdn.mobilecity.vn/mobilecity-vn/images/2024/05/vivo-x100s-xanh.jpg.webp,vivo
Vivo X200 5G (Dimensity 9400),12650000,12.650.000 ₫,https://mobilecity.vn/dien-thoai/vivo-x200-5g-cao-cap.html,https://cdn.mobilecity.vn/mobilecity-vn/images/2024/10/vivo-x200-titan.jpg.webp,vivo
Vivo X200 Pro Mini (Dimensity 9400),13950000,13.950.000 ₫,https://mobilecity.vn/dien-thoai/vivo-x200-pro-mini.html,https://cdn.mobilecity.vn/mobilecity-vn/images/2024/10/vivo-x200-pro-mini-xanh-la.jpg.webp,vivo
"Vivo Y17 Chính hãng (Pin 5000 mAh, 18W)",0,Liên hệ,https://mobilecity.vn/dien-thoai/vivo-y17-chinh-hang-pin-5000mah-18w.html,https://cdn.mobilecity.vn/mobilecity-vn/images/2023/06/vivo-y17-mau-xanh-duong-anh-dai-dien.jpg.webp,vivo
Vivo S1 Pro,2500000,2.500.000 ₫,https://mobilecity.vn/vivo/vivo-s1-pro.html,https://cdn.mobilecity.vn/mobilecity-vn/images/2019/08/s1-pro-red.jpg.webp,vivo
Vivo iQOO Z9 Lite 5G (Dimensity 6300),2850000,2.850.000 ₫,https://mobilecity.vn/dien-thoai/vivo-iqoo-z9-lite-5g.html,https://cdn.mobilecity.vn/mobilecity-vn/images/2024/07/vivo-iqoo-z9-lite-5g-nau.jpg.webp,vivo
Vivo Y03 Chính hãng (Màn hình 90Hz),2950000,2.950.000 ₫,https://mobilecity.vn/dien-thoai/vivo-y03-chinh-hang.html,https://cdn.mobilecity.vn/mobilecity-vn/images/2024/03/vivo-y03-chinh-hang-xanh.jpg.webp,vivo
Vivo iQOO Z8x 5G (Snapdragon 6 Gen 1),3250000,3.250.000 ₫,https://mobilecity.vn/dien-thoai/vivo-iqoo-z8x-5g-snapdragon-6-gen-1.html,https://cdn.mobilecity.vn/mobilecity-vn/images/2023/09/vivo-iqoo-z8x-trang.jpg.webp,vivo
Vivo iQOO Z7i 5G (Dimensity 6020),3250000,3.250.000 ₫,https://mobilecity.vn/dien-thoai/vivo-iqoo-z7i-gia-re.html,https://cdn.mobilecity.vn/mobilecity-vn/images/2023/03/vivo-iqoo-z7i-xanh.jpg.webp,vivo
Vivo Y20 (Chính hãng),3450000,3.450.000 ₫,https://mobilecity.vn/vivo/vivo-y20.html,https://cdn.mobilecity.vn/mobilecity-vn/images/2021/12/vivo-y20-8.jpg.webp,vivo
Vivo Y200t 5G (Snapdragon 6 Gen 1),3450000,3.450.000 ₫,https://mobilecity.vn/dien-thoai/vivo-y200t-5g-snapdragon-6-gen-1.html,https://cdn.mobilecity.vn/mobilecity-vn/images/2024/05/vivo-y200t-5g-xanh-ngoc-luc-bao.jpg.webp,vivo
Vivo S5,3500000,3.500.000 ₫,https://mobilecity.vn/vivo/vivo-s5.html,https://cdn.mobilecity.vn/mobilecity-vn/images/2019/11/vivos5.jpg.webp,vivo
"Vivo Y17s (Helio G85, IP54)",3550000,3.550.000 ₫,https://mobilecity.vn/dien-thoai/vivo-y17s-helio-g85.html,https://cdn.mobilecity.vn/mobilecity-vn/images/2023/09/vivo-y17s-tim.jpg.webp,vivo
Vivo Y21 Chính hãng,3650000,3.650.000 ₫,https://mobilecity.vn/vivo/vivo-y21.html,https://cdn.mobilecity.vn/mobilecity-vn/images/2021/12/vivo-y21-blue-dai-dien.jpg.webp,vivo
Vivo Y78t 5G (Snapdragon 6 Gen 1),3750000,3.750.000 ₫,https://mobilecity.vn/dien-thoai/vivo-y78t-5g-snapdragon-6-gen-1.html,https://cdn.mobilecity.vn/mobilecity-vn/images/2023/11/vivo-y78t-5g-bac.jpg.webp,vivo
Vivo Y27s (Snapdragon 680),3750000,3.750.000 ₫,https://mobilecity.vn/dien-thoai/vivo-y27s-snapdragon-680.html,https://cdn.mobilecity.vn/mobilecity-vn/images/2023/11/vivo-y27s-den-do-tia-1.jpg.webp,vivo
Vivo iQOO U1,3950000,3.950.000 ₫,https://mobilecity.vn/vivo/vivo-iqoo-u1.html,https://cdn.mobilecity.vn/mobilecity-vn/images/2020/07/vivo-iqoo-u1-2.jpg.webp,vivo
Vivo iQOO Z7x 5G (Snapdragon 695 5G),4250000,4.250.000 ₫,https://mobilecity.vn/dien-thoai/vivo-iqoo-z7x-pin-trau-sac-sieu-nhanh.html,https://cdn.mobilecity.vn/mobilecity-vn/images/2023/06/vivo-iqoo-z7x-xanh.jpg.webp,vivo
Vivo Y78 5G (Dimensity 7020),4550000,4.550.000 ₫,https://mobilecity.vn/dien-thoai/vivo-y78-5g-dimensity-7020.html,https://cdn.mobilecity.vn/mobilecity-vn/images/2023/10/vivo-y78-vang.jpg.webp,vivo
Vivo Y21s Chính hãng,4600000,4.600.000 ₫,https://mobilecity.vn/vivo/vivo-y21s.html,https://cdn.mobilecity.vn/mobilecity-vn/images/2021/12/vivo-y21s-dai-dien-blue.jpg.webp,vivo
Vivo Y100 5G (Snapdragon 695 5G),4690000,4.690.000 ₫,https://mobilecity.vn/dien-thoai/vivo-y100-5g-snapdragon-695.html,https://cdn.mobilecity.vn/mobilecity-vn/images/2023/10/vivo-y100-5g-xanh-bac-ha.jpg.webp,vivo
Vivo iQOO Neo,4950000,4.950.000 ₫,https://mobilecity.vn/vivo/vivo-iqoo-neo.html,https://cdn.mobilecity.vn/mobilecity-vn/images/2019/08/iqoo-neo-3.jpg.webp,vivo
Vivo iQOO Z1x,4950000,4.950.000 ₫,https://mobilecity.vn/vivo/vivo-iqoo-z1x.html,https://cdn.mobilecity.vn/mobilecity-vn/images/2021/04/vivo-iqoo-z1x-2.png.webp,vivo
Vivo Y77t 5G (Dimensity 7020 - RAM 12 GB),4950000,4.950.000 ₫,https://mobilecity.vn/dien-thoai/vivo-y77t-dimensity-7020.html,https://cdn.mobilecity.vn/mobilecity-vn/images/2023/08/vivo-y77t-vang.jpg.webp,vivo
Vivo V19 Chính hãng (Snapdragon 712),5000000,5.000.000 ₫,https://mobilecity.vn/dien-thoai/vivo-v19-chinh-hang-snapdragon-712.html,https://cdn.mobilecity.vn/mobilecity-vn/images/2023/07/vivo-v19-anh-dai-dien.jpg.webp,vivo
Vivo iQOO Z7 (Snapdragon 782G),5150000,5.150.000 ₫,https://mobilecity.vn/dien-thoai/vivo-iqoo-z7-man-hinh-sac-net.html,https://cdn.mobilecity.vn/mobilecity-vn/images/2023/06/vivo-iqoo-z7-cam.jpg.webp,vivo
Vivo Y300 Pro 5G (Pin 6500mAh),5250000,5.250.000 ₫,https://mobilecity.vn/dien-thoai/vivo-y300-pro-5g-pin-6500mAh-sac-80W.html,https://cdn.mobilecity.vn/mobilecity-vn/images/2024/09/vivo-y300-pro-titan.jpg.webp,vivo
Vivo Y100i 5G (Dimensity 6020),5350000,5.350.000 ₫,https://mobilecity.vn/dien-thoai/vivo-y100i-5g-bo-nho-cao.html,https://cdn.mobilecity.vn/mobilecity-vn/images/2023/11/vivo-y100i-dai-dien-ro-ri-hong.jpg.webp,vivo
Vivo iQOO Z9s 5G (Quốc tế - Dimensity 7300),5450000,5.450.000 ₫,https://mobilecity.vn/dien-thoai/vivo-iqoo-z9s-5g.html,https://cdn.mobilecity.vn/mobilecity-vn/images/2024/08/vivo-iqoo-z9s-quoc-te-xanh.jpg.webp,vivo
"Vivo Y78 Plus 5G (màn AMOLED 120Hz, sạc 44W)",5450000,5.450.000 ₫,https://mobilecity.vn/dien-thoai/vivo-y78-plus-sac-44w.html,https://cdn.mobilecity.vn/mobilecity-vn/images/2023/10/vivo-y78-plus-vang.jpg.webp,vivo
Vivo Y35m Plus 5G (Dimensity 6020),5450000,5.450.000 ₫,https://mobilecity.vn/dien-thoai/vivo-y35m-plus-5g.html,https://cdn.mobilecity.vn/mobilecity-vn/images/2023/10/vivo-y35m-plus-xanh.jpg.webp,vivo
Vivo iQOO Z3 (Snap 768G),5550000,5.550.000 ₫,https://mobilecity.vn/vivo/vivo-iqoo-z3.html,https://cdn.mobilecity.vn/mobilecity-vn/images/2021/04/vivo-iqoo-z3-3.jpg.webp,vivo
Vivo Y35 Plus 5G (Dimensity 6020),5660000,5.660.000 ₫,https://mobilecity.vn/dien-thoai/vivo-y35-plus-dimensity-6020.html,https://cdn.mobilecity.vn/mobilecity-vn/images/2023/09/vivo-y35-plus-tim-tinh-van.jpg.webp,vivo
Vivo Y28 Chính hãng (Pin khủng 6000mAh),5750000,5.750.000 ₫,https://mobilecity.vn/dien-thoai/vivo-y28-chinh-hang.html,https://cdn.mobilecity.vn/mobilecity-vn/images/2024/07/vivo-y28-chinh-hang-vang.jpg.webp,vivo
Vivo iQOO Neo 8 5G (Snapdragon 8+ Gen 1),5950000,5.950.000 ₫,https://mobilecity.vn/dien-thoai/vivo-iqoo-neo-8-gia-re.html,https://cdn.mobilecity.vn/mobilecity-vn/images/2023/05/vivo-iqoo-neo-8-do.jpg.webp,vivo
Vivo iQOO Neo 855,6150000,6.150.000 ₫,https://mobilecity.vn/vivo/vivo-iqoo-neo-855.html,https://cdn.mobilecity.vn/mobilecity-vn/images/2019/11/vivo-iqoo-855.jpg.webp,vivo
Vivo iQOO Z8 5G (Dimensity 8200),6150000,6.150.000 ₫,https://mobilecity.vn/dien-thoai/vivo-iqoo-z8-5g-dimensity-8200.html,https://cdn.mobilecity.vn/mobilecity-vn/images/2023/09/vivo-iqoo-z8-xanh.jpg.webp,vivo
Vivo iQOO Z5 (Snap 778G),6450000,6.450.000 ₫,https://mobilecity.vn/vivo/vivo-iqoo-z5.html,https://cdn.mobilecity.vn/mobilecity-vn/images/2021/09/vivo-iqoo-z5-den.jpg.webp,vivo
Vivo Y200 5G (Snapdragon 4 Gen 1 - Ấn Độ),6450000,6.450.000 ₫,https://mobilecity.vn/dien-thoai/vivo-y200-5g.html,https://cdn.mobilecity.vn/mobilecity-vn/images/2023/11/vivo-y200-5g-vang.jpg.webp,vivo
Vivo iQOO Z1 (Chip Dimensity 1000+),6650000,6.650.000 ₫,https://mobilecity.vn/vivo/vivo-iqoo-z1.html,https://cdn.mobilecity.vn/mobilecity-vn/images/2020/05/iqoo-z1-white.jpg.webp,vivo
"Vivo Y78m (t1) 5G (Pin 5000mAh, sạc 44W)",6688000,6.688.000 ₫,https://mobilecity.vn/dien-thoai/vivo-y78m-t1-5g-pin-5000mah.html,https://cdn.mobilecity.vn/mobilecity-vn/images/2023/10/vivo-y78m-t1-xanh.jpg.webp,vivo
Vivo iQOO Neo 5 Lite (Snap 870),6750000,6.750.000 ₫,https://mobilecity.vn/vivo/vivo-iqoo-neo-5-lite.html,https://cdn.mobilecity.vn/mobilecity-vn/images/2021/06/vivo-iqoo-neo-5-lite-3.jpg.webp,vivo
"Vivo V27e (Helio G99, Sạc 66W)",6750000,6.750.000 ₫,https://mobilecity.vn/dien-thoai/vivo-v27e-helio-g99-sac-66w.html,https://cdn.mobilecity.vn/mobilecity-vn/images/2023/03/vivo-v27e-tim.jpg.webp,vivo
Vivo S17e 5G (Dimensity 7200),6950000,6.950.000 ₫,https://mobilecity.vn/dien-thoai/vivo-s17e-dimensity-7200.html,https://cdn.mobilecity.vn/mobilecity-vn/images/2023/06/vivo-s17e-vang.jpg.webp,vivo
Vivo S15e,7050000,7.050.000 ₫,https://mobilecity.vn/dien-thoai/vivo-s15e.html,https://cdn.mobilecity.vn/mobilecity-vn/images/2022/04/vivo-s15e-mau-den-2.jpg.webp,vivo
Vivo iQOO Z7 Pro 5G (Dimensity 7200),7050000,7.050.000 ₫,https://mobilecity.vn/dien-thoai/vivo-iqoo-z7-pro-5g-sac-sieu-nhanh.html,https://cdn.mobilecity.vn/mobilecity-vn/images/2023/09/vivo-iqoo-z7-pro-xanh.jpg.webp,vivo
Vivo T2 Pro 5G (Dimensity 7200),7050000,7.050.000 ₫,https://mobilecity.vn/dien-thoai/vivo-t2-pro-dimensity-7200.html,https://cdn.mobilecity.vn/mobilecity-vn/images/2023/09/vivo-t2-pro-vang.jpg.webp,vivo
Vivo Y78m 5G (Chip Dimensity 7020),7150000,7.150.000 ₫,https://mobilecity.vn/dien-thoai/vivo-y78m-5g-chip-dimensity-7020.html,https://cdn.mobilecity.vn/mobilecity-vn/images/2023/08/vivo-y78m-xanh.jpg.webp,vivo
Vivo S18e 5G (Dimensity 7200),7250000,7.250.000 ₫,https://mobilecity.vn/dien-thoai/vivo-s18e-5g-dimensity-7200.html,https://cdn.mobilecity.vn/mobilecity-vn/images/2023/12/vivo-s18e-tim.jpg.webp,vivo
Vivo T2 (Russia) 4G (Helio G99),7320000,7.320.000 ₫,https://mobilecity.vn/dien-thoai/vivo-t2-russia-4g-helio-g99.html,https://cdn.mobilecity.vn/mobilecity-vn/images/2023/10/vivo-t2-4g-russia-tim.jpg.webp,vivo
Vivo T3 Pro 5G Global (Snapdragon 7 Gen 3),7350000,7.350.000 ₫,https://mobilecity.vn/dien-thoai/vivo-t3-pro-5g-global.html,https://cdn.mobilecity.vn/mobilecity-vn/images/2024/09/vivo-t3-pro-cam.jpg.webp,vivo
Vivo iQOO Neo 3 (Snap 865),7450000,7.450.000 ₫,https://mobilecity.vn/vivo/vivo-iqoo-neo-3.html,https://cdn.mobilecity.vn/mobilecity-vn/images/2020/04/iqoo-neo-3-1-4.jpg.webp,vivo
Vivo iQOO Z9s Pro 5G (Quốc tế - Snapdragon 7 Gen 3),7450000,7.450.000 ₫,https://mobilecity.vn/dien-thoai/vivo-iqoo-z9s-pro-5g-quoc-te.html,https://cdn.mobilecity.vn/mobilecity-vn/images/2024/08/vivo-iqoo-z9s-pro-global-cam.jpg.webp,vivo
Vivo iQOO Neo 6 SE (Snap 870),7450000,7.450.000 ₫,https://mobilecity.vn/dien-thoai/vivo-iqoo-neo-6-se.html,https://cdn.mobilecity.vn/mobilecity-vn/images/2022/05/vivo-iqoo-neo-6-se-xanh.jpg.webp,vivo
Vivo V11 (Snapdragon 660),7700000,7.700.000 ₫,https://mobilecity.vn/dien-thoai/vivo-v11-snapdragon-660.html,https://cdn.mobilecity.vn/mobilecity-vn/images/2023/07/vivo-v11-mau-vang-anh-dai-dien.jpg.webp,vivo
Vivo V29e 5G (Snapdragon 695 5G),7880000,7.880.000 ₫,https://mobilecity.vn/dien-thoai/vivo-v29e-sac-nhanh-gia-re.html,https://cdn.mobilecity.vn/mobilecity-vn/images/2023/08/vivo-v29e-do.jpg.webp,vivo
Vivo iQOO Neo 5SE (Snapdragon 870),7950000,7.950.000 ₫,https://mobilecity.vn/vivo/vivo-iqoo-neo-5se.html,https://cdn.mobilecity.vn/mobilecity-vn/images/2021/12/iqoo-neo-5se-1.jpg.webp,vivo
Vivo S18 5G (Snapdragon 7 Gen 3),7950000,7.950.000 ₫,https://mobilecity.vn/dien-thoai/vivo-s18-5g-snapdragon-7-gen-3.html,https://cdn.mobilecity.vn/mobilecity-vn/images/2023/12/vivo-s18-5g-xanh-1.jpg.webp,vivo
Vivo S17 5G (Snapdragon 778G+),8250000,8.250.000 ₫,https://mobilecity.vn/dien-thoai/vivo-s17-snapdragon-778g-plus.html,https://cdn.mobilecity.vn/mobilecity-vn/images/2023/06/vivo-s17-hong.jpg.webp,vivo
Vivo S9 5G,8450000,8.450.000 ₫,https://mobilecity.vn/vivo/vivo-s9.html,https://cdn.mobilecity.vn/mobilecity-vn/images/2021/03/vivo-s9-600x600-1-400x400.jpg.webp,vivo
Vivo iQOO Neo 6 (Snapdragon 8 Gen 1),8450000,8.450.000 ₫,https://mobilecity.vn/dien-thoai/vivo-iqoo-neo-6.html,https://cdn.mobilecity.vn/mobilecity-vn/images/2022/04/vivo-iqoo-neo-6-cam.png.webp,vivo
Vivo V29e 5G Chính hãng DGW,8450000,8.450.000 ₫,https://mobilecity.vn/dien-thoai/vivo-v29e-chinh-hang-dgw.html,https://cdn.mobilecity.vn/mobilecity-vn/images/2023/11/vivo-v29e-xanh-song-bang.jpg.webp,vivo
Vivo V30e 5G Chính hãng (Snapdragon 6 Gen 1),8550000,8.550.000 ₫,https://mobilecity.vn/dien-thoai/vivo-v30e-5g-snapdragon-6-gen-1.html,https://cdn.mobilecity.vn/mobilecity-vn/images/2024/05/vivo-v30e-india-velvet-red.jpg.webp,vivo
Vivo S19 5G (Snapdragon 7 Gen 3 - Pin 6000mAh),8850000,8.850.000 ₫,https://mobilecity.vn/dien-thoai/vivo-s19-5g-pin-6000mah.html,https://cdn.mobilecity.vn/mobilecity-vn/images/2024/05/vivo-s19-5g-hong-dao.jpg.webp,vivo
"Vivo V27 (Dimensity 7200, camera 50MP OIS)",9350000,9.350.000 ₫,https://mobilecity.vn/vivo/vivo-v27-dimensity-7200.html,https://cdn.mobilecity.vn/mobilecity-vn/images/2023/03/vivo-v27-xanh-la.jpg.webp,vivo
Vivo V29 Lite 5G (Snapdragon 695 5G),9350000,9.350.000 ₫,https://mobilecity.vn/dien-thoai/vivo-v29-lite-snapdragon-695.html,https://cdn.mobilecity.vn/mobilecity-vn/images/2023/08/vivo-v29-lite-vang.jpg.webp,vivo
Vivo iQOO Neo 5S,9450000,9.450.000 ₫,https://mobilecity.vn/vivo/vivo-iqoo-neo-5s.html,https://cdn.mobilecity.vn/mobilecity-vn/images/2021/12/vivo-iqoo-neo-5s-xanh-xam.jpg.webp,vivo
Vivo iQOO Neo 7 Pro 5G (Sạc 120W - Snapdragon 8+ Gen 1),9850000,9.850.000 ₫,https://mobilecity.vn/dien-thoai/vivo-iqoo-neo-7-pro-sac-120w.html,https://cdn.mobilecity.vn/mobilecity-vn/images/2023/07/vivo-iqoo-neo7-pro-racing-editon-cam-1.jpg.webp,vivo
Vivo iQOO Neo 8 Pro 5G (Dimensity 9200+),9950000,9.950.000 ₫,https://mobilecity.vn/dien-thoai/vivo-iqoo-neo-8-pro.html,https://cdn.mobilecity.vn/mobilecity-vn/images/2023/05/vivo-iqoo-neo-8-pro-xanh.jpg.webp,vivo
Vivo S17t 5G (Dimensity 8050),9950000,9.950.000 ₫,https://mobilecity.vn/dien-thoai/vivo-s17t-dimensity-8050.html,https://cdn.mobilecity.vn/mobilecity-vn/images/2023/06/vivo-s17t-den.jpg.webp,vivo
Vivo X100 Pro 5G (Dimensity 9300),10150000,10.150.000 ₫,https://mobilecity.vn/dien-thoai/vivo-x100-pro-hieu-nang-sieu-manh.html,https://cdn.mobilecity.vn/mobilecity-vn/images/2023/11/vivo-x100-pro-5g-xanh.jpg.webp,vivo
Vivo S18 Pro 5G (Dimensity 9200 Plus),10150000,10.150.000 ₫,https://mobilecity.vn/dien-thoai/vivo-s18-pro-5g-dimensity-9200-plus.html,https://cdn.mobilecity.vn/mobilecity-vn/images/2023/12/vivo-s18-pro-bac.jpg.webp,vivo
Vivo S17 Pro 5G (Dimensity 8200),10250000,10.250.000 ₫,https://mobilecity.vn/dien-thoai/vivo-s17-pro-dimensity-8200.html,https://cdn.mobilecity.vn/mobilecity-vn/images/2023/06/vivo-s17-pro-xanh.jpg.webp,vivo
Vivo iQOO Pro,10450000,10.450.000 ₫,https://mobilecity.vn/vivo/vivo-iqoo-pro.html,https://cdn.mobilecity.vn/mobilecity-vn/images/2019/08/vivo-iqoo-pro.jpg.webp,vivo
Vivo iQOO 9 SE,10450000,10.450.000 ₫,https://mobilecity.vn/dien-thoai/vivo-iqoo-9-se.html,https://cdn.mobilecity.vn/mobilecity-vn/images/2022/02/vivo-iqoo-9-se-den.jpg.webp,vivo
Vivo iQOO 11 5G (Snapdragon 8 Gen 2 - Sạc 120W),10450000,10.450.000 ₫,https://mobilecity.vn/dien-thoai/vivo-iqoo-11.html,https://cdn.mobilecity.vn/mobilecity-vn/images/2022/12/vivo-iqoo-11-xanh.png.webp,vivo
Vivo V30 5G Chính hãng (Snapdragon 7 Gen 3),10950000,10.950.000 ₫,https://mobilecity.vn/dien-thoai/vivo-v30-5g-snapdragon-7-gen-3.html,https://cdn.mobilecity.vn/mobilecity-vn/images/2024/05/vivo-v30-5g-chinh-hang-xanh.jpg.webp,vivo
Vivo S20 Pro 5G (Dimensity 9300 Plus),11450000,11.450.000 ₫,https://mobilecity.vn/dien-thoai/vivo-s20-pro-5g-cau-hinh-cao.html,https://cdn.mobilecity.vn/mobilecity-vn/images/2024/11/vivo-s20-pro-tim.jpg.webp,vivo
Vivo S19 Pro 5G (Dimensity 9200 Plus - Pin 5500mAh),11650000,11.650.000 ₫,https://mobilecity.vn/dien-thoai/vivo-s19-pro-5g-pin-5500mah.html,https://cdn.mobilecity.vn/mobilecity-vn/images/2024/05/vivo-s19-pro-5g-trang.jpg.webp,vivo
"Vivo V29 Pro 5G (Dimensity 8200, Camera selfie 50MP)",11750000,11.750.000 ₫,https://mobilecity.vn/dien-thoai/vivo-v29-pro-dimensity-8200.html,https://cdn.mobilecity.vn/mobilecity-vn/images/2023/10/vivo-v29-pro-xanh.jpg.webp,vivo
Vivo iQOO 3 5G,11950000,11.950.000 ₫,https://mobilecity.vn/vivo/vivo-iqoo-3.html,https://cdn.mobilecity.vn/mobilecity-vn/images/2020/02/vivo-iqoo-3-5g-3.jpg.webp,vivo
Vivo iQOO 7 (Snap 888),12450000,12.450.000 ₫,https://mobilecity.vn/vivo/vivo-iqoo-7.html,https://cdn.mobilecity.vn/mobilecity-vn/images/2021/02/vivo-iqoo-7-white.jpg.webp,vivo
Vivo iQOO 11S 5G (Snapdragon 8 Gen 2),12450000,12.450.000 ₫,https://mobilecity.vn/dien-thoai/vivo-iqoo-11s-sieu-manh.html,https://cdn.mobilecity.vn/mobilecity-vn/images/2023/07/vivo-iqoo-11s-xanh.jpg.webp,vivo
Vivo V29 5G (Snapdragon 778G+),12550000,12.550.000 ₫,https://mobilecity.vn/dien-thoai/vivo-v29-5g-snapdragon-778g.html,https://cdn.mobilecity.vn/mobilecity-vn/images/2023/08/vivo-v29-5g-xanh.jpg.webp,vivo
Vivo iQOO 10,12950000,12.950.000 ₫,https://mobilecity.vn/dien-thoai/vivo-iqoo-10.html,https://cdn.mobilecity.vn/mobilecity-vn/images/2022/07/iqoo-10-trang.png.webp,vivo
"Vivo X90 5G (Dimensity 9200, sạc 120W)",12950000,12.950.000 ₫,https://mobilecity.vn/dien-thoai/vivo-x90-dimensity-9200.html,https://cdn.mobilecity.vn/mobilecity-vn/images/2022/11/vivo-x90-dimensity-9200-xanh.png.webp,vivo
Vivo iQOO 12 5G (Snapdragon 8 Gen 3 - màn 144Hz),12950000,12.950.000 ₫,https://mobilecity.vn/dien-thoai/vivo-iqoo-12-snapdragon-8-gen-3.html,https://cdn.mobilecity.vn/mobilecity-vn/images/2023/11/vivo-iqoo-12-trang.jpg.webp,vivo
Vivo X90s 5G (Dimensity 9200 Plus),13050000,13.050.000 ₫,https://mobilecity.vn/dien-thoai/vivo-x90s-dimensity-9200-plus.html,https://cdn.mobilecity.vn/mobilecity-vn/images/2023/06/vivo-x90s-xanh.jpg.webp,vivo
Vivo X80,13150000,13.150.000 ₫,https://mobilecity.vn/dien-thoai/vivo-x80.html,https://cdn.mobilecity.vn/mobilecity-vn/images/2022/05/vivo-x80-xanh.jpg.webp,vivo
Vivo iQOO 5,13450000,13.450.000 ₫,https://mobilecity.vn/vivo/vivo-iqoo-5.html,https://cdn.mobilecity.vn/mobilecity-vn/images/2020/08/iqoo-4-green.png.webp,vivo
Vivo IQOO 9,13450000,13.450.000 ₫,https://mobilecity.vn/vivo/vivo-iqoo-9.html,https://cdn.mobilecity.vn/mobilecity-vn/images/2022/01/vivo-iqoo-9.jpg.webp,vivo
Vivo X100 5G (Dimensity 9300),13550000,13.550.000 ₫,https://mobilecity.vn/dien-thoai/vivo-x100-5g-cau-hinh-manh.html,https://cdn.mobilecity.vn/mobilecity-vn/images/2023/11/vivo-x100-5g-cam.jpg.webp,vivo
Vivo iQOO 12 Pro 5G (Snapdragon 8 Gen 3),16750000,16.750.000 ₫,https://mobilecity.vn/dien-thoai/vivo-iqoo-12-pro-5g.html,https://cdn.mobilecity.vn/mobilecity-vn/images/2023/11/vivo-iqoo-12-pro-do.jpg.webp,vivo
Vivo iQOO 11 Pro 5G (Snapdragon 8 Gen 2 - Sạc 200W),17350000,17.350.000 ₫,https://mobilecity.vn/dien-thoai/vivo-iqoo-11-pro.html,https://cdn.mobilecity.vn/mobilecity-vn/images/2022/12/vivo-iqoo-11-pro-trang.jpg.webp,vivo
Vivo X90 Pro (Dimensity 9200),17450000,17.450.000 ₫,https://mobilecity.vn/dien-thoai/vivo-x90-pro-man-hinh-2k.html,https://cdn.mobilecity.vn/mobilecity-vn/images/2022/11/vivo-x90-pro-man-hinh-2k-den.png.webp,vivo
Vivo iQOO 8 Pro (Snap 888+),17950000,17.950.000 ₫,https://mobilecity.vn/vivo/vivo-iqoo-8-pro.html,https://cdn.mobilecity.vn/mobilecity-vn/images/2021/10/vivo-iqoo-8-pro-trang.jpg.webp,vivo
Vivo iQOO 9 Pro,19450000,19.450.000 ₫,https://mobilecity.vn/vivo/Vivo-iqoo-9-pro.html,https://cdn.mobilecity.vn/mobilecity-vn/images/2022/01/iqoo-9-pro-1-1.jpg.webp,vivo
Vivo X80 Pro,19450000,19.450.000 ₫,https://mobilecity.vn/dien-thoai/vivo-x80-pro.html,https://cdn.mobilecity.vn/mobilecity-vn/images/2022/04/vivo-x80-pro-orange.jpg.webp,vivo
Vivo X Flip 5G (Snapdragon 8+ Gen 1),19750000,19.750.000 ₫,https://mobilecity.vn/dien-thoai/vivo-x-flip-pin-4400mah.html,https://cdn.mobilecity.vn/mobilecity-vn/images/2023/06/vivo-x-flip-tim.jpg.webp,vivo
Vivo X Fold 3 5G (Snapdragon 8 Gen 2),20550000,20.550.000 ₫,https://mobilecity.vn/dien-thoai/vivo-x-fold-3-5g-dien-thoai-gap.html,https://cdn.mobilecity.vn/mobilecity-vn/images/2024/03/vivo-x-fold-3-den.jpg.webp,vivo
Vivo X90 Pro Plus (Snapdragon 8 Gen 2),22750000,22.750.000 ₫,https://mobilecity.vn/dien-thoai/vivo-x90-pro-plus-snapdragon-8-gen-2.html,https://cdn.mobilecity.vn/mobilecity-vn/images/2022/11/vivo-x90-pro-plus-snapdragon-8-gen-2-do.png.webp,vivo
Vivo X Fold 2 5G (Snapdragon 8 Gen 2),29950000,29.950.000 ₫,https://mobilecity.vn/dien-thoai/vivo-x-fold-2-dien-thoai-gap.html,https://cdn.mobilecity.vn/mobilecity-vn/images/2023/09/vivo-x-fold-2-doi.jpg.webp,vivo
Vivo iQOO,0,Liên hệ,https://mobilecity.vn/vivo/iqoo.html,https://cdn.mobilecity.vn/mobilecity-vn/images/2019/07/iqoo-blue.jpg.webp,vivo
Vivo X70 5G,0,Liên hệ,https://mobilecity.vn/vivo/vivo-x70-5g.html,https://cdn.mobilecity.vn/mobilecity-vn/images/2021/12/vivo-x70-3.jpg.webp,vivo
Vivo Y15a Chính hãng,0,Liên hệ,https://mobilecity.vn/vivo/vivo-y15a.html,https://cdn.mobilecity.vn/mobilecity-vn/images/2021/12/vivo-y15a.jpg.webp,vivo
Vivo S15,0,Liên hệ,https://mobilecity.vn/dien-thoai/vivo-s15.html,https://cdn.mobilecity.vn/mobilecity-vn/images/2022/05/vivo-s15-8.jpg.webp,vivo
Vivo S15 Pro,0,Liên hệ,https://mobilecity.vn/dien-thoai/vivo-s15-pro.html,https://cdn.mobilecity.vn/mobilecity-vn/images/2022/06/vivo-s15-pro-mau-den.jpg.webp,vivo
Vivo T2,0,Liên hệ,https://mobilecity.vn/dien-thoai/vivo-t2.html,https://cdn.mobilecity.vn/mobilecity-vn/images/2022/05/vivo-t2.jpg.webp,vivo
Vivo T1 5G (Chính hãng),0,Liên hệ,https://mobilecity.vn/dien-thoai/vivo-t1-5g.html,https://cdn.mobilecity.vn/mobilecity-vn/images/2022/05/vivo-t1-5g-chinh-hang-xanh.jpg.webp,vivo
Vivo T1x 4G (Chính hãng),0,Liên hệ,https://mobilecity.vn/dien-thoai/vivo-t1x-4g.html,https://cdn.mobilecity.vn/mobilecity-vn/images/2022/05/vivo-t1x-4g-1-mau-den.jpg.webp,vivo
Vivo X70 Pro (Chính hãng),0,Liên hệ,https://mobilecity.vn/dien-thoai/vivo-x70-pro.html,https://cdn.mobilecity.vn/mobilecity-vn/images/2022/05/vivo-x70-pro-xanh-hong.jpg.webp,vivo
Vivo iQOO 10 Pro,0,Liên hệ,https://mobilecity.vn/dien-thoai/vivo-iqoo-10-pro.html,https://cdn.mobilecity.vn/mobilecity-vn/images/2022/07/iqoo-10-trang.jpg.webp,vivo
Vivo S12,0,Liên hệ,https://mobilecity.vn/dien-thoai/vivo-s12.html,https://cdn.mobilecity.vn/mobilecity-vn/images/2022/02/vivo-s12.png.webp,vivo
Vivo T1,0,Liên hệ,https://mobilecity.vn/dien-thoai/vivo-t1.html,https://cdn.mobilecity.vn/mobilecity-vn/images/2022/02/vivo-t1-den.jpg.webp,vivo
Vivo S12 Pro,0,Liên hệ,https://mobilecity.vn/dien-thoai/vivo-s12-pro.html,https://cdn.mobilecity.vn/mobilecity-vn/images/2022/02/vivo-s12-pro-xanh.jpg.webp,vivo
Vivo T2x,0,Liên hệ,https://mobilecity.vn/dien-thoai/vivo-t2x.html,https://cdn.mobilecity.vn/mobilecity-vn/images/2022/05/vivo-t2x-xanh.jpg.webp,vivo
Vivo X60 Pro 5G (Chính hãng),0,Liên hệ,https://mobilecity.vn/dien-thoai/vivo-x60-pro-5g-chinh-hang.html,https://cdn.mobilecity.vn/mobilecity-vn/images/2022/06/vivo-x60-pro-ava1.jpg.webp,vivo
Vivo X80 Lite,0,Liên hệ,https://mobilecity.vn/dien-thoai/vivo-x80-lite.html,https://cdn.mobilecity.vn/mobilecity-vn/images/2022/06/vivo-x80-lite.jpg.webp,vivo
Vivo iQOO 9T,0,Liên hệ,https://mobilecity.vn/dien-thoai/iqoo-9t.html,https://cdn.mobilecity.vn/mobilecity-vn/images/2022/06/iqoo-9-600x600.jpg.webp,vivo
Vivo iQOO Neo 7,0,Liên hệ,https://mobilecity.vn/dien-thoai/vivo-iqoo-neo-7.html,https://cdn.mobilecity.vn/mobilecity-vn/images/2022/08/vivo-iqoo-neo7-ava-1.jpg.webp,vivo
Vivo iQOO Z6,0,Liên hệ,https://mobilecity.vn/dien-thoai/vivo-iqoo-z6.html,https://cdn.mobilecity.vn/mobilecity-vn/images/2022/08/iqoo-z6-cam.jpg.webp,vivo
Vivo iQOO Z6x,0,Liên hệ,https://mobilecity.vn/dien-thoai/vivo-iqoo-z6x.html,https://cdn.mobilecity.vn/mobilecity-vn/images/2022/08/vivo-iqoo-z6x-cam.jpg.webp,vivo
Vivo X Fold Plus,0,Liên hệ,https://mobilecity.vn/dien-thoai/vivo-x-fold-plus.html,https://cdn.mobilecity.vn/mobilecity-vn/images/2022/09/vivo-x-fold-plus-do.jpg.webp,vivo
"Vivo Y33s 5G (Chính hãng, pin 5000 mAh)",0,Liên hệ,https://mobilecity.vn/dien-thoai/vivo-y33s-5g-chinh-hang-pin-5000-mah.html,https://cdn.mobilecity.vn/mobilecity-vn/images/2023/03/vivo-y33s-5g-chinh-hang-pin-5000-mah12.jpg.webp,vivo
Vivo X100 Pro Plus (Snapdragon 8 Gen 3),0,Liên hệ,https://mobilecity.vn/dien-thoai/vivo-x100-pro-plus.html,https://cdn.mobilecity.vn/mobilecity-vn/images/2023/06/vivo-x100-pro-plus-minh-hoa-0.jpg.webp,vivo
Vivo iQOO Neo 7 SE,0,Liên hệ,https://mobilecity.vn/dien-thoai/vivo-iqoo-neo-7-se.html,https://cdn.mobilecity.vn/mobilecity-vn/images/2022/11/vivo-iqoo-neo-7-se-1.jpg.webp,vivo
"Vivo V27 Pro (Dimensity 8200, màn AMOLED 1 tỷ màu)",0,Liên hệ,https://mobilecity.vn/dien-thoai/vivo-v27-pro-dimensity-8200.html,https://cdn.mobilecity.vn/mobilecity-vn/images/2023/03/vivo-v27-pro-xanh.png.webp,vivo
Vivo Y38 5G (Snapdragon 4 Gen 2),0,Liên hệ,https://mobilecity.vn/dien-thoai/vivo-y38-5g-snapdragon-4-gen-2.html,https://cdn.mobilecity.vn/mobilecity-vn/images/2024/05/vivo-y38-5g-xanh-dam.jpg.webp,vivo
Vivo Y30 (Media Tek Helio P35) Chính hãng,0,Liên hệ,https://mobilecity.vn/dien-thoai/vivo-y30-media-tek-helio-p35-chinh-hang.html,https://cdn.mobilecity.vn/mobilecity-vn/images/2023/06/vivo-y30-mau-xanh-duong.jpg.webp,vivo
Vivo V19 (Snapdragon 712),0,Liên hệ,https://mobilecity.vn/dien-thoai/vivo-v19-snapdragon-712.html,https://cdn.mobilecity.vn/mobilecity-vn/images/2023/07/vivo-v19-snapdragon-712-anh-dai-dien.jpg.webp,vivo
Vivo Y93 (Snapdragon 439),0,Liên hệ,https://mobilecity.vn/dien-thoai/vivo-y93-snapdragon-439.html,https://cdn.mobilecity.vn/mobilecity-vn/images/2023/07/vivo-y93-snapdragon-439-do.jpg.webp,vivo
Vivo V25 (Dimensity 900),0,Liên hệ,https://mobilecity.vn/dien-thoai/vivo-v25-dimensity-900.html,https://cdn.mobilecity.vn/mobilecity-vn/images/2023/07/vivo-v25-dimensity-900-xanh.jpg.webp,vivo
Vivo V15 Chính hãng (Helio P70),0,Liên hệ,https://mobilecity.vn/dien-thoai/vivo-v15-chinh-hang-helio-p70.html,https://cdn.mobilecity.vn/mobilecity-vn/images/2023/07/vivo-v15-anh-dai-dien.jpg.webp,vivo
"LG G7 ThinQ cũ (Mỹ, Hàn Quốc)",1750000,1.750.000 ₫,https://mobilecity.vn/lg/lg-g7-cu.html,https://cdn.mobilecity.vn/mobilecity-vn/images/2023/02/lg-g7-cu-xam.jpg.webp,lg
"LG V50 ThinQ 5G cũ (Snapdragon 855, màn 2K)",2850000,2.850.000 ₫,https://mobilecity.vn/lg/lg-v50-thinq-cu.html,https://cdn.mobilecity.vn/mobilecity-vn/images/2021/12/lg-v50-cu.jpg.webp,lg
LG V60 ThinQ 5G Cũ (Snapdragon 865 5G),3350000,3.350.000 ₫,https://mobilecity.vn/lg/lg-v60-thinq-cu.html,https://cdn.mobilecity.vn/mobilecity-vn/images/2021/11/lg-v60-xanh.jpg.webp,lg
"LG G8 ThinQ Cũ (Snapdragon 855, màn P-OLED 2K)",2250000,2.250.000 ₫,https://mobilecity.vn/lg/lg-g8-cu.html,https://cdn.mobilecity.vn/mobilecity-vn/images/2021/12/lg-g8-xanh.jpg.webp,lg
"LG V40 ThinQ cũ (Snapdragon 845, Màn P-OLED 2K)",2250000,2.250.000 ₫,https://mobilecity.vn/lg/lg-v40-cu.html,https://cdn.mobilecity.vn/mobilecity-vn/images/2023/02/lg-v40-old-blue.jpg.webp,lg
LG Velvet 5G cũ (Snapdragon 845/Snapdragon 765G),3250000,3.250.000 ₫,https://mobilecity.vn/lg/lg-velvet-cu.html,https://cdn.mobilecity.vn/mobilecity-vn/images/2023/02/lg-velvet-cu-hoang-hon.jpg.webp,lg
"LG V50S ThinQ 5G cũ (Snapdragon 855, Sạc 21W)",0,Liên hệ,https://mobilecity.vn/lg/lg-v50s-thinq-cu.html,https://cdn.mobilecity.vn/mobilecity-vn/images/2022/07/lg-v50s-thinq-5g-1.jpg.webp,lg
OPPO A60 Chính hãng (sạc SUPERVOOC 45W),4750000,4.750.000 ₫,https://mobilecity.vn/dien-thoai/oppo-a60-sac-supervooc-45w.html,https://cdn.mobilecity.vn/mobilecity-vn/images/2024/04/oppo-a60-xanh.jpg.webp,oppo
OPPO K13 Turbo Pro (Snapdragon 8s Gen 4),8450000,8.450.000 ₫,https://mobilecity.vn/dien-thoai/oppo-k13-turbo-pro-gaming.html,https://cdn.mobilecity.vn/mobilecity-vn/images/2025/07/oppo-k13-turbo-pro-tim.jpg.webp,oppo
OPPO A37 Chính hãng (Hoài cổ),299000,299.000 ₫,https://mobilecity.vn/dien-thoai/oppo-a37-chinh-hang.html,https://cdn.mobilecity.vn/mobilecity-vn/images/2025/04/oppo-a37-vang-hong.jpg.webp,oppo
OPPO F9 Chính hãng (Siêu rẻ - mượt Liên Quân),750000,750.000 ₫,https://mobilecity.vn/dien-thoai/oppo-f9-sieu-re.html,https://cdn.mobilecity.vn/mobilecity-vn/images/2025/03/oppo-f9-xanh-ngoc.jpg.webp,oppo
OPPO F11 Chính hãng (Chơi mượt Liên quân),890000,890.000 ₫,https://mobilecity.vn/dien-thoai/oppo-f11-chinh-hang.html,https://cdn.mobilecity.vn/mobilecity-vn/images/2025/03/oppo-f11-xanh.jpg.webp,oppo
OPPO A31 Chính hãng (Tích hợp đài FM),1950000,1.950.000 ₫,https://mobilecity.vn/dien-thoai/oppo-a31-chinh-hang.html,https://cdn.mobilecity.vn/mobilecity-vn/images/2025/03/oppo-a31-2020-trang-xanh.jpg.webp,oppo
OPPO A54 Chính hãng (Pin 5000mAh - 3 camera sau),2150000,2.150.000 ₫,https://mobilecity.vn/dien-thoai/oppo-a54-pin-5000-mah.html,https://cdn.mobilecity.vn/mobilecity-vn/images/2025/03/oppo-a54-den.jpg.webp,oppo
OPPO A3x Chính hãng (Snapdragon 6s Gen 1),2450000,2.450.000 ₫,https://mobilecity.vn/dien-thoai/oppo-a3x-chinh-hang.html,https://cdn.mobilecity.vn/mobilecity-vn/images/2025/01/oppo-a3x-chinh-hang-tim.jpg.webp,oppo
OPPO A53 Chính hãng (Màn hình 90Hz),2550000,2.550.000 ₫,https://mobilecity.vn/dien-thoai/oppo-a53-man-hinh-90hz.html,https://cdn.mobilecity.vn/mobilecity-vn/images/2025/03/oppo-a53-xanh-duong.jpg.webp,oppo
OPPO A2x 5G (Dimensity 6020),2650000,2.650.000 ₫,https://mobilecity.vn/dien-thoai/oppo-a2x-5g-dimensity-6020.html,https://cdn.mobilecity.vn/mobilecity-vn/images/2023/10/oppo-a2x-vang.jpg.webp,oppo
OPPO A17k (Chính hãng - Hỗ trợ IPX4),2820000,2.820.000 ₫,https://mobilecity.vn/dien-thoai/oppo-a17k-chinh-hang-ho-tro-ip-x4.html,https://cdn.mobilecity.vn/mobilecity-vn/images/2023/02/oppo-a17k-chinh-hang-ho-tro-ip-x4-vang.jpg.webp,oppo
OPPO K13x 5G (Dimensity 6300 - Pin 5800mAh),2950000,2.950.000 ₫,https://mobilecity.vn/dien-thoai/oppo-k13x-5g-dimensity-6300.html,https://cdn.mobilecity.vn/mobilecity-vn/images/2025/09/oppo-k13x-trang.jpg.webp,oppo
OPPO A6i 5G (Pin 6000mAh - Dimensity 6300),2950000,2.950.000 ₫,https://mobilecity.vn/dien-thoai/oppo-a6i-5g.html,https://cdn.mobilecity.vn/mobilecity-vn/images/2025/09/oppo-a6i-5g-ro-ri-0.jpg.webp,oppo
OPPO A3i 5G (Dimensity 6300 - Màn hình 120Hz),3250000,3.250.000 ₫,https://mobilecity.vn/dien-thoai/oppo-a3i-5g-man-hinh-120hz.html,https://cdn.mobilecity.vn/mobilecity-vn/images/2025/01/oppo-a3i-5g-tim.jpg.webp,oppo
OPPO A5i Chính hãng (Snapdragon 6s Gen1 - Độ bền Quân đội),3250000,3.250.000 ₫,https://mobilecity.vn/dien-thoai/oppo-a5i-chinh-hang.html,https://cdn.mobilecity.vn/mobilecity-vn/images/2025/09/oppo-a5i-chinh-hang-do.jpg.webp,oppo
OPPO A3 Pro 5G (Dimensity 6300),3650000,3.650.000 ₫,https://mobilecity.vn/dien-thoai/oppo-a3-pro-5g-khang-nuoc-ip69.html,https://cdn.mobilecity.vn/mobilecity-vn/images/2025/02/oppo-a3-pro-01.jpg.webp,oppo
OPPO A5x Chính hãng (Pin 6000 mAh - Siêu bền),3650000,3.650.000 ₫,https://mobilecity.vn/dien-thoai/oppo-a5x-chinh-hang.html,https://cdn.mobilecity.vn/mobilecity-vn/images/2025/06/oppo-a5x-den-xanh.jpg.webp,oppo
"OPPO A57 (Chính hãng - Pin 5000mAh, sạc 33W)",3700000,3.700.000 ₫,https://mobilecity.vn/dien-thoai/oppo-a57-chinh-hang-sac-33w.html,https://cdn.mobilecity.vn/mobilecity-vn/images/2023/02/oppo-a57-chinh-hang-xanh.jpg.webp,oppo
OPPO A6x Chính hãng,3850000,3.850.000 ₫,https://mobilecity.vn/dien-thoai/oppo-a6x-chinh-hang.html,https://cdn.mobilecity.vn/mobilecity-vn/images/2026/03/oppo-a6x-chinh-hang-13.jpg,oppo
OPPO K12s 5G (Pin 7000mAh - Snapdragon 6 Gen 4),3950000,3.950.000 ₫,https://mobilecity.vn/dien-thoai/oppo-k12s-5g-pin-7000mah.html,https://cdn.mobilecity.vn/mobilecity-vn/images/2025/04/oppo-k12s-trang.jpg.webp,oppo
OPPO A93 Chính hãng (Màn Super AMOLED),3950000,3.950.000 ₫,https://mobilecity.vn/dien-thoai/oppo-a93-chinh-hang-helio-p95.html,https://cdn.mobilecity.vn/mobilecity-vn/images/2023/06/oppo-a93-mau-den-dai-dien.jpg.webp,oppo
OPPO A5 Energy 5G (Siêu bền - Pin 5800mAh),4250000,4.250.000 ₫,https://mobilecity.vn/dien-thoai/oppo-a5-energy-5g-sieu-ben.html,https://cdn.mobilecity.vn/mobilecity-vn/images/2025/03/oppo-a5-enregy-hong.jpg.webp,oppo
OPPO K12 5G (Thiết kế siêu bền),4350000,4.350.000 ₫,https://mobilecity.vn/dien-thoai/oppo-k12-5g-sieu-ben.html,https://cdn.mobilecity.vn/mobilecity-vn/images/2024/04/oppo-k12-xanh.jpg.webp,oppo
OPPO A78 Chính hãng (Snapdragon 680) Chính hãng,4450000,4.450.000 ₫,https://mobilecity.vn/dien-thoai/oppo-a78-4g-snapdragon-680-chinh-hang.html,https://cdn.mobilecity.vn/mobilecity-vn/images/2023/07/oppo-a78-anh-dai-dien-mau-den.jpg.webp,oppo
"OPPO A3 Pro 5G (Chinh hãng - Kháng nước, bụi IP69)",4580000,4.580.000 ₫,https://mobilecity.vn/dien-thoai/oppo-a3-pro-5g-china-ip69.html,https://cdn.mobilecity.vn/mobilecity-vn/images/2024/04/oppo-a3-pro-hong.jpg.webp,oppo
OPPO A5 5G (Pin 6500mAh - Siêu bền),4650000,4.650.000 ₫,https://mobilecity.vn/dien-thoai/oppo-a5-5g-pin-6500-mah.html,https://cdn.mobilecity.vn/mobilecity-vn/images/2025/03/oppo-a5-5g-xanh.jpg.webp,oppo
OPPO A76 Chính hãng (Snapdragon 680),4730000,4.730.000 ₫,https://mobilecity.vn/dien-thoai/oppo-a76-chinh-hang-ips-lcd-90hz.html,https://cdn.mobilecity.vn/mobilecity-vn/images/2023/02/oppo-a76-chinh-hang-snapdragon-680-xanh.jpg.webp,oppo
OPPO A5 Chính hãng (Pin 6000mAh),5250000,5.250.000 ₫,https://mobilecity.vn/dien-thoai/oppo-a5-chinh-hang.html,https://cdn.mobilecity.vn/mobilecity-vn/images/2025/08/oppo-a5-chinh-hang-trang.jpg.webp,oppo
OPPO K13 5G (Pin 7000mAh - Snapdragon 6 Gen 4),5450000,5.450.000 ₫,https://mobilecity.vn/dien-thoai/oppo-k13-5g.html,https://cdn.mobilecity.vn/mobilecity-vn/images/2025/04/oppo-k13-5g-tim.jpg.webp,oppo
OPPO A5i Pro Chính hãng (Pin 6000mAh - Snapdragon 6s 4G Gen1),5450000,5.450.000 ₫,https://mobilecity.vn/dien-thoai/oppo-a5i-pro-pin-6000mah.html,https://cdn.mobilecity.vn/mobilecity-vn/images/2025/09/oppo-a5i-pro-tim.jpg.webp,oppo
"OPPO A96 Chính hãng (Snapdragon 680, Màn 90Hz)",5620000,5.620.000 ₫,https://mobilecity.vn/dien-thoai/oppo-a96-chinh-hang-snapdragon-680.html,https://cdn.mobilecity.vn/mobilecity-vn/images/2023/02/oppo-a96-chinh-hang-snapdragon-680-hong.jpg.webp,oppo
OPPO A3 5G (Thiết kế 2 mặt kính độ bền cao),5650000,5.650.000 ₫,https://mobilecity.vn/dien-thoai/oppo-a3-5g-snapdragon-695.html,https://cdn.mobilecity.vn/mobilecity-vn/images/2024/07/oppo-a3-xanh.jpg.webp,oppo
OPPO K13s 5G (Snapdragon 7 Gen 3 - Pin 7000mAh),5650000,5.650.000 ₫,https://mobilecity.vn/dien-thoai/oppo-k13s-5g-pin-7000mah.html,https://cdn.mobilecity.vn/mobilecity-vn/images/2025/09/oppo-k13s-trang.jpg.webp,oppo
OPPO A2 Pro 5G (Dimensity 7050),5990000,5.990.000 ₫,https://mobilecity.vn/dien-thoai/oppo-a2-pro-man-hinh-cong.html,https://cdn.mobilecity.vn/mobilecity-vn/images/2023/09/oppo-a2-pro-nau.jpg.webp,oppo
OPPO A5 Pro (siêu bền - IP68/IP69),6050000,6.050.000 ₫,https://mobilecity.vn/dien-thoai/oppo-a5-pro-sieu-ben.html,https://cdn.mobilecity.vn/mobilecity-vn/images/2024/12/oppo-a5-pro-tim.jpg.webp,oppo
OPPO Reno12 AI 5G (Dimensity 8250),6150000,6.150.000 ₫,https://mobilecity.vn/dien-thoai/oppo-reno12-ai-5g-dimensity-8250.html,https://cdn.mobilecity.vn/mobilecity-vn/images/2024/06/oppo-reno12-hong-dao.jpg.webp,oppo
OPPO K11 5G (Snapdragon 782G),6330000,6.330.000 ₫,https://mobilecity.vn/dien-thoai/oppo-k11-5g-snapdragon-782g.html,https://cdn.mobilecity.vn/mobilecity-vn/images/2023/07/oppo-k11-xanh.jpg.webp,oppo
OPPO A6 GT 5G (Snapdragon 7 Gen 3 - Pin 7000mAh),6350000,6.350.000 ₫,https://mobilecity.vn/dien-thoai/oppo-a6-gt-5g.html,https://cdn.mobilecity.vn/mobilecity-vn/images/2025/09/oppo-a6-gt-trang.jpg.webp,oppo
OPPO A6 Pro 5G (Dimensity 7300 - Pin 7000mAh),6650000,6.650.000 ₫,https://mobilecity.vn/dien-thoai/oppo-a6-pro-5g.html,https://cdn.mobilecity.vn/mobilecity-vn/images/2025/09/oppo-a6-pro-xanh.jpg.webp,oppo
OPPO Reno11 5G (Dimensity 8200),6950000,6.950.000 ₫,https://mobilecity.vn/dien-thoai/oppo-reno11-5g-dimensity-8200.html,https://cdn.mobilecity.vn/mobilecity-vn/images/2023/11/oppo-reno11-trang.jpg.webp,oppo
OPPO Reno13 F Chính hãng (Pin 5800mAh),6990000,6.990.000 ₫,https://mobilecity.vn/dien-thoai/oppo-reno13-f-chinh-hang.html,https://cdn.mobilecity.vn/mobilecity-vn/images/2025/01/oppo-reno13-f-xam.jpg.webp,oppo
OPPO K10 5G,7150000,7.150.000 ₫,https://mobilecity.vn/dien-thoai/oppo-k10.html,https://cdn.mobilecity.vn/mobilecity-vn/images/2022/04/oppo-k10-5g-xanh.png.webp,oppo
OPPO A97 (Dimensity 810),7200000,7.200.000 ₫,https://mobilecity.vn/dien-thoai/oppo-a97-dimensity-810.html,https://cdn.mobilecity.vn/mobilecity-vn/images/2023/07/oppo-a97-mau-den-anh-dai-dien.jpg.webp,oppo
OPPO A6 Pro Chính hãng (Helio G100 - Pin 7000mAh),7450000,7.450.000 ₫,https://mobilecity.vn/dien-thoai/oppo-a6-pro-chinh-hang-pin-7000mah.html,https://cdn.mobilecity.vn/mobilecity-vn/images/2025/09/oppo-a6-pro-chinh-hang-do.jpg.webp,oppo
OPPO A6 Pro 5G Chính hãng (Dimensity 6300 - Pin 7000mAh),7950000,7.950.000 ₫,https://mobilecity.vn/dien-thoai/oppo-a6-pro-5g-chinh-hang.html,https://cdn.mobilecity.vn/mobilecity-vn/images/2025/09/oppo-a6-pro-5g-chinh-hang-hong.jpg.webp,oppo
OPPO Reno13 F 5G Chính hãng (Snapdragon 6 Gen 1),7990000,7.990.000 ₫,https://mobilecity.vn/dien-thoai/oppo-reno13-f-5g-chinh-hang.html,https://cdn.mobilecity.vn/mobilecity-vn/images/2025/01/oppo-reno13-f-5g-xanh.jpg.webp,oppo
OPPO Reno12 F 5G Chính hãng (Dimensity 6300),8350000,8.350.000 ₫,https://mobilecity.vn/dien-thoai/oppo-reno12-f-5g-dimensity-6300.html,https://cdn.mobilecity.vn/mobilecity-vn/images/2024/06/oppo-reno12-f-5g-cam-thumb-600x600.jpg.webp,oppo
OPPO Reno11 F 5G (Dimensity 7050),8950000,8.950.000 ₫,https://mobilecity.vn/dien-thoai/oppo-reno11-f-5g-dimensity-7050.html,https://cdn.mobilecity.vn/mobilecity-vn/images/2024/03/oppo-reno11-f-5g-xanh-duong.jpg.webp,oppo
OPPO Reno11 Pro 5G (Snapdragon 8+ Gen 1),9950000,9.950.000 ₫,https://mobilecity.vn/dien-thoai/oppo-reno11-pro-5g.html,https://cdn.mobilecity.vn/mobilecity-vn/images/2023/11/oppo-reno11-pro-xanh.jpg.webp,oppo
OPPO Reno14 F 5G Chính hãng (Pin 6000mAh - AI),10150000,10.150.000 ₫,https://mobilecity.vn/dien-thoai/oppo-reno14-f-5g-chinh-hang.html,https://cdn.mobilecity.vn/mobilecity-vn/images/2025/07/oppo-reno14-f-5g-xanh-duong.jpg.webp,oppo
OPPO Reno13 Pro 5G (Dimensity 8350),10950000,10.950.000 ₫,https://mobilecity.vn/dien-thoai/oppo-reno13-pro-5g.html,https://cdn.mobilecity.vn/mobilecity-vn/images/2024/11/oppo-reno13-pro-hong.jpg.webp,oppo
OPPO Reno14 5G Chính hãng (Pin 6000mAh - IP68/IP69),11050000,11.050.000 ₫,https://mobilecity.vn/dien-thoai/oppo-reno14-5g-dinh-cao-ai.html,https://cdn.mobilecity.vn/mobilecity-vn/images/2025/07/oppo-reno14-xanh-la.jpg.webp,oppo
OPPO Reno15 5G (Dimensity 8450 - Camera 200MP),11250000,11.250.000 ₫,https://mobilecity.vn/dien-thoai/oppo-reno15-5g.html,https://cdn.mobilecity.vn/mobilecity-vn/images/2025/11/oppo-reno15-xanh-duong.jpg,oppo
OPPO Reno15 F 5G Chính hãng,11550000,11.550.000 ₫,https://mobilecity.vn/dien-thoai/oppo-reno15-f-5g-chinh-hang.html,https://cdn.mobilecity.vn/mobilecity-vn/images/2026/01/oppo-reno15-f-5g-0-2.jpg,oppo
OPPO Reno12 Pro China AI 5G (Dimensity 9200 Plus),12250000,12.250.000 ₫,https://mobilecity.vn/dien-thoai/oppo-reno12-pro-ai-dimensity-9200-plus.html,https://cdn.mobilecity.vn/mobilecity-vn/images/2024/06/oppo-reno12-pro-tim-bac.jpg.webp,oppo
OPPO K15 Pro (Dimensity 8500 SUPER - Pin 7500mAh),12250000,12.250.000 ₫,https://mobilecity.vn/dien-thoai/oppo-k15-pro-dimensity-8500.html,https://cdn.mobilecity.vn/mobilecity-vn/images/2026/04/oppo-k15-pro-den.jpg,oppo
OPPO Reno14 Pro Chính hãng (IP68/IP69 - Dimensity 8450),12950000,12.950.000 ₫,https://mobilecity.vn/dien-thoai/oppo-reno14-pro-ip68-ip69.html,https://cdn.mobilecity.vn/mobilecity-vn/images/2025/05/oppo-reno14-pro-tim.jpg.webp,oppo
OPPO Find X8S Plus 5G (Dimensity 9400 Plus),13050000,13.050.000 ₫,https://mobilecity.vn/dien-thoai/oppo-find-x8s-plus-cao-cap.html,https://cdn.mobilecity.vn/mobilecity-vn/images/2025/04/oppo-find-x8s-plus-tim.jpg.webp,oppo
OPPO Find X8s (Dimensity 9400 Plus),13050000,13.050.000 ₫,https://mobilecity.vn/dien-thoai/oppo-find-x8-mini-5g.html,https://cdn.mobilecity.vn/mobilecity-vn/images/2025/04/oppo-find-x8s-xanh-duong.jpg.webp,oppo
OPPO K15 Pro Plus (Dimensity 9500s - Pin 8000mAh),13450000,13.450.000 ₫,https://mobilecity.vn/dien-thoai/oppo-k15-pro-plus-dimensity-9500s.html,https://cdn.mobilecity.vn/mobilecity-vn/images/2026/04/oppo-k15-pro-plus-hong.jpg,oppo
OPPO Reno15 Pro 5G (Dimensity 8450 - Pin 6500mAh),13750000,13.750.000 ₫,https://mobilecity.vn/dien-thoai/oppo-reno15-pro-5g.html,https://cdn.mobilecity.vn/mobilecity-vn/images/2025/11/oppo-reno15-pro-vang.jpg,oppo
OPPO Find X8 Pro (OPPO AI - Kết nối vệ tinh),14250000,14.250.000 ₫,https://mobilecity.vn/dien-thoai/oppo-find-x8-pro-5g.html,https://cdn.mobilecity.vn/mobilecity-vn/images/2024/10/oppo-find-x8-pro-xanh.jpg.webp,oppo
OPPO Find X9 5G (Dimensity 9500 - Pin 7025mAh),16350000,16.350.000 ₫,https://mobilecity.vn/dien-thoai/oppo-find-x9-5g.html,https://cdn.mobilecity.vn/mobilecity-vn/images/2025/10/oppo-find-x9-nhung-titan.jpg,oppo
OPPO Find X9 Plus (Dimensity 9500),16950000,16.950.000 ₫,https://mobilecity.vn/dien-thoai/oppo-find-x9-plus.html,https://cdn.mobilecity.vn/mobilecity-vn/images/2025/02/oppo-find-x9-plus-minh-hoa.jpg.webp,oppo
OPPO Find X7 Ultra 5G (Snapdragon 8 Gen 3),17250000,17.250.000 ₫,https://mobilecity.vn/dien-thoai/oppo-find-x7-pro-5g.html,https://cdn.mobilecity.vn/mobilecity-vn/images/2024/01/oppo-find-x7-ultra-xanh.jpg.webp,oppo
OPPO Find N3 Flip 5G (Dimensity 9200),17450000,17.450.000 ₫,https://mobilecity.vn/dien-thoai/oppo-find-n3-flip-5g-chinh-hang.html,https://cdn.mobilecity.vn/mobilecity-vn/images/2023/08/oppo-find-n3-flip-hong.jpg.webp,oppo
OPPO Reno15 Pro Max (Dimensity 8500 - Pin 6500mAh),18650000,18.650.000 ₫,https://mobilecity.vn/dien-thoai/oppo-reno15-pro-max.html,https://cdn.mobilecity.vn/mobilecity-vn/images/2025/10/oppo-reno15-pro-max-minh-hoa.jpg,oppo
OPPO Find X9s Pro (Camera tele 200MP),18750000,18.750.000 ₫,https://mobilecity.vn/dien-thoai/oppo-find-x9s-pro-200mp.html,https://cdn.mobilecity.vn/mobilecity-vn/images/2026/04/oppo-find-x9s-pro-200mp-1.jpg,oppo
OPPO Find X8 Ultra (Snapdragon 8 Elite),18950000,18.950.000 ₫,https://mobilecity.vn/dien-thoai/oppo-find-x8-ultra-5g.html,https://cdn.mobilecity.vn/mobilecity-vn/images/2025/04/oppo-find-x8-ultra-trang.jpg.webp,oppo
OPPO Find X9 Pro (Dimensity 9500 - Pin 7500mAh),19650000,19.650.000 ₫,https://mobilecity.vn/dien-thoai/oppo-find-x9-pro-sieu-manh.html,https://cdn.mobilecity.vn/mobilecity-vn/images/2025/10/oppo-find-x9-pro-do.jpg,oppo
OPPO Find X6 Pro (Snapdragon 8 Gen 2),19950000,19.950.000 ₫,https://mobilecity.vn/dien-thoai/oppo-find-x6-pro.html,https://cdn.mobilecity.vn/mobilecity-vn/images/2023/03/oppo-find-x6-pro-nau.jpg.webp,oppo
OPPO Find X5 Pro,21950000,21.950.000 ₫,https://mobilecity.vn/oppo/oppo-find-x5-pro.html,https://cdn.mobilecity.vn/mobilecity-vn/images/2022/04/oppo-find-x5-pro-trang.jpg.webp,oppo
OPPO Find X9 Ultra (Snapdragon 8 Elite Gen 5),24950000,24.950.000 ₫,https://mobilecity.vn/dien-thoai/oppo-find-x9-ultra.html,https://cdn.mobilecity.vn/mobilecity-vn/images/2025/02/oppo-find-x9-ultra-minh-hoa-2.jpg.webp,oppo
OPPO Find N3 5G (Snapdragon 8 Gen 2),26650000,26.650.000 ₫,https://mobilecity.vn/dien-thoai/oppo-find-n3-5g-dien-thoai-gap.html,https://cdn.mobilecity.vn/mobilecity-vn/images/2023/10/oppo-find-n3-vang.jpg.webp,oppo
OPPO Find X7 Ultra Satellite Edition (Kết nối Vệ tinh - OPPO AI),26790000,26.790.000 ₫,https://mobilecity.vn/dien-thoai/oppo-find-x7-ultra-satellite-edition.html,https://cdn.mobilecity.vn/mobilecity-vn/images/2024/03/oppo-find-x7-ultra-satellite-edition.jpg.webp,oppo
OPPO Find N5 Chính hãng (Snapdragon 8 Elite),36450000,36.450.000 ₫,https://mobilecity.vn/dien-thoai/oppo-find-n5.html,https://cdn.mobilecity.vn/mobilecity-vn/images/2025/02/oppo-find-n5-tim.jpg.webp,oppo
OPPO A16 Chính hãng (pin 5000mAh),0,Liên hệ,https://mobilecity.vn/dien-thoai/oppo-a16-pin-5000mah.html,https://cdn.mobilecity.vn/mobilecity-vn/images/2023/03/oppo-a16-mediatek-mt6765g-helio-g35.jpg.webp,oppo
OPPO Reno8 Pro 5G (Chính hãng),0,Liên hệ,https://mobilecity.vn/dien-thoai/oppo-reno8-pro-5g-chinh-hang.html,https://cdn.mobilecity.vn/mobilecity-vn/images/2022/10/oppo-reno8-pro-5g-chinh-hang-2.jpg.webp,oppo
OPPO Find N,0,Liên hệ,https://mobilecity.vn/oppo/oppo-find-n.html,https://cdn.mobilecity.vn/mobilecity-vn/images/2022/01/oppo-find-n-trang.jpg.webp,oppo
OPPO A55 (Chính hãng),0,Liên hệ,https://mobilecity.vn/dien-thoai/oppo-a55.html,https://cdn.mobilecity.vn/mobilecity-vn/images/2022/05/oppo-a55-xanh-duong.jpg.webp,oppo
OPPO K14 Turbo (Quạt tản nhiệt),0,Liên hệ,https://mobilecity.vn/dien-thoai/oppo-k14-turbo-d8500.html,https://cdn.mobilecity.vn/mobilecity-vn/images/2026/02/oppo-k14-turbo-00-1.jpg,oppo
OPPO A12e (Snapdragon 450),0,Liên hệ,https://mobilecity.vn/dien-thoai/oppo-a12e-snapdragon-450.html,https://cdn.mobilecity.vn/mobilecity-vn/images/2023/07/oppo-a12e-snapdragon-450-anh-dai-dien.jpg.webp,oppo
OPPO Find X2 (Snapdragon 865 5G),0,Liên hệ,https://mobilecity.vn/dien-thoai/oppo-find-x2-snapdragon-865-5g.html,https://cdn.mobilecity.vn/mobilecity-vn/images/2023/07/oppo-find-x2-snapdragon-865-5g-xanh1.jpg.webp,oppo
OPPO A1k (MediaTek MT6762 Helio P22),0,Liên hệ,https://mobilecity.vn/dien-thoai/oppo-a1k-mediatek-mt6762-helio-p22.html,https://cdn.mobilecity.vn/mobilecity-vn/images/2023/07/oppo-a1k-mediatek-mt6762-helio-p22-den.jpg.webp,oppo
OPPO A5s (MediaTek MT6765 Helio P35),0,Liên hệ,https://mobilecity.vn/dien-thoai/oppo-a5s-mediatek-mt6765-helio-p35.html,https://cdn.mobilecity.vn/mobilecity-vn/images/2023/07/oppo-a5s-mediatek-mt6765-helio-p35-xanh.jpg.webp,oppo
OPPO Reno12 Pro 5G Chính hãng (OPPO AI - Dimensity 7300 Energy),0,Liên hệ,https://mobilecity.vn/dien-thoai/oppo-reno12-pro-5g-chinh-hang.html,https://cdn.mobilecity.vn/mobilecity-vn/images/2024/07/oppo-reno12-pro-5g-chinh-hang-bac-tinhvan.jpg.webp,oppo
OPPO A18 Chính hãng (Helio G85),2350000,2.350.000 ₫,https://mobilecity.vn/dien-thoai/oppo-a18-chip-helio-g85.html,https://cdn.mobilecity.vn/mobilecity-vn/images/2025/03/oppo-a18-xanh.jpg.webp,oppo
OPPO A3x 5G - Chính hãng,2450000,2.450.000 ₫,https://mobilecity.vn/dien-thoai/oppo-a3x-5g-dimensity-6300.html,https://cdn.mobilecity.vn/mobilecity-vn/images/2024/09/oppo-a3x-5g-hong.jpg.webp,oppo
OPPO A38 Chính hãng (Helio G85 - Màn hình 90Hz),3150000,3.150.000 ₫,https://mobilecity.vn/dien-thoai/oppo-a38-man-hinh-90hz.html,https://cdn.mobilecity.vn/mobilecity-vn/images/2025/03/oppo-a38-den.jpg.webp,oppo
OPPO A58 Chính hãng (giảm giá 30%),3550000,3.550.000 ₫,https://mobilecity.vn/dien-thoai/oppo-a58-chinh-hang.html,https://cdn.mobilecity.vn/mobilecity-vn/images/2025/03/oppo-a58-den.jpg.webp,oppo
OPPO A3 Chính hãng (Snapdragon 6s Gen 1 - Sạc 45W),3800000,3.800.000 ₫,https://mobilecity.vn/dien-thoai/oppo-a3-chinh-hang.html,https://cdn.mobilecity.vn/mobilecity-vn/images/2025/01/oppo-a3-chinh-hang-tim.jpg.webp,oppo
OPPO K13 Turbo ( Dimensity 8450 - Có Quạt tản nhiệt),5950000,5.950.000 ₫,https://mobilecity.vn/dien-thoai/oppo-k13-turbo-5g.html,https://cdn.mobilecity.vn/mobilecity-vn/images/2025/07/oppo-k13-turbo-bac.jpg.webp,oppo
OPPO A5 Pro Chính hãng (Pin 5800mAh - Siêu bền - IP68/IP69),5950000,5.950.000 ₫,https://mobilecity.vn/dien-thoai/oppo-a5-pro-chinh-hang.html,https://cdn.mobilecity.vn/mobilecity-vn/images/2025/05/oppo-a5-pro-xanh-duong.jpg.webp,oppo
OPPO Reno13 5G (OPPO AI Phone),7450000,7.450.000 ₫,https://mobilecity.vn/dien-thoai/oppo-reno13-5g-ai-phone.html,https://cdn.mobilecity.vn/mobilecity-vn/images/2024/11/oppo-reno13-tim.jpg.webp,oppo
OPPO Find X7 5G (Dimensity 9300),11950000,11.950.000 ₫,https://mobilecity.vn/dien-thoai/oppo-find-x7-5g-hieu-nang-sieu-manh.html,https://cdn.mobilecity.vn/mobilecity-vn/images/2024/01/oppo-find-x7-tim.jpg.webp,oppo
OPPO Find X8 (Dimensity 9400 - OPPO AI),12250000,12.250.000 ₫,https://mobilecity.vn/dien-thoai/oppo-find-x8-sac-sieu-nhanh.html,https://cdn.mobilecity.vn/mobilecity-vn/images/2024/10/oppo-find-x8-hong.jpg.webp,oppo
OPPO A33 (Pin 5000 mAh) - Chính hãng,0,Liên hệ,https://mobilecity.vn/dien-thoai/oppo-a33-pin-5000mah--chinh-hang.html,https://cdn.mobilecity.vn/mobilecity-vn/images/2023/06/oppo-a33-mau-xanh-den-anh-dai-dien.jpg.webp,oppo
OPPO K11x 5G (Snapdragon 695 5G),4950000,4.950.000 ₫,https://mobilecity.vn/dien-thoai/oppo-k11x-snapdragon-695.html,https://cdn.mobilecity.vn/mobilecity-vn/images/2023/06/oppo-k11x-trang-ngoc-trai.jpg.webp,oppo
OPPO A1 Pro,6450000,6.450.000 ₫,https://mobilecity.vn/dien-thoai/oppo-a1-pro-camera-108-mp.html,https://cdn.mobilecity.vn/mobilecity-vn/images/2022/11/oppo-a1-pro-xanh.png.webp,oppo
"OPPO Reno8 T 5G (Snapdragon 695 5G, camera 108MP)",6950000,6.950.000 ₫,https://mobilecity.vn/dien-thoai/oppo-reno8-t-man-oled-1-ty-mau.html,https://cdn.mobilecity.vn/mobilecity-vn/images/2023/01/oppo-reno8-t-man-oled-1-ty-mau-minh-hoa-vang.jpg.webp,oppo
OPPO Reno8 5G (Chính hãng - Dimensity 1300),7080000,7.080.000 ₫,https://mobilecity.vn/dien-thoai/oppo-reno8.html,https://cdn.mobilecity.vn/mobilecity-vn/images/2023/02/oppo-reno8-vang.jpg.webp,oppo
OPPO Reno 3 Pro 5G,7500000,7.500.000 ₫,https://mobilecity.vn/oppo/oppo-reno-3-pro.html,https://cdn.mobilecity.vn/mobilecity-vn/images/2020/01/oppo-reno-3-pro-5g-do.jpg.webp,oppo
OPPO Reno6 Z,7550000,7.550.000 ₫,https://mobilecity.vn/oppo/oppo-reno6-z.html,https://cdn.mobilecity.vn/mobilecity-vn/images/2022/01/oppo-reno-6z-b.jpg.webp,oppo
OPPO Reno7 Z 5G (Chính hãng),7950000,7.950.000 ₫,https://mobilecity.vn/dien-thoai/oppo-reno7-z-5g-chinh-hang.html,https://cdn.mobilecity.vn/mobilecity-vn/images/2022/03/oppo-reno7-z-5g-chinh-hang-cau-vong.jpg.webp,oppo
OPPO Reno 2,8950000,8.950.000 ₫,https://mobilecity.vn/oppo/oppo-reno-2.html,https://cdn.mobilecity.vn/mobilecity-vn/images/2019/09/reno2-black.jpg.webp,oppo
OPPO K10 Pro,8950000,8.950.000 ₫,https://mobilecity.vn/dien-thoai/oppo-k10-pro.html,https://cdn.mobilecity.vn/mobilecity-vn/images/2022/04/oppo-k10-pro-den.jpg.webp,oppo
OPPO Reno9 (Snapdragon 778G),9250000,9.250.000 ₫,https://mobilecity.vn/dien-thoai/oppo-reno9-snapdragon-778g.html,https://cdn.mobilecity.vn/mobilecity-vn/images/2022/11/oppo-reno9-snapdragon-778g-vang.png.webp,oppo
OPPO Reno7 5G (Chính hãng),9450000,9.450.000 ₫,https://mobilecity.vn/oppo/oppo-reno7.html,https://cdn.mobilecity.vn/mobilecity-vn/images/2022/03/oppo-reno7-5g-chinh-hang-2.jpg.webp,oppo
OPPO Find X5,9450000,9.450.000 ₫,https://mobilecity.vn/dien-thoai/oppo-find-x5.html,https://cdn.mobilecity.vn/mobilecity-vn/images/2022/04/oppo-find-x5-den.jpg.webp,oppo
OPPO Reno6 5G (Chính hãng),9750000,9.750.000 ₫,https://mobilecity.vn/oppo/oppo-reno-6-5g.html,https://cdn.mobilecity.vn/mobilecity-vn/images/2022/01/oppo-reno6-bac-1-dai-dien.jpg.webp,oppo
OPPO Find X6 (Dimensity 9200),9750000,9.750.000 ₫,https://mobilecity.vn/dien-thoai/oppo-find-x6-dimensity-9200.html,https://cdn.mobilecity.vn/mobilecity-vn/images/2023/03/oppo-find-x6-dimensity-9200-vang.jpg.webp,oppo
OPPO Reno10 Pro 5G (Dimensity 8200),11550000,11.550.000 ₫,https://mobilecity.vn/dien-thoai/oppo-reno10-pro-dinh-cao-camera.html,https://cdn.mobilecity.vn/mobilecity-vn/images/2023/05/oppo-reno-10-pro-xanh.jpg.webp,oppo
OPPO Reno9 Pro (Dimensity 8100-Max),12750000,12.750.000 ₫,https://mobilecity.vn/dien-thoai/oppo-reno9-pro-dimensity-8100-max.html,https://cdn.mobilecity.vn/mobilecity-vn/images/2022/11/oppo-reno9-pro-dimensity-8100-max-hong.png.webp,oppo
OPPO Reno8 Pro Plus,12950000,12.950.000 ₫,https://mobilecity.vn/dien-thoai/oppo-reno8-pro-plus.html,https://cdn.mobilecity.vn/mobilecity-vn/images/2022/05/oppo-reno-8pro-plus-xanh.jpg.webp,oppo
OPPO Reno10 Pro Plus 5G (Snapdragon 8+ Gen 1),12950000,12.950.000 ₫,https://mobilecity.vn/dien-thoai/oppo-reno10-pro-plus.html,https://cdn.mobilecity.vn/mobilecity-vn/images/2023/05/oppo-reno-10-pro-plus-purple.jpg.webp,oppo
OPPO Reno9 Pro Plus (Snap 8+ Gen 1),14550000,14.550.000 ₫,https://mobilecity.vn/dien-thoai/oppo-reno9-pro-plus-snapdragon-8-plus-gen-1.html,https://cdn.mobilecity.vn/mobilecity-vn/images/2022/11/oppo-reno9-pro-plus-vang.png.webp,oppo
OPPO Reno7 Pro,14950000,14.950.000 ₫,https://mobilecity.vn/dien-thoai/oppo-reno7-pro.html,https://cdn.mobilecity.vn/mobilecity-vn/images/2022/02/oppo-reno7-pro-xanh-1.jpg.webp,oppo
OPPO Reno7 Pro (Chính hãng),17450000,17.450.000 ₫,https://mobilecity.vn/dien-thoai/oppo-reno7-pro-chinh-hang.html,https://cdn.mobilecity.vn/mobilecity-vn/images/2022/04/oppo-reno7-pro-5g-chinh-hang-xanh.png.webp,oppo
Oppo Reno,0,Liên hệ,https://mobilecity.vn/oppo/oppo-reno.html,https://cdn.mobilecity.vn/mobilecity-vn/images/2019/12/oppo-reno.jpg.webp,oppo
OPPO Find X5 Pro (Chính hãng),0,Liên hệ,https://mobilecity.vn/dien-thoai/oppo-find-x5-pro-chinh-hang.html,https://cdn.mobilecity.vn/mobilecity-vn/images/2022/05/oppo-find-x5-pro-avt-2.jpg.webp,oppo
Oppo A15 Chính hãng,0,Liên hệ,https://mobilecity.vn/oppo/oppo-a15.html,https://cdn.mobilecity.vn/mobilecity-vn/images/2021/12/oppo-a15.jpg.webp,oppo
Oppo Find X4 Pro,0,Liên hệ,https://mobilecity.vn/oppo/oppo-find-x4-pro.html,https://cdn.mobilecity.vn/mobilecity-vn/images/2021/12/oppo-find-x4-pro-trang.jpg.webp,oppo
OPPO A95 Chính hãng,0,Liên hệ,https://mobilecity.vn/dien-thoai/oppo-a95.html,https://cdn.mobilecity.vn/mobilecity-vn/images/2022/04/oppo-a95-bac-2.jpg.webp,oppo
OPPO Reno8 5G (China),0,Liên hệ,https://mobilecity.vn/dien-thoai/oppo-reno-8-5g.html,https://cdn.mobilecity.vn/mobilecity-vn/images/2022/04/oppo-reno-8-5g.jpg.webp,oppo
OPPO Reno8 Pro (China),0,Liên hệ,https://mobilecity.vn/dien-thoai/oppo-reno8-pro.html,https://cdn.mobilecity.vn/mobilecity-vn/images/2022/05/oppo-reno-8pro-vang.jpg.webp,oppo
OPPO Find X3 Pro 5G (Chính hãng),0,Liên hệ,https://mobilecity.vn/dien-thoai/oppo-find-x3-pro-5g-chinh-hang.html,https://cdn.mobilecity.vn/mobilecity-vn/images/2022/05/oppo-find-x3-pro-5g-chinh-hang-den-1.jpg.webp,oppo
OPPO Reno8 Lite 5G,0,Liên hệ,https://mobilecity.vn/dien-thoai/oppo-reno8-lite-5g.html,https://cdn.mobilecity.vn/mobilecity-vn/images/2022/06/oppo-reno8-lite-1.jpg.webp,oppo
OPPO A16K Chính hãng,0,Liên hệ,https://mobilecity.vn/dien-thoai/oppo-a16k.html,https://cdn.mobilecity.vn/mobilecity-vn/images/2022/06/oppo-a16k-avatar-1.jpg.webp,oppo
OPPO Reno8 Z,0,Liên hệ,https://mobilecity.vn/dien-thoai/oppo-reno8-z.html,https://cdn.mobilecity.vn/mobilecity-vn/images/2022/08/oppo-reno8-z-5g-250722-105254-1.jpg.webp,oppo
OPPO Reno10 5G (Snapdragon 778G),0,Liên hệ,https://mobilecity.vn/dien-thoai/oppo-reno10-gia-re.html,https://cdn.mobilecity.vn/mobilecity-vn/images/2023/05/oppo-reno-10-vang.jpg.webp,oppo
OPPO K10x,0,Liên hệ,https://mobilecity.vn/dien-thoai/oppo-k10x.html,https://cdn.mobilecity.vn/mobilecity-vn/images/2022/09/oppo-k10x-mau-xanh.jpg.webp,oppo
OPPO Find N2,0,Liên hệ,https://mobilecity.vn/dien-thoai/oppo-find-n2-dien-thoai-gap-ram-12gb.html,https://cdn.mobilecity.vn/mobilecity-vn/images/2022/12/oppo-find-n2-dien-thoai-gap-ram-12gb-den.png.webp,oppo
OPPO A17 Chính hãng (Pin 5000mAh),0,Liên hệ,https://mobilecity.vn/dien-thoai/oppo-a17-chinh-hang-pin-5000mah.html,https://cdn.mobilecity.vn/mobilecity-vn/images/2023/02/oppo-a17-chinh-hang-pin-5000mah-xanh.jpg.webp,oppo
"OPPO A77s Chính hãng (Snapdragon 680, Màn 90Hz)",0,Liên hệ,https://mobilecity.vn/dien-thoai/oppo-a77s-chinh-hang-man-hinh-90hz.html,https://cdn.mobilecity.vn/mobilecity-vn/images/2023/02/oppo-a77s-chinh-hang-man-hinh-90hz-xanh.jpg.webp,oppo
OPPO A94 Chính hãng,0,Liên hệ,https://mobilecity.vn/dien-thoai/dien-thoai-oppo-a94-chinh-hang-helio-95-sac-33w.html,https://cdn.mobilecity.vn/mobilecity-vn/images/2023/06/oppo-a94-mau-den-anh-dai-dien.jpg.webp,oppo
OPPO A92s (Màn hình 120Hz),0,Liên hệ,https://mobilecity.vn/dien-thoai/oppo-a92s-man-hinh-120hz.html,https://cdn.mobilecity.vn/mobilecity-vn/images/2023/06/oppo-a92s-mau-den-dai-dien.jpg.webp,oppo
OPPO A3s (Snapdragon 450),0,Liên hệ,https://mobilecity.vn/dien-thoai/oppo-a3s-snapdragon-450.html,https://cdn.mobilecity.vn/mobilecity-vn/images/2023/07/oppo-a3s-mau-do-anh-dai-dien.jpg.webp,oppo
Sony Xperia 10 VI (10 Mark 6) 5G (Snapdragon 6 Gen 1),7950000,7.950.000 ₫,https://mobilecity.vn/dien-thoai/sony-xperia-10-vi-5g-snapdragon-6-gen-1.html,https://cdn.mobilecity.vn/mobilecity-vn/images/2024/05/sony-xperia-10-vi-xanh-1.jpg.webp,sony
"Sony Xperia 5 Cũ (Snapdragon 855 - 99,9%)",2450000,2.450.000 ₫,https://mobilecity.vn/sony/sony-xperia-5-cu.html,https://cdn.mobilecity.vn/mobilecity-vn/images/2021/11/sony-xperia-5-den.jpg.webp,sony
Sony Xperia 10 III (10 Mark 3) 5G (Màn OLED 1 tỷ màu),2950000,2.950.000 ₫,https://mobilecity.vn/dien-thoai/sony-xperia-10-iii-10-mark-3-5g-oled-1-ty-mau.html,https://cdn.mobilecity.vn/mobilecity-vn/images/2023/03/sony-xperia-10-iii-xanh-duong.jpg.webp,sony
Sony Xperia 5 II (5 Mark 2) 5G Cũ (Snapdragon 865 - Màn OLED 120Hz),3950000,3.950.000 ₫,https://mobilecity.vn/dien-thoai/sony-xperia-5-ii-5-mark-2-5g-man-hinh-oled-120hz.html,https://cdn.mobilecity.vn/mobilecity-vn/images/2022/12/sony-xperia-5-ii-5-mark-2-5g-man-hinh-oled-120hz-xam.jpg.webp,sony
Sony Xperia 10 IV (10 Mark 4) 5G Cũ (Snapdragon 695),4450000,4.450.000 ₫,https://mobilecity.vn/dien-thoai/sony-xperia-10-iv-5g-snapdragon-695.html,https://cdn.mobilecity.vn/mobilecity-vn/images/2023/03/sony-xperia-10-iv-xanh-la.jpg.webp,sony
Sony Xperia 1 II (1 Mark 2) 5G (Snapdragon 865 - 99.9%),4950000,4.950.000 ₫,https://mobilecity.vn/dien-thoai/sony-xperia-1-ii-5g-cu-snapdragon-865.html,https://cdn.mobilecity.vn/mobilecity-vn/images/2022/12/sony-xperia-1-ii-1-mark-ii-5g-snapdragon-865-tim-cu.jpg.webp,sony
"Sony Xperia 5 III (5 Mark 3) 5G (Snapdragon 888, 99.9%)",7950000,7.950.000 ₫,https://mobilecity.vn/dien-thoai/sony-xperia-5-iii-5-mark-3-5g-pin-4500-mah.html,https://cdn.mobilecity.vn/mobilecity-vn/images/2022/12/sony-xperia-5-iii-5-mark-3-5g-pin-4500-mah-green.jpg.webp,sony
MoonDrop MIAD 01 5G (Dimensity 7050),10500000,10.500.000 ₫,https://mobilecity.vn/dien-thoai/moondrop-miad-01-5g-dimensity-7050.html,https://cdn.mobilecity.vn/mobilecity-vn/images/2024/05/moondrop-miad-01.jpg.webp,sony
Sony Xperia 10 V (10 Mark 5) 5G (Snapdragon 695),11250000,11.250.000 ₫,https://mobilecity.vn/dien-thoai/sony-xperia-10-v-snapdragon-695.html,https://cdn.mobilecity.vn/mobilecity-vn/images/2023/06/sony-xperia-10-v-tim-oai-huong.jpg.webp,sony
Sony Xperia 10 VII (Snapdragon 6 Gen 3),11950000,11.950.000 ₫,https://mobilecity.vn/dien-thoai/sony-xperia-10-vii.html,https://cdn.mobilecity.vn/mobilecity-vn/images/2025/09/sony-xperia-10-vii-xanh.jpg.webp,sony
Sony Xperia 1 III (1 Mark 3) 5G (Snapdragon 888),16150000,16.150.000 ₫,https://mobilecity.vn/dien-thoai/sony-xperia-1-iii-snapdragon-888.html,https://cdn.mobilecity.vn/mobilecity-vn/images/2022/12/sony-xperia-1-iii-snapdragon-888-tim.jpg.webp,sony
"Sony Xperia 5 IV (5 Mark 4) 5G (Snapdragon 8 Gen 1, pin 5000mAh)",18995000,18.995.000 ₫,https://mobilecity.vn/dien-thoai/sony-xperia-5-iv.html,https://cdn.mobilecity.vn/mobilecity-vn/images/2022/12/sony-xperia-5-iv-trang.jpg.webp,sony
"Sony Xperia 1 IV (1 Mark 4) 5G (Snapdragon 8 Gen 1, màn 4K)",19950000,19.950.000 ₫,https://mobilecity.vn/dien-thoai/sony-xperia-1-iv.html,https://cdn.mobilecity.vn/mobilecity-vn/images/2022/05/sony-xperia-1-iv-tim.jpg.webp,sony
Sony Xperia 1 VI (1 Mark 6) 5G (Snapdragon 8 Gen 3),21950000,21.950.000 ₫,https://mobilecity.vn/dien-thoai/sony-xperia-1-vi-1-mark-6-5g.html,https://cdn.mobilecity.vn/mobilecity-vn/images/2024/05/sony-xperia-1-vi-xanh.jpg.webp,sony
Sony Xperia 5 V (5 Mark 5) 5G (Snapdragon 8 Gen 2),25950000,25.950.000 ₫,https://mobilecity.vn/dien-thoai/sony-xperia-5-v-snapdragon-8-gen-2.html,https://cdn.mobilecity.vn/mobilecity-vn/images/2023/09/sony-xperia-5-v-den.jpg.webp,sony
Sony Xperia 1 VII (Snapdragon 8 Elite - Camera 48MP),29550000,29.550.000 ₫,https://mobilecity.vn/dien-thoai/sony-xperia-1-vii-camera-52MP.html,https://cdn.mobilecity.vn/mobilecity-vn/images/2025/05/sony-xperia-1-vii-xanh.jpg.webp,sony
Sony Xperia 10 (Snapdragon 630),0,Liên hệ,https://mobilecity.vn/dien-thoai/sony-xperia-10-snapdragon-630.html,https://cdn.mobilecity.vn/mobilecity-vn/images/2023/03/xperia-10-snapdragon-630-xanh.jpg.webp,sony
Sony Xperia 10 II (10 Mark 2) (Snapdragon 665),0,Liên hệ,https://mobilecity.vn/dien-thoai/sony-xperia-10-ii-snapdragon-665.html,https://cdn.mobilecity.vn/mobilecity-vn/images/2023/03/dien-thoai-xperia-10-ii-xanh-duong.jpg.webp,sony
"Sony Xperia 1 Cũ (Snapdragon 855 - Màn 4K) - Đẹp 99,9%",2950000,2.950.000 ₫,https://mobilecity.vn/sony/sony-xperia-1.html,https://cdn.mobilecity.vn/mobilecity-vn/images/2021/10/sony-xperia-1-trang.png.webp,sony
Sony Xperia 1 V cũ (1 Mark 5) 5G (Snapdragon 8 Gen 2),11950000,11.950.000 ₫,https://mobilecity.vn/dien-thoai/sony-xperia-1-v-snadragon-8-gen-2.html,https://cdn.mobilecity.vn/mobilecity-vn/images/2023/06/sony-xperia-1-v-xanh.jpg.webp,sony
Nubia Red Magic 9 Pro 5G (Snapdragon 8 Gen 3),13000000,13.000.000 ₫,https://mobilecity.vn/dien-thoai/zte-nubia-red-magic-9-pro-5g.html,https://cdn.mobilecity.vn/mobilecity-vn/images/2023/11/zte-nubia-red-magic-9-pro-trong.jpg.webp,zte
Nubia V70 Design Chính hãng,2750000,2.750.000 ₫,https://mobilecity.vn/dien-thoai/nubia-v70-design.html,https://cdn.mobilecity.vn/mobilecity-vn/images/2025/12/nubia-v70-design-xanh-la.jpg,zte
ZTE Nubia A36 Chính hãng,1590000,1.590.000 ₫,https://mobilecity.vn/dien-thoai/zte-nubia-a36-chinh-hang.html,https://cdn.mobilecity.vn/mobilecity-vn/images/2026/02/zte-blade-a36-chinh-hang-0-1.jpg,zte
ZTE Nubia A56,1680000,1.680.000 ₫,https://mobilecity.vn/dien-thoai/zte-nubia-a56-t7200.html,https://cdn.mobilecity.vn/mobilecity-vn/images/2026/01/zte-nubia-a56-00-1.jpg,zte
ZTE Blade A35 Chính hãng,1850000,1.850.000 ₫,https://mobilecity.vn/dien-thoai/zte-blade-a35-chinh-hang.html,https://cdn.mobilecity.vn/mobilecity-vn/images/2026/01/zte-blade-a35-chinh-hang-0-2.jpg,zte
ZTE Nubia Music 2 (Unisoc T7200),2150000,2.150.000 ₫,https://mobilecity.vn/dien-thoai/zte-nubia-music-2-unisoc-t7200.html,https://cdn.mobilecity.vn/mobilecity-vn/images/2025/01/zte-nubia-music-2-nhieu-mau.jpg.webp,zte
ZTE Nubia V80 Max Chính hãng,3190000,3.190.000 ₫,https://mobilecity.vn/dien-thoai/zte-nubia-v80-max-chinh-hang.html,https://cdn.mobilecity.vn/mobilecity-vn/images/2026/03/zte-nubia-v80-max-0-10.jpg,zte
ZTE Axon A41 5G (Snapdragon 870),3550000,3.550.000 ₫,https://mobilecity.vn/dien-thoai/zte-axon-a41-5g-snapdragon-870.html,https://cdn.mobilecity.vn/mobilecity-vn/images/2024/07/zte-axon-a41-5g-anh-dai-dien.jpg.webp,zte
ZTE Nubia Neo 3 Chính hãng (Gaming Phone siêu rẻ),3790000,3.790.000 ₫,https://mobilecity.vn/dien-thoai/zte-nubia-neo-3-gaming-phone-sieu-re.html,https://cdn.mobilecity.vn/mobilecity-vn/images/2025/06/nubia-neo-3-4g-chinh-hang-vang.jpg.webp,zte
ZTE Nubia Neo 2 5G (Gaming Phone Chính hãng rẻ nhất),4050000,4.050.000 ₫,https://mobilecity.vn/dien-thoai/zte-nubia-neo-2-5g-unisoc-t820.html,https://cdn.mobilecity.vn/mobilecity-vn/images/2024/04/zte-nubia-neo-2-5g-bac.jpg.webp,zte
ZTE Nubia Focus 2 5G (Camera 108MP OIS),4950000,4.950.000 ₫,https://mobilecity.vn/dien-thoai/zte-nubia-focus-2-5g.html,https://cdn.mobilecity.vn/mobilecity-vn/images/2024/12/zte-nubia-focus-5g-1.jpg.webp,zte
ZTE Nubia Neo 3 5G Chính hãng,4950000,4.950.000 ₫,https://mobilecity.vn/dien-thoai/zte-nubia-neo-3-5g-chinh-hang.html,https://cdn.mobilecity.vn/mobilecity-vn/images/2025/06/nubia-neo-3-5g-chinh-hang-vang.jpg.webp,zte
ZTE Nubia Air (Siêu mỏng 5.9 mm - Pin 5000mAh),5450000,5.450.000 ₫,https://mobilecity.vn/dien-thoai/zte-nubia-air.html,https://cdn.mobilecity.vn/mobilecity-vn/images/2025/09/zte-nubia-air-den.jpg.webp,zte
ZTE Nubia Neo 3 GT 5G (Gaming Phone giá rẻ - Pin 6000mAh),6450000,6.450.000 ₫,https://mobilecity.vn/dien-thoai/zte-nubia-neo-3-gt-5g.html,https://cdn.mobilecity.vn/mobilecity-vn/images/2025/03/zte-nubia-neo-3-gt-5g-vang.jpg.webp,zte
"Nubia Red Magic 7 (Snapdragon 8 Gen 1, Màn AMOLED 165Hz)",8450000,8.450.000 ₫,https://mobilecity.vn/zte/nubia-red-magic-7.html,https://cdn.mobilecity.vn/mobilecity-vn/images/2022/02/nubia-red-magic-7-trong-suot.jpg.webp,zte
ZTE Nubia Z50 (Snapdragon 8 Gen 2 - Màn 144Hz),9650000,9.650.000 ₫,https://mobilecity.vn/dien-thoai/zte-nubia-z50-man-hinh-144Hz.html,https://cdn.mobilecity.vn/mobilecity-vn/images/2022/12/zte-nubia-z50-man-hinh-144hz-xanh.png.webp,zte
ZTE Nubia Red Magic 10 Air (Pin 6000mAh - Mỏng 7.85mm),10150000,10.150.000 ₫,https://mobilecity.vn/dien-thoai/zte-nubia-red-magic-10-air.html,https://cdn.mobilecity.vn/mobilecity-vn/images/2025/04/red-magic-10-air-cam.jpg.webp,zte
ZTE Nubia Flip 2 (Dimensity 7300X),10450000,10.450.000 ₫,https://mobilecity.vn/dien-thoai/zte-nubia-flip-2-dimensity-7300x.html,https://cdn.mobilecity.vn/mobilecity-vn/images/2025/01/zte-nubia-flip-2-xanh.jpg.webp,zte
ZTE Nubia Z60S Pro 5G (Snapdragon 8 Gen 2),10500000,10.500.000 ₫,https://mobilecity.vn/dien-thoai/zte-nubia-z60s-pro-5g-cau-hinh-manh.html,https://cdn.mobilecity.vn/mobilecity-vn/images/2024/07/nubia-z60s-pro-trang.jpg.webp,zte
Nubia Red Magic 7 Pro (Snapdragon 8 Gen 1),11450000,11.450.000 ₫,https://mobilecity.vn/zte/nubia-red-magic-7-pro.html,https://cdn.mobilecity.vn/mobilecity-vn/images/2022/02/nubia-red-magic-7-pro-trong-suot.jpg.webp,zte
Nubia Red Magic 7S,11750000,11.750.000 ₫,https://mobilecity.vn/dien-thoai/nubia-red-magic-7s.html,https://cdn.mobilecity.vn/mobilecity-vn/images/2022/07/zte-nubia-red-magic-7s-2.jpg.webp,zte
Nubia Red Magic 7S Pro,11950000,11.950.000 ₫,https://mobilecity.vn/dien-thoai/nubia-red-magic-7s-pro.html,https://cdn.mobilecity.vn/mobilecity-vn/images/2022/07/red-magic-7s-pro-bac.jpg.webp,zte
ZTE Nubia Z50S Pro (Snapdragon 8 Gen 2 - Ép xung),12150000,12.150.000 ₫,https://mobilecity.vn/dien-thoai/zte-nubia-z50s-pro-man-hinh-144hz.html,https://cdn.mobilecity.vn/mobilecity-vn/images/2023/07/zte-nubia-z50s-pro-den.jpg.webp,zte
Nubia Red Magic 8 Pro 5G (Snapdragon 8 Gen 2),12450000,12.450.000 ₫,https://mobilecity.vn/dien-thoai/nubia-red-magic-8-pro-Snapdragon-8-gen-2.html,https://cdn.mobilecity.vn/mobilecity-vn/images/2023/04/nubia-red-magic-8-pro-snapdragon-8-gen-2-trang.jpg.webp,zte
ZTE Nubia Z60 Ultra Leading Version AI,12950000,12.950.000 ₫,https://mobilecity.vn/dien-thoai/zte-nubia-z60-ultra-leading-version.html,https://cdn.mobilecity.vn/mobilecity-vn/images/2024/07/nubia-z60-ultra-leading-version-xam.jpg.webp,zte
ZTE Nubia Z50 Ultra (Snapdragon 8 gen 2 - AMOLED 1 tỷ màu),13450000,13.450.000 ₫,https://mobilecity.vn/dien-thoai/nubia-z50-ultra-snapdragon-8-gen-2-amoled-1-ty-mau.html,https://cdn.mobilecity.vn/mobilecity-vn/images/2023/03/nubia-z50-ultra-snapdragon-8-gen-2-amoled-1-ty-mau-den.jpg.webp,zte
ZTE Nubia Red Magic 11 Air,13950000,13.950.000 ₫,https://mobilecity.vn/dien-thoai/zte-nubia-red-magic-11-air-8gen5.html,https://cdn.mobilecity.vn/mobilecity-vn/images/2026/01/zte-nubia-red-magic-11-air-0-1.jpg,zte
ZTE Nubia Z70 Ultra (Snapdragon 8 Elite),13950000,13.950.000 ₫,https://mobilecity.vn/dien-thoai/zte-nubia-z70-ultra-5g.html,https://cdn.mobilecity.vn/mobilecity-vn/images/2024/11/zte-nubia-z70-ultra-den.jpg.webp,zte
"Nubia Red Magic 8 Pro Plus 5G ( Snapdragon 8 Gen 2, Sạc 165W)",14250000,14.250.000 ₫,https://mobilecity.vn/dien-thoai/nubia-red-magic-8-pro-plus-sac-165w.html,https://cdn.mobilecity.vn/mobilecity-vn/images/2022/12/nubia-red-magic-8-pro-plus-sac-165w-den-trong.jpg.webp,zte
ZTE Nubia Z70S Ultra Photographer Edition (Snapdragon 8 Elite),14650000,14.650.000 ₫,https://mobilecity.vn/dien-thoai/nubia-z70s-ultra-photographer-edition.html,https://cdn.mobilecity.vn/mobilecity-vn/images/2025/05/nubia-z70s-ultra-vang.jpg.webp,zte
ZTE Nubia Z60 Ultra Photographer Edition (Điện thoại AI),14790000,14.790.000 ₫,https://mobilecity.vn/dien-thoai/zte-nubia-z60-ultra-photographer-edition.html,https://cdn.mobilecity.vn/mobilecity-vn/images/2024/03/nubia-z60-ultra-photographer-edition.jpg.webp,zte
ZTE Nubia Z60 Ultra 5G (Snapdragon 8 Gen 3),14850000,14.850.000 ₫,https://mobilecity.vn/dien-thoai/zte-nubia-z60-ultra-cao-cap-hang-dau.html,https://cdn.mobilecity.vn/mobilecity-vn/images/2023/12/zte-nubia-z60-ultra-5g-bac.jpg.webp,zte
Nubia Red Magic 10 Pro Plus (Snapdragon 8 Elite - Pin 7050mAh),17950000,17.950.000 ₫,https://mobilecity.vn/dien-thoai/nubia-red-magic-10-pro-plus.html,https://cdn.mobilecity.vn/mobilecity-vn/images/2024/11/red-magic-10-pro-plus-bac.jpg.webp,zte
ZTE Nubia Red Magic 10S Pro (Snapdragon 8 Elite Leading),18050000,18.050.000 ₫,https://mobilecity.vn/dien-thoai/zte-nubia-red-magic-10s-pro.html,https://cdn.mobilecity.vn/mobilecity-vn/images/2025/08/red-magic-10s-pro-fighting-buddha.jpg.webp,zte
ZTE Nubia Z80 Ultra (Snapdragon 8 Elite Gen 5 - Pin 7200mAh),18550000,18.550.000 ₫,https://mobilecity.vn/dien-thoai/zte-nubia-z80-ultra-snapdragon-8-elite-2.html,https://cdn.mobilecity.vn/mobilecity-vn/images/2025/10/nubia-z80-ultra-trang.jpg,zte
ZTE Nubia Red Magic 11 Pro (Snapdragon 8 Elite Gen 5 - Pin 8000mAh),18550000,18.550.000 ₫,https://mobilecity.vn/dien-thoai/zte-nubia-red-magic-11-pro.html,https://cdn.mobilecity.vn/mobilecity-vn/images/2025/10/nubia-red-magic-11-pro-den.jpg,zte
ZTE Nubia Red Magic 10 Ultra (Snapdragon 8 Elite),18950000,18.950.000 ₫,https://mobilecity.vn/dien-thoai/zte-nubia-red-magic-10-ultra.html,https://cdn.mobilecity.vn/mobilecity-vn/images/2024/11/nubia-red-magic-10-ultra-minh-hoa.jpg.webp,zte
Nubia Red Magic 8 Pro Plus Transformers Leader Edition,19950000,19.950.000 ₫,https://mobilecity.vn/dien-thoai/red-magic-8-pro-plus-transformers.html,https://cdn.mobilecity.vn/mobilecity-vn/images/2023/05/redmagic-8-pro-transformers.jpg.webp,zte
ZTE Nubia Red Magic 9S Pro Plus 5G (AI - Snapdragon 8 Gen 3 ép xung),20250000,20.250.000 ₫,https://mobilecity.vn/dien-thoai/zte-nubia-red-magic-9s-pro-plus-5g-ai.html,https://cdn.mobilecity.vn/mobilecity-vn/images/2024/07/nubia-red-magic-9s-pro-plus.jpg.webp,zte
ZTE Nubia Red Magic 11 Pro Plus (Pin 7500mAh - Sạc không dây 80W),21150000,21.150.000 ₫,https://mobilecity.vn/dien-thoai/zte-nubia-red-magic-11-pro-plus.html,https://cdn.mobilecity.vn/mobilecity-vn/images/2025/10/nubia-red-magic-11-pro-plus-trang-trong.jpg,zte
Nubia Red Magic 8S Pro Plus Bumblebee Edition,21550000,21.550.000 ₫,https://mobilecity.vn/dien-thoai/nubia-red-magic-8s-pro-plus-bumblebee-edition.html,https://cdn.mobilecity.vn/mobilecity-vn/images/2023/07/red-magic-8s-pro-plus-bumblebee-edition.jpg.webp,zte
ZTE Nubia Red Magic 10S Pro Plus,21650000,21.650.000 ₫,https://mobilecity.vn/dien-thoai/zte-nubia-red-magic-10s-pro-plus.html,https://cdn.mobilecity.vn/mobilecity-vn/images/2025/05/red-magic-10s-pro-plus-den.jpg.webp,zte
Nubia Red Magic 9 Pro Plus Bumblebee Transformers Edition,22790000,22.790.000 ₫,https://mobilecity.vn/dien-thoai/nubia-red-magic-9-pro-plus-bumblebee-transformers-edition.html,https://cdn.mobilecity.vn/mobilecity-vn/images/2024/03/nubia-red-magic-9-pro-bumblebee-transformers-edition.jpg.webp,zte
Tesla Pi Phone (Màn hình AMOLED 4K),29950000,29.950.000 ₫,https://mobilecity.vn/dien-thoai/tesla-pi-phone.html,https://cdn.mobilecity.vn/mobilecity-vn/images/2024/11/tesla-pi-phone-ro-ri-02.jpg.webp,zte
Nubia Red Magic 7S Pro Bumblebee Edition,0,Liên hệ,https://mobilecity.vn/dien-thoai/nubia-red-magic-7s-pro-bumblebee-edition.html,https://cdn.mobilecity.vn/mobilecity-vn/images/2022/07/nubia-red-magic-7s-pro-bumblebee-edition-ava.jpg.webp,zte
ZTE Axon 50 Ultra,0,Liên hệ,https://mobilecity.vn/dien-thoai/zte-axon-50-ultra-snapdragon-8-gen-2.html,https://cdn.mobilecity.vn/mobilecity-vn/images/2022/11/zte-axon-50-ultra-snapdragon-8-gen-2-minh-hoa.png.webp,zte
Nubia Red Magic 9 Pro Plus 5G (Snapdragon 8 Gen 3),0,Liên hệ,https://mobilecity.vn/dien-thoai/zte-nubia-red-magic-9-pro-plus-5g-snapdragon-8-gen-3.html,https://cdn.mobilecity.vn/mobilecity-vn/images/2023/11/zte-nubia-red-magic-9-pro-plus-trong.jpg.webp,zte
ZTE Libero Flip (Điện thoại gập rẻ nhất),4950000,4.950.000 ₫,https://mobilecity.vn/dien-thoai/zte-libero-flip-dien-thoai-gap-re-nhat.html,https://cdn.mobilecity.vn/mobilecity-vn/images/2024/10/zte-libero-flip-xanh.jpg.webp,zte
Nubia Red Magic 8S Pro Plus 5G (Snapdragon 8 Gen 2 - Xung nhịp cao),12250000,12.250.000 ₫,https://mobilecity.vn/dien-thoai/nubia-red-magic-8s-pro-plus-5g-chip-xung-nhip-cao.html,https://cdn.mobilecity.vn/mobilecity-vn/images/2023/07/nubia-red-magic-8s-pro-plus-den-trong.jpg.webp,zte
Nubia Red Magic 8S Pro 5G (Snapdragon 8 Gen 2 - Xung nhịp cao),12250000,12.250.000 ₫,https://mobilecity.vn/dien-thoai/nubia-red-magic-8s-pro-5g.html,https://cdn.mobilecity.vn/mobilecity-vn/images/2023/07/nubia-red-magic-8s-pro-den-trong.jpg.webp,zte
ZTE Nubia Red Magic 9S Pro 5G (hỗ trợ AI),13650000,13.650.000 ₫,https://mobilecity.vn/dien-thoai/zte-nubia-red-magic-9s-pro-ai-Snap-gen3-xung-cao.html,https://cdn.mobilecity.vn/mobilecity-vn/images/2024/07/nubia-red-magic-9s-pro-trang-trong-1.jpg.webp,zte
ZTE Nubia Red Magic 10 Pro (Snapdragon 8 Elite - Pin 6500mAh),14950000,14.950.000 ₫,https://mobilecity.vn/dien-thoai/zte-nubia-red-magic-10-pro.html,https://cdn.mobilecity.vn/mobilecity-vn/images/2024/11/red-magic-10-pro-den.jpg.webp,zte
Nubia Neo 5G (Gaming Phone giá rẻ),3650000,3.650.000 ₫,https://mobilecity.vn/dien-thoai/nubia-neo-5g-gaming-phone-gia-re.html,https://cdn.mobilecity.vn/mobilecity-vn/images/2023/06/nubia-neo-5g-vang.jpg.webp,zte
Nubia Red Magic 5G (Gaming Phone),5950000,5.950.000 ₫,https://mobilecity.vn/zte/nubia-red-magic-5g.html,https://cdn.mobilecity.vn/mobilecity-vn/images/2020/03/red-magic-5g-png.jpg.webp,zte
Nubia Red Magic 5S,6900000,6.900.000 ₫,https://mobilecity.vn/zte/nubia-red-magic-5s.html,https://cdn.mobilecity.vn/mobilecity-vn/images/2020/07/red-magic-5s.png.webp,zte
Nubia Red Magic 6 (Snap888),6950000,6.950.000 ₫,https://mobilecity.vn/zte/nubia-red-magic-6.html,https://cdn.mobilecity.vn/mobilecity-vn/images/2021/07/nubia-red-magic-6-cyber-neon.jpg.webp,zte
Nubia Red Magic 6R (Snap 888),7450000,7.450.000 ₫,https://mobilecity.vn/zte/nubia-red-magic-6r.html,https://cdn.mobilecity.vn/mobilecity-vn/images/2021/07/red-magic-6r-bac-1.png.webp,zte
Nubia Red Magic 6S Pro (Snap 888+),7950000,7.950.000 ₫,https://mobilecity.vn/zte/nubia-red-magic-6s-pro.html,https://cdn.mobilecity.vn/mobilecity-vn/images/2021/09/nubia-red-magic-6s-pro-tranferent.png.webp,zte
Nubia Red Magic 8 5G (Màn hình 165Hz),13450000,13.450.000 ₫,https://mobilecity.vn/dien-thoai/nubia-red-magic-8-man-hinh-165hz.html,https://cdn.mobilecity.vn/mobilecity-vn/images/2022/11/nubia-red-magic-8-man-hinh-165hz-minh-hoa.jpg.webp,zte
Nubia Z50 Pro,0,Liên hệ,https://mobilecity.vn/dien-thoai/nubia-z50-pro-snapdragon-8-gen-2.html,https://cdn.mobilecity.vn/mobilecity-vn/images/2022/11/nubia-z50-pro-snapdragon-8-gen-2-minh-hoa-0.png.webp,zte
ZTE Axon 50 SE,0,Liên hệ,https://mobilecity.vn/dien-thoai/zte-axon-50-se-camera-khung.html,https://cdn.mobilecity.vn/mobilecity-vn/images/2022/11/zte-axon-50-se-minh-hoa.png.webp,zte
ZTE Axon 50 Pro,0,Liên hệ,https://mobilecity.vn/dien-thoai/zte-axon-50-pro-hieu-nang-cao.html,https://cdn.mobilecity.vn/mobilecity-vn/images/2022/11/zte-axon-50-pro-minh-hoa.png.webp,zte
Micromax IN Note 2,0,Liên hệ,https://mobilecity.vn/dien-thoai/micromax-in-note-2.html,https://cdn.mobilecity.vn/mobilecity-vn/images/2022/01/micromax-in-note-2-nau.jpg,vsmart
Vsmart Star 5,1450000,1.450.000 ₫,https://mobilecity.vn/vsmart/vsmart-star-5.html,https://cdn.mobilecity.vn/mobilecity-vn/images/2021/03/vsmart-star-5-1.jpg.webp,vsmart
Vsmart Star 3 (Chính Hãng),1590000,1.590.000 ₫,https://mobilecity.vn/vsmart/vsmart-star-3.html,https://cdn.mobilecity.vn/mobilecity-vn/images/2020/02/vsmart-joy-3-6.jpg.webp,vsmart
Vsmart Joy 4,1750000,1.750.000 ₫,https://mobilecity.vn/vsmart/vsmart-joy-4.html,https://cdn.mobilecity.vn/mobilecity-vn/images/2020/09/vsmart-joy-4.jpg.webp,vsmart
Vsmart Joy 3 (Chính Hãng - đã kích hoạt BH),1950000,1.950.000 ₫,https://mobilecity.vn/vsmart/vsmart-joy-3.html,https://cdn.mobilecity.vn/mobilecity-vn/images/2020/02/vsmart-joy-3.jpg.webp,vsmart
Vsmart Star 4,2250000,2.250.000 ₫,https://mobilecity.vn/vsmart/vsmart-star-4.html,https://cdn.mobilecity.vn/mobilecity-vn/images/2020/07/vsmart-star-4-1-1-1.jpg.webp,vsmart
Vsmart Active 3 (Camera Pop Up),2350000,2.350.000 ₫,https://mobilecity.vn/vsmart/vsmart-active-3.html,https://cdn.mobilecity.vn/mobilecity-vn/images/2020/02/vinsmart-active-3.jpg.webp,vsmart
Vsmart Live 4,2550000,2.550.000 ₫,https://mobilecity.vn/vsmart/vsmart-live-4.html,https://cdn.mobilecity.vn/mobilecity-vn/images/2020/08/vsmart-live-4-green.jpg.webp,vsmart
Vsmart Live (Chính Hãng),3350000,3.350.000 ₫,https://mobilecity.vn/vsmart/vsmart-live.html,https://cdn.mobilecity.vn/mobilecity-vn/images/2020/02/vsmart-live-xanh.jpg.webp,vsmart
Vsmart Aris,3450000,3.450.000 ₫,https://mobilecity.vn/vsmart/vsmart-aris.html,https://cdn.mobilecity.vn/mobilecity-vn/images/2020/09/vsmart-aris-1-1.jpg.webp,vsmart
Vsmart Aris Pro,4550000,4.550.000 ₫,https://mobilecity.vn/vsmart/vsmart-aris-pro.html,https://cdn.mobilecity.vn/mobilecity-vn/images/2020/09/vsmart-aris-pro-2.jpg.webp,vsmart
Vsmart Joy 1 Plus,0,Liên hệ,https://mobilecity.vn/vsmart/vsmart-joy-1-plus.html,https://cdn.mobilecity.vn/mobilecity-vn/images/2018/12/vsmart-joy-1-chinh-hang-7.jpg.webp,vsmart
Vsmart Joy 1,0,Liên hệ,https://mobilecity.vn/vsmart/vsmart-joy-1-chinh-hang.html,https://cdn.mobilecity.vn/mobilecity-vn/images/2018/12/vsmart-joy-1-chinh-hang-8.jpg.webp,vsmart
Vsmart Active 1 Plus,0,Liên hệ,https://mobilecity.vn/vsmart/vsmart-active-1-plus.html,https://cdn.mobilecity.vn/mobilecity-vn/images/2018/12/vsmart-active-1-plus.jpg.webp,vsmart
Vsmart Active 1,0,Liên hệ,https://mobilecity.vn/vsmart/vsmart-active-1.html,https://cdn.mobilecity.vn/mobilecity-vn/images/2018/12/vsmart-active-1-đen.jpg.webp,vsmart
Masstel S9 Chính hãng (Màn hình 120Hz - NFC),2850000,2.850.000 ₫,https://mobilecity.vn/dien-thoai/masstel-s9-man-hinh-120hz.html,https://cdn.mobilecity.vn/mobilecity-vn/images/2025/04/masstel-s9-vang.jpg.webp,meizu
Meizu 21 Note 5G,9150000,9.150.000 ₫,https://mobilecity.vn/dien-thoai/meizu-21-note-5g.html,https://cdn.mobilecity.vn/mobilecity-vn/images/2024/05/meizu-21-note-den.jpg.webp,meizu
Meizu 20 Classic 5G (RAM 16GB),10450000,10.450.000 ₫,https://mobilecity.vn/dien-thoai/meizu-20-classic-ram-16gb.html,https://cdn.mobilecity.vn/mobilecity-vn/images/2023/10/meizu-20-classic-xam.jpg.webp,meizu
Meizu 21 5G (Snapdragon 8 Gen 3),11750000,11.750.000 ₫,https://mobilecity.vn/dien-thoai/meizu-21-thiet-ke-sieu-dep.html,https://cdn.mobilecity.vn/mobilecity-vn/images/2023/11/meizu-21-tim.jpg.webp,meizu
Meizu 22 5G (Snapdragon 8s Gen 4),0,Liên hệ,https://mobilecity.vn/dien-thoai/meizu-22-5g-snapdragon-8s-gen-4.html,https://cdn.mobilecity.vn/mobilecity-vn/images/2025/07/meizu-22-ro-ri-01.jpg.webp,meizu
Meizu Lucky 08 (Snapdragon 7s Gen 2),3250000,3.250.000 ₫,https://mobilecity.vn/dien-thoai/meizu-lucky-08-snapdragon-7s-gen-2.html,https://cdn.mobilecity.vn/mobilecity-vn/images/2025/06/meizu-lucky-08-chinh-hang-trang.jpg.webp,meizu
Meizu Pro 7 (2 Màn Hình cực đẹp),3250000,3.250.000 ₫,https://mobilecity.vn/meizu/meizu-pro-7-1.html,https://cdn.mobilecity.vn/mobilecity-vn/images/2018/01/meizu-pro-7-2.jpg,meizu
Meizu Pro 7 Plus (Nhập Khẩu Chính Hãng),4450000,4.450.000 ₫,https://mobilecity.vn/meizu/meizu-pro-7-plus.html,https://cdn.mobilecity.vn/mobilecity-vn/images/2018/01/meizu-pro-7-plus-3.jpg.webp,meizu
Meizu 20 5G (Snapdragon 8 Gen 2),10250000,10.250.000 ₫,https://mobilecity.vn/dien-thoai/meizu-20-snapdragon-8-gen-2.html,https://cdn.mobilecity.vn/mobilecity-vn/images/2023/04/meizu-20-hong.jpg.webp,meizu
Meizu 20 Pro 5G (Snapdragon 8 Gen 2 - Sạc không dây 50W),13650000,13.650.000 ₫,https://mobilecity.vn/dien-thoai/meizu-20-pro-sac-khong-day-50w.html,https://cdn.mobilecity.vn/mobilecity-vn/images/2023/04/meizu-20-pro-vang.jpg.webp,meizu
Meizu 21 Pro 5G (Flyme AI - Snapdragon 8 Gen 3),17150000,17.150.000 ₫,https://mobilecity.vn/dien-thoai/meizu-21-pro-5g.html,https://cdn.mobilecity.vn/mobilecity-vn/images/2024/02/meizu-21-pro-xanh-duong.jpg.webp,meizu
Google Pixel 4a (Snapdragon 730G),2650000,2.650.000 ₫,https://mobilecity.vn/dien-thoai/google-pixel-4a-snapdragon-730g.html,https://cdn.mobilecity.vn/mobilecity-vn/images/2023/03/google-pixel-4a-4g-den.jpg.webp,google
"Google Pixel 4a 5G (Snapdragon 765G, Màn OLED)",3150000,3.150.000 ₫,https://mobilecity.vn/dien-thoai/google-pixel-4a-5g-snapdragon-765g-man-oled.html,https://cdn.mobilecity.vn/mobilecity-vn/images/2023/03/google-pixel-4a-5g-den.jpg.webp,google
"Google Pixel 5 5G Cũ 99,9% (Snapdragon 765G)",3750000,3.750.000 ₫,https://mobilecity.vn/dien-thoai/google-pixel-5.html,https://cdn.mobilecity.vn/mobilecity-vn/images/2022/02/google-pixel-5-den.jpeg.webp,google
Google Pixel 5a 5G (Snapdragon 765G),3750000,3.750.000 ₫,https://mobilecity.vn/dien-thoai/google-pixel-5a-5g-snapdragon-765g.html,https://cdn.mobilecity.vn/mobilecity-vn/images/2023/03/google-pixel-5a-5g-xanh.jpg.webp,google
"Google Pixel 4 XL (Snapdragon 855, màn OLED 2K)",4450000,4.450.000 ₫,https://mobilecity.vn/dien-thoai/google-pixel-4-xl-cu.html,https://cdn.mobilecity.vn/mobilecity-vn/images/2022/02/google-pixel-4xl-cam-cu.jpg.webp,google
Google Pixel 6 5G (Google Tensor - Mới - Cũ),5550000,5.550.000 ₫,https://mobilecity.vn/dien-thoai/google-pixel-6.html,https://cdn.mobilecity.vn/mobilecity-vn/images/2022/02/google-pixel-6-hong.jpg.webp,google
Google Pixel 6a (Google Tensor),6250000,6.250.000 ₫,https://mobilecity.vn/dien-thoai/google-pixel-6a.html,https://cdn.mobilecity.vn/mobilecity-vn/images/2023/03/google-pixel-6a-den.jpg.webp,google
Nothing Phone (2a) (Dimensity 7200 Pro),7150000,7.150.000 ₫,https://mobilecity.vn/dien-thoai/nothing-phone-2a-chip-manh.html,https://cdn.mobilecity.vn/mobilecity-vn/images/2024/03/nothing-phone-2a-den.jpg.webp,google
"Google Pixel 6 Pro 5G (Màn hình 2K,  Pin 5003mAh)",7250000,7.250.000 ₫,https://mobilecity.vn/dien-thoai/google-pixel-6-pro.html,https://cdn.mobilecity.vn/mobilecity-vn/images/2022/02/google-pixel-6-pro.jpg.webp,google
Google Pixel 8a 5G (Tensor G3),8850000,8.850.000 ₫,https://mobilecity.vn/dien-thoai/google-pixel-8a-5g-tensor-g3.html,https://cdn.mobilecity.vn/mobilecity-vn/images/2024/05/google-pixel-8a-trang.jpg.webp,google
"Google Pixel 7a (Tensor G2, màn OLED)",10550000,10.550.000 ₫,https://mobilecity.vn/dien-thoai/google-pixel-7a-tensor-g2.html,https://cdn.mobilecity.vn/mobilecity-vn/images/2023/05/google-pixel-7a-xanh.jpg.webp,google
Google Pixel 7,11950000,11.950.000 ₫,https://mobilecity.vn/dien-thoai/google-pixel-7.html,https://cdn.mobilecity.vn/mobilecity-vn/images/2023/03/google-pixel-7-den.jpg.webp,google
Google Pixel 9a (Google Tensor G4),11950000,11.950.000 ₫,https://mobilecity.vn/dien-thoai/google-pixel-9a.html,https://cdn.mobilecity.vn/mobilecity-vn/images/2025/03/google-pixel-9a-hong.jpg.webp,google
Google Pixel 8 5G (Chip Tensor G3),17050000,17.050.000 ₫,https://mobilecity.vn/dien-thoai/google-pixel-8-5g.html,https://cdn.mobilecity.vn/mobilecity-vn/images/2023/10/google-pixel-8-hong.jpg.webp,google
Google Pixel 9 5G (Vân tay siêu âm),18050000,18.050.000 ₫,https://mobilecity.vn/dien-thoai/google-pixel-9-man-oled-120hz.html,https://cdn.mobilecity.vn/mobilecity-vn/images/2024/08/google-pixel-9-xanh.jpg.webp,google
Google Pixel 7 Pro 5G (Màn 2K),18990000,18.990.000 ₫,https://mobilecity.vn/dien-thoai/google-pixel-7-pro.html,https://cdn.mobilecity.vn/mobilecity-vn/images/2023/03/google-pixel-7-pro-xam.jpg.webp,google
Google Pixel 10,21050000,21.050.000 ₫,https://mobilecity.vn/dien-thoai/google-pixel-10.html,https://cdn.mobilecity.vn/mobilecity-vn/images/2025/08/google-pixel-10-xanh-la.jpg.webp,google
Google Pixel 8 Pro 5G (Chip Tensor G3),24390000,24.390.000 ₫,https://mobilecity.vn/dien-thoai/google-pixel-8-pro-chip-tensor-3.html,https://cdn.mobilecity.vn/mobilecity-vn/images/2023/10/google-pixel-8-pro-xanh-duong.jpg.webp,google
Google Pixel 9 Pro 5G (AI Gemini nâng cao),24950000,24.950.000 ₫,https://mobilecity.vn/dien-thoai/google-pixel-9-pro-5g.html,https://cdn.mobilecity.vn/mobilecity-vn/images/2024/08/google-pixel-9-pro-xanh-hazel.jpg.webp,google
Google Pixel 10 Pro,26350000,26.350.000 ₫,https://mobilecity.vn/dien-thoai/google-pixel-10-pro.html,https://cdn.mobilecity.vn/mobilecity-vn/images/2025/08/google-pixel-10-pro-xanh-duong.jpg.webp,google
Google Pixel 9 Pro XL (Chip Tensor G4),27550000,27.550.000 ₫,https://mobilecity.vn/dien-thoai/google-pixel-9-pro-xl-chip-tensor-g4.html,https://cdn.mobilecity.vn/mobilecity-vn/images/2024/08/google-pixel-9-pro-xl-porcelain.jpg.webp,google
Google Pixel 10 Pro XL,31650000,31.650.000 ₫,https://mobilecity.vn/dien-thoai/google-pixel-10-pro-xl.html,https://cdn.mobilecity.vn/mobilecity-vn/images/2025/08/google-pixel-10-pro-xl-trang-su.jpg.webp,google
Google Pixel Fold (Google Tensor G2),39890000,39.890.000 ₫,https://mobilecity.vn/dien-thoai/google-pixel-fold.html,https://cdn.mobilecity.vn/mobilecity-vn/images/2023/05/google-pixel-fold-trang.jpg.webp,google
Google Pixel 9 Pro Fold (Google Tensor G4),42250000,42.250.000 ₫,https://mobilecity.vn/dien-thoai/google-pixel-9-pro-fold.html,https://cdn.mobilecity.vn/mobilecity-vn/images/2024/09/google-pixel-9-pro-fold-trang.jpg.webp,google
Google Pixel 4 (Snapdragon 855),0,Liên hệ,https://mobilecity.vn/google/google-pixel-4-cu.html,https://cdn.mobilecity.vn/mobilecity-vn/images/2023/03/google-pixel-4-cam.jpg.webp,google
Google Pixel 10 Pro Fold,0,Liên hệ,https://mobilecity.vn/dien-thoai/google-pixel-10-pro-fold.html,https://cdn.mobilecity.vn/mobilecity-vn/images/2025/08/google-pixel-10-pro-fold-ro-ri.jpg.webp,google
Motorola Razr 40 Ultra (Snapdragon 8+ Gen 1),18850000,18.850.000 ₫,https://mobilecity.vn/dien-thoai/motorola-razr-40-ultra-man-hinh-165hz.html,https://cdn.mobilecity.vn/mobilecity-vn/images/2023/06/motorola-razr-40-ultra-do.jpg.webp,lenovo
Motorola Moto G14 (Pin 5000mAh có sạc nhanh),3790000,3.790.000 ₫,https://mobilecity.vn/dien-thoai/motorola-moto-g14-pin-5000mah.html,https://cdn.mobilecity.vn/mobilecity-vn/images/2023/09/motorola-moto-g14-tim-dinh-huong.jpg.webp,lenovo
Motorola G06 POWER Chính hãng (Pin 7000 mAh),3850000,3.850.000 ₫,https://mobilecity.vn/dien-thoai/motorola-g06-power-chinh-hang.html,https://cdn.mobilecity.vn/mobilecity-vn/images/2026/03/motorola-g06-power-chinh-hang-12.jpg,lenovo
Motorola Moto G (2023) 5G (Màn hình 120Hz),4820000,4.820.000 ₫,https://mobilecity.vn/dien-thoai/motorola-moto-g-2023-man-hinh-120hz.html,https://cdn.mobilecity.vn/mobilecity-vn/images/2023/09/moto-g-5g-2023-xanh.jpg.webp,lenovo
Motorola G86 POWER Chính hãng (Pin 6720 mAh),7050000,7.050.000 ₫,https://mobilecity.vn/dien-thoai/motorola-g86-power-chinh-hang.html,https://cdn.mobilecity.vn/mobilecity-vn/images/2026/03/motorola-g86-power-chinh-hang-10.jpg,lenovo
Motorola G57 Power 5G Chính hãng,8250000,8.250.000 ₫,https://mobilecity.vn/dien-thoai/motorola-g57-power-5g-chinh-hang.html,https://cdn.mobilecity.vn/mobilecity-vn/images/2026/03/motorola-g57-power-5g-chinh-hang-3.jpg,lenovo
Motorola Edge 60 Fusion Chính hãng,8350000,8.350.000 ₫,https://mobilecity.vn/dien-thoai/motorola-edge-60-fusion-chinh-hang.html,https://cdn.mobilecity.vn/mobilecity-vn/images/2026/03/motorola-edge-60-fusion-chinh-hang-9.jpg,lenovo
"Ulefone Armor 24 (Pin 22.000mAh, độ bên chuẩn Quân đội Mỹ)",9950000,9.950.000 ₫,https://mobilecity.vn/dien-thoai/ulefone-armor-24-pin-22000-mah.html,https://cdn.mobilecity.vn/mobilecity-vn/images/2023/09/ulefone-armor-24-dai-dien.jpg.webp,lenovo
"Motorola Edge 40 Neo 5G (Dimensity 7030, màn P-OLED 144Hz)",10350000,10.350.000 ₫,https://mobilecity.vn/dien-thoai/motorola-edge-40-neo-dimensity-1050.html,https://cdn.mobilecity.vn/mobilecity-vn/images/2023/09/motorola-edge-40-neo-xanh-duong.jpg.webp,lenovo
Lenovo Legion Pro (Duel),11950000,11.950.000 ₫,https://mobilecity.vn/lenovo/lenovo-legion-pro.html,https://cdn.mobilecity.vn/mobilecity-vn/images/2020/07/lenovo-legion-1.jpg.webp,lenovo
Motorola Edge 70 Chính hãng (Camera trước 50MP),12150000,12.150.000 ₫,https://mobilecity.vn/dien-thoai/motorola-edge-70-chinh-hang-selfie-50mp.html,https://cdn.mobilecity.vn/mobilecity-vn/images/2026/03/motorola-edge-70-chinh-hang-10.jpg,lenovo
Trump Mobile T1 Phone,13050000,13.050.000 ₫,https://mobilecity.vn/dien-thoai/trump-mobile-t1-phone.html,https://cdn.mobilecity.vn/mobilecity-vn/images/2025/06/trump-mobile-t1-phone-002.jpg.webp,lenovo
Motorola Signature Chính hãng (Màn hình 165Hz),19950000,19.950.000 ₫,https://mobilecity.vn/dien-thoai/motorola-signature-chinh-hang.html,https://cdn.mobilecity.vn/mobilecity-vn/images/2026/03/motorola-signature-0-1.jpg,lenovo
Motorola Razr 2022,0,Liên hệ,https://mobilecity.vn/dien-thoai/motorola-razr-2022.html,https://cdn.mobilecity.vn/mobilecity-vn/images/2022/08/motorola-razr-2022-dai-dien.jpg.webp,lenovo
Motorola Moto E22i,0,Liên hệ,https://mobilecity.vn/dien-thoai/motorola-moto-e22i.html,https://cdn.mobilecity.vn/mobilecity-vn/images/2022/09/motorola-moto-e22i.jpg.webp,lenovo
Motorola Moto X30 Pro,0,Liên hệ,https://mobilecity.vn/dien-thoai/motorola-moto-x30-pro.html,https://cdn.mobilecity.vn/mobilecity-vn/images/2022/08/motorola-moto-x30-pro-den.jpg.webp,lenovo
Motorola Moto G54 (China) 5G (Dimensity 7020),3950000,3.950.000 ₫,https://mobilecity.vn/dien-thoai/motorola-moto-g54-china.html,https://cdn.mobilecity.vn/mobilecity-vn/images/2023/09/motorola-moto-g54-china-blue.jpg.webp,lenovo
Motorola Moto G84 5G (Snapdragon 695 5G),5850000,5.850.000 ₫,https://mobilecity.vn/dien-thoai/motorola-moto-g84-snapdragon-695.html,https://cdn.mobilecity.vn/mobilecity-vn/images/2023/09/motorola-moto-g84-do.jpg.webp,lenovo
Unihertz Luna (Nothing giá Rẻ - Camera 108MP),5950000,5.950.000 ₫,https://mobilecity.vn/dien-thoai/unihertz-luna-camera-108mp.html,https://cdn.mobilecity.vn/mobilecity-vn/images/2023/08/unihertz-luna-den.jpg.webp,lenovo
BLU Bold N3 5G (Dimensity 7050),6150000,6.150.000 ₫,https://mobilecity.vn/dien-thoai/blu-bold-n3-dimensity-7050.html,https://cdn.mobilecity.vn/mobilecity-vn/images/2023/09/blu-bold-n3-dai-dien.jpg.webp,lenovo
Lenovo Legion Y70 (Snapdragon 8+ Gen 1),6650000,6.650.000 ₫,https://mobilecity.vn/dien-thoai/lenovo-legion-y70.html,https://cdn.mobilecity.vn/mobilecity-vn/images/2022/08/lenovo-legion-y70-do.jpg.webp,lenovo
Ulefone Armor 22 (Độ bền chuẩn quân đội Mỹ),7220000,7.220.000 ₫,https://mobilecity.vn/dien-thoai/ulefone-armor-22-sieu-ben.html,https://cdn.mobilecity.vn/mobilecity-vn/images/2023/09/ulefone-armor-22-xanh.jpg.webp,lenovo
Motorola Moto G Stylus 5G (2023) (Hỗ trợ bút cảm ứng Stylus),7250000,7.250.000 ₫,https://mobilecity.vn/dien-thoai/motorola-moto-g-stylus-5g-2023-ho-tro-stylus.html,https://cdn.mobilecity.vn/mobilecity-vn/images/2023/09/moto-g-stylus-5g-hong-sam-panh.jpg.webp,lenovo
Motorola Edge 50 Pro 5G (Snapdragon 7 Gen 3),9050000,9.050.000 ₫,https://mobilecity.vn/dien-thoai/motorola-edge-50-pro-snapdragon-7-gen-3.html,https://cdn.mobilecity.vn/mobilecity-vn/images/2024/04/motorola-edge-50-pro-bac-anh-trang.jpg.webp,lenovo
Lenovo Legion 2 Pro,10250000,10.250.000 ₫,https://mobilecity.vn/lenovo/lenovo-legion-2-pro.html,https://cdn.mobilecity.vn/mobilecity-vn/images/2021/04/lenovo-legion-2-pro-8.jpg.webp,lenovo
Unihertz 8849 TANK 2 (Pin 15500mAh - Tích hợp máy chiếu),10450000,10.450.000 ₫,https://mobilecity.vn/dien-thoai/unihertz-8849-tank-2-pin-15500mah.html,https://cdn.mobilecity.vn/mobilecity-vn/images/2023/08/unihertz-8849-tank-2.jpg.webp,lenovo
Lenovo Legion Y90,10450000,10.450.000 ₫,https://mobilecity.vn/lenovo/lenovo-legion-y90.html,https://cdn.mobilecity.vn/mobilecity-vn/images/2022/03/lenovo-legion-y90-2.jpg.webp,lenovo
Motorola Edge X30,10950000,10.950.000 ₫,https://mobilecity.vn/lenovo/motorola-edge-x30.html,https://cdn.mobilecity.vn/mobilecity-vn/images/2021/12/motorola-edge-x30-den.jpg.webp,lenovo
Motorola Edge (2023) (Màn P-OLED 144Hz),12250000,12.250.000 ₫,https://mobilecity.vn/dien-thoai/motorola-edge-2023-man-hinh-cong.html,https://cdn.mobilecity.vn/mobilecity-vn/images/2023/10/motorola-edge-2023-dai-dien.jpg.webp,lenovo
Motorola Moto X40 5G (Snapdragon 8 Gen 2 - Siêu rẻ),12450000,12.450.000 ₫,https://mobilecity.vn/dien-thoai/motorola-edge-40-pro-snapdragon-8-gen-2.html,https://cdn.mobilecity.vn/mobilecity-vn/images/2022/12/motorola-edge-40-pro-snapdragon-8-gen-2-xanh.png.webp,lenovo
Motorola Edge 30 Pro,12950000,12.950.000 ₫,https://mobilecity.vn/dien-thoai/motorola-edge-30-pro.html,https://cdn.mobilecity.vn/mobilecity-vn/images/2022/02/motorola-edge-30-pro.jpg.webp,lenovo
Motorola Razr 40 5G (Snapdragon 7 Gen 1),13250000,13.250.000 ₫,https://mobilecity.vn/dien-thoai/motorola-razr-40-snapdragon-7-gen-1.html,https://cdn.mobilecity.vn/mobilecity-vn/images/2023/06/motorola-razr-40-tim.jpg.webp,lenovo
Motorola Edge Plus (2023) 5G - Màn OLED 165Hz,16860000,16.860.000 ₫,https://mobilecity.vn/dien-thoai/motorola-edge-plus-2023-man-oled-165hz.html,https://cdn.mobilecity.vn/mobilecity-vn/images/2023/09/motorola-edge-plus-2023.jpg.webp,lenovo
Unihertz 8849 TANK 3 5G (Dimensity 8200),17950000,17.950.000 ₫,https://mobilecity.vn/dien-thoai/unihertz-8849-tank-3-dimensity-8200.html,https://cdn.mobilecity.vn/mobilecity-vn/images/2023/11/unihertz-8849-tank-3-dai-dien.jpg.webp,lenovo
"Motorola ThinkPhone 5G (Snapdragon 8+ Gen 1, sạc 68W)",19950000,19.950.000 ₫,https://mobilecity.vn/dien-thoai/motorola-thinkphone.html,https://cdn.mobilecity.vn/mobilecity-vn/images/2023/01/motorola-think-phone-dai-dien.jpg.webp,lenovo
"Motorola Moto G54 5G (Dimensity 7020, Màn hình 120Hz)",0,Liên hệ,https://mobilecity.vn/dien-thoai/motorola-moto-g54-5g-man-hinh-120hz.html,https://cdn.mobilecity.vn/mobilecity-vn/images/2023/09/motorola-moto-g54-xanh-la.jpg.webp,lenovo
Motorola Frontier,0,Liên hệ,https://mobilecity.vn/dien-thoai/motorola-frontier.html,https://cdn.mobilecity.vn/mobilecity-vn/images/2022/02/motorola-frontier-dai-dien.jpg.webp,lenovo
Motorola Edge S30,0,Liên hệ,https://mobilecity.vn/lenovo/motorola-edge-s30.html,https://cdn.mobilecity.vn/mobilecity-vn/images/2021/12/motorola-moto-edge-s30.jpg.webp,lenovo
Motorola Edge 30 Ultra,0,Liên hệ,https://mobilecity.vn/dien-thoai/motorola-edge-30-ultra.html,https://cdn.mobilecity.vn/mobilecity-vn/images/2022/02/motorola-edge-30-ultra.jpg.webp,lenovo
Honor WIN RT (Snapdragon 8 Elite - Pin 10000mAh),12950000,12.950.000 ₫,https://mobilecity.vn/dien-thoai/honor-win-rt-pin-10000mah.html,https://cdn.mobilecity.vn/mobilecity-vn/images/2025/12/honor-win-rt-pin-10000mah-111-1-den.jpg,honor
Honor WIN 5G (Snapdragon 8 Elite Gen 5 - Pin 10.000mAh),15950000,15.950.000 ₫,https://mobilecity.vn/dien-thoai/honor-win-5g-pin-khung.html,https://cdn.mobilecity.vn/mobilecity-vn/images/2025/12/honor-win-xanh-mobilecity.jpg,honor
Honor X5c Plus (Helio G81 - Pin 5200mAh),2350000,2.350.000 ₫,https://mobilecity.vn/dien-thoai/honor-x5c-plus-gia-re.html,https://cdn.mobilecity.vn/mobilecity-vn/images/2025/10/honor-x5c-plus-xanh.jpg,honor
Honor Play 10C 5G (Dimensity 6300 - Pin 6000mAh),2450000,2.450.000 ₫,https://mobilecity.vn/dien-thoai/honor-play-10c-5g.html,https://cdn.mobilecity.vn/mobilecity-vn/images/2025/08/honor-play-10c-xanh.jpg.webp,honor
Honor X6c Chính hãng (Camera 50MP),3950000,3.950.000 ₫,https://mobilecity.vn/dien-thoai/honor-x6c-chinh-hang.html,https://cdn.mobilecity.vn/mobilecity-vn/images/2025/07/honor-x6c-den.jpg.webp,honor
Honor 400 Smart 5G (Snapdragon 6S Gen 3 - Pin 6500mAh),4250000,4.250.000 ₫,https://mobilecity.vn/dien-thoai/honor-400-smart-5g.html,https://cdn.mobilecity.vn/mobilecity-vn/images/2025/08/honor-400-smart-den.jpg.webp,honor
Honor Play 70 Plus 5G (Snapdragon 6s Gen 3),4450000,4.450.000 ₫,https://mobilecity.vn/dien-thoai/honor-play-70-plus-5g.html,https://cdn.mobilecity.vn/mobilecity-vn/images/2025/08/honor-play-70-plus-xanh.jpg.webp,honor
Honor X70 5G (Pin 8300mAh - Sạc không dây 80W),5150000,5.150.000 ₫,https://mobilecity.vn/dien-thoai/honor-x70-5g.html,https://cdn.mobilecity.vn/mobilecity-vn/images/2025/07/honor-x70-nau.jpg.webp,honor
Honor X7d Chính hãng (Camera 108MP - Pin 6500mAh),5450000,5.450.000 ₫,https://mobilecity.vn/dien-thoai/honor-x7d-chinh-hang.html,https://cdn.mobilecity.vn/mobilecity-vn/images/2025/08/honor-x7d-vang.jpg.webp,honor
Honor X8d Chính hãng (Pin 7000 mAh),5550000,5.550.000 ₫,https://mobilecity.vn/dien-thoai/honor-x8d-chinh-hang.html,https://cdn.mobilecity.vn/mobilecity-vn/images/2026/03/honor-x8d-chinh-hang-2.jpg,honor
Honor Power 5G (Pin 8000mAh - Snapdragon 7 Gen 3),6050000,6.050.000 ₫,https://mobilecity.vn/dien-thoai/honor-power-5g-pin-khung.html,https://cdn.mobilecity.vn/mobilecity-vn/images/2025/04/honor-power-5g-den.jpg.webp,honor
Honor X9c 5G Chính hãng (Camera 108MP - Pin 6600mAh),7990000,7.990.000 ₫,https://mobilecity.vn/dien-thoai/honor-x9c-5g-chinh-hang.html,https://cdn.mobilecity.vn/mobilecity-vn/images/2025/01/honor-x9c-5g-mobilecity-den-titan.jpg.webp,honor
Honor GT2 5G (Snapdragon 8 Elite - Pin 9000mAh),8950000,8.950.000 ₫,https://mobilecity.vn/dien-thoai/honor-gt2-5g.html,https://cdn.mobilecity.vn/mobilecity-vn/images/2025/07/honor-gt2-minh-hoa.jpg.webp,honor
Honor 400 5G (Snapdragon 7 Gen 4),9050000,9.050.000 ₫,https://mobilecity.vn/dien-thoai/honor-400-5g-selfie-50mp.html,https://cdn.mobilecity.vn/mobilecity-vn/images/2025/05/honor-400-xanh.jpg.webp,honor
Honor X9d 5G Chính hãng (Pin 8300mAh),9350000,9.350.000 ₫,https://mobilecity.vn/dien-thoai/honor-x9d-5g-chinh-hang.html,https://cdn.mobilecity.vn/mobilecity-vn/images/2025/09/honor-x9d-nau-do.jpg.webp,honor
Honor 500 5G (Snapdragon 8s Gen 4 - Pin 8000mAh),10050000,10.050.000 ₫,https://mobilecity.vn/dien-thoai/honor-500-5g-pin-8000mah.html,https://cdn.mobilecity.vn/mobilecity-vn/images/2025/11/honor-500-5g-hong.jpg,honor
Honor Power 2 (Pin 10.080mAh),10150000,10.150.000 ₫,https://mobilecity.vn/dien-thoai/honor-power-2-pin-khung.html,https://cdn.mobilecity.vn/mobilecity-vn/images/2026/01/honor-power-2-pin-khung-00-3.jpg,honor
Honor 200 5G Chính hãng (Snapdragon 7 Gen 3),10950000,10.950.000 ₫,https://mobilecity.vn/dien-thoai/honor-200-5g-chinh-hang.html,https://cdn.mobilecity.vn/mobilecity-vn/images/2024/09/honor-200-5g-chinh-hang-den.jpg.webp,honor
Honor 400 5G Chính hãng (Snapdragon 7 Gen 3 - Pin 6000mAh),10950000,10.950.000 ₫,https://mobilecity.vn/dien-thoai/honor-400-5g-chinh-hang.html,https://cdn.mobilecity.vn/mobilecity-vn/images/2025/06/honor-400-5g-chinh-hang-vang.jpg.webp,honor
Honor 300 Pro (Snapdragon 8 Gen 3 - Sạc 100W),11950000,11.950.000 ₫,https://mobilecity.vn/dien-thoai/honor-300-pro-sac-100w.html,https://cdn.mobilecity.vn/mobilecity-vn/images/2024/12/honor-300-pro-xanh.jpg.webp,honor
Honor 400 Pro 5G (Snapdragon 8 Gen 3 - 7200 mAh),12350000,12.350.000 ₫,https://mobilecity.vn/dien-thoai/honor-400-pro-sieu-manh.html,https://cdn.mobilecity.vn/mobilecity-vn/images/2025/05/honor-400-pro-hong.jpg.webp,honor
Honor 500 Pro (Snapdragon 8 Elite - Pin 8000mAh),13450000,13.450.000 ₫,https://mobilecity.vn/dien-thoai/honor-500-pro.html,https://cdn.mobilecity.vn/mobilecity-vn/images/2025/11/honor-500-pro-xanh.jpg,honor
Honor Magic7 (Snapdragon 8 Elite),13750000,13.750.000 ₫,https://mobilecity.vn/dien-thoai/honor-magic7-snapdragon-8-elite.html,https://cdn.mobilecity.vn/mobilecity-vn/images/2024/12/honor-magic7-vang.jpg.webp,honor
Honor GT2 Pro 5G (Snapdragon 8 Elite Gen 5),14650000,14.650.000 ₫,https://mobilecity.vn/dien-thoai/honor-gt2-pro-5g.html,https://cdn.mobilecity.vn/mobilecity-vn/images/2025/07/honor-gt2-pro-minh-hoa.jpg.webp,honor
Honor 300 Ultra (Snapdragon 8 Gen 3 - Sạc không dây 80W),14750000,14.750.000 ₫,https://mobilecity.vn/dien-thoai/honor-300-ultra-snapdragon-8-gen-3.html,https://cdn.mobilecity.vn/mobilecity-vn/images/2024/12/honor-300-ultra-trang.jpg.webp,honor
Honor 400 Ultra 5G (Snapdragon 8 Elite),14950000,14.950.000 ₫,https://mobilecity.vn/dien-thoai/honor-400-ultra-5g.html,https://cdn.mobilecity.vn/mobilecity-vn/images/2025/02/honor-400-ultra-minh-hoa.jpg.webp,honor
Honor Magic8 5G (Snapdragon 8 Elite Gen 5 - Pin 7000 mAh),16650000,16.650.000 ₫,https://mobilecity.vn/dien-thoai/honor-magic8-gia-re.html,https://cdn.mobilecity.vn/mobilecity-vn/images/2025/10/honor-magic8-xanh-la.jpg,honor
Honor Magic7 Pro (Snapdragon 8 Elite - Camera tele 200MP),17950000,17.950.000 ₫,https://mobilecity.vn/dien-thoai/honor-magic7-pro.html,https://cdn.mobilecity.vn/mobilecity-vn/images/2024/12/honor-magic7-pro-xam.jpg.webp,honor
Honor Magic8 Pro Air,18950000,18.950.000 ₫,https://mobilecity.vn/dien-thoai/honor-magic8-pro-air.html,https://cdn.mobilecity.vn/mobilecity-vn/images/2026/01/honor-magic8-pro-air-14.jpg,honor
Honor Magic8 Pro (Snapdragon 8 Elite Gen 5),21050000,21.050.000 ₫,https://mobilecity.vn/dien-thoai/honor-magic8-pro-5g.html,https://cdn.mobilecity.vn/mobilecity-vn/images/2025/10/honor-magic8-pro-vang.jpg,honor
Huawei Pura X (Thiết kế độc đáo),26550000,26.550.000 ₫,https://mobilecity.vn/dien-thoai/huawei-pura-x-ipx8.html,https://cdn.mobilecity.vn/mobilecity-vn/images/2025/03/huawei-pura-x-trang.jpg.webp,honor
Honor Magic7 RSR Porsche Design (Snapdragon 8 Elite),27950000,27.950.000 ₫,https://mobilecity.vn/dien-thoai/honor-magic7-rsr-snapdragon-8-elite.html,https://cdn.mobilecity.vn/mobilecity-vn/images/2024/12/honor-magic7-rsr-tim.jpg.webp,honor
Honor Magic V2 (Snapdragon 8 Gen 2) Chính hãng,29700000,29.700.000 ₫,https://mobilecity.vn/dien-thoai/honor-magic-v2-snapdragon-8-gen-2-chinh-hang.html,https://cdn.mobilecity.vn/mobilecity-vn/images/2023/07/honor-magic-v2-mau-tim-anh-dai-dien.jpg.webp,honor
Honor Magic V3 Chính hãng,30950000,30.950.000 ₫,https://mobilecity.vn/dien-thoai/honor-magic-v3-chinh-hang.html,https://cdn.mobilecity.vn/mobilecity-vn/images/2025/01/honor-magic-v3-nau.jpg.webp,honor
Honor Magic V5 (Pin 6100mAh - Snapdragon 8 Elite),32950000,32.950.000 ₫,https://mobilecity.vn/dien-thoai/honor-magic-v5-pin-6100mah.html,https://cdn.mobilecity.vn/mobilecity-vn/images/2025/07/honor-magic-v5-nau-do.jpg.webp,honor
Honor 70 Pro Plus,0,Liên hệ,https://mobilecity.vn/dien-thoai/honor-70-pro-plus.html,https://cdn.mobilecity.vn/mobilecity-vn/images/2022/05/honor-70-pro-plus-gold.jpg.webp,honor
Honor Magic8 Mini (Dimensity 9500),0,Liên hệ,https://mobilecity.vn/dien-thoai/honor-magic8-mini.html,https://cdn.mobilecity.vn/mobilecity-vn/images/2025/07/honor-magic8-mini-minh-hoa.jpg.webp,honor
Honor GT (Snapdragon 8 Gen 3),6750000,6.750.000 ₫,https://mobilecity.vn/dien-thoai/honor-gt-snapdragon-8-gen-3.html,https://cdn.mobilecity.vn/mobilecity-vn/images/2024/12/honor-gt-trang.jpg.webp,honor
Honor GT Pro (Snapdragon 8 Elite),12950000,12.950.000 ₫,https://mobilecity.vn/dien-thoai/honor-gt-pro-sieu-manh.html,https://cdn.mobilecity.vn/mobilecity-vn/images/2025/04/honor-gt-pro-vang.jpg.webp,honor
Honor X5 Plus Chính hãng (Camera 50MP - Pin 5200mAh),2050000,2.050.000 ₫,https://mobilecity.vn/dien-thoai/honor-x5-plus-chinh-hang-pin-5200mAh.html,https://cdn.mobilecity.vn/mobilecity-vn/images/2025/01/honor-x5-plus-xanh.jpg.webp,honor
Honor X5b Chính hãng (Pin 5200mAh - Màn 90Hz),2150000,2.150.000 ₫,https://mobilecity.vn/dien-thoai/honor-x5b-chinh-hang-pin-5200mah.html,https://cdn.mobilecity.vn/mobilecity-vn/images/2025/01/honor-x5b-chinh-hang-xanh.jpg.webp,honor
Honor X5b Plus Chính hãng (Pin 5200mAh - Camera 50MP),2250000,2.250.000 ₫,https://mobilecity.vn/dien-thoai/honor-x5b-plus-chinh-hang-man-90hz.html,https://cdn.mobilecity.vn/mobilecity-vn/images/2025/01/honor-x5b-plus-tim-2.jpg.webp,honor
Honor X6b Chính hãng (Helio G85),2450000,2.450.000 ₫,https://mobilecity.vn/dien-thoai/honor-x6b-chinh-hang-helio-g85.html,https://cdn.mobilecity.vn/mobilecity-vn/images/2025/01/honor-x6b-xanh-la.jpg.webp,honor
Honor X7c Chính hãng (Snapdragon 685 - Pin 6000mAh),3450000,3.450.000 ₫,https://mobilecity.vn/dien-thoai/honor-x7c-chinh-hang-snapdragon-685.html,https://cdn.mobilecity.vn/mobilecity-vn/images/2025/01/honor-x7c-xanh.jpg.webp,honor
Honor Play 8T 5G (Dimensity 6080),3990000,3.990.000 ₫,https://mobilecity.vn/dien-thoai/honor-play-8t-man-hinh-90hz.html,https://cdn.mobilecity.vn/mobilecity-vn/images/2023/10/honor-play-8t-bac-xanh.jpg.webp,honor
Honor Play 50 Plus 5G (Dimensity 6020),4250000,4.250.000 ₫,https://mobilecity.vn/dien-thoai/honor-play-50-plus-5g-dimensity-6020.html,https://cdn.mobilecity.vn/mobilecity-vn/images/2023/10/honor-play-50-plus-tim.jpg.webp,honor
Honor X8c Chính hãng (Camera 108MP - Màn AMOLED 120Hz),4450000,4.450.000 ₫,https://mobilecity.vn/dien-thoai/honor-x8c-chinh-hang-man-hinh-amoled120hz.html,https://cdn.mobilecity.vn/mobilecity-vn/images/2025/01/honor-x8c-xanh.jpg.webp,honor
Honor X70i 5G (Pin 6000mAh - Camera 108MP),4950000,4.950.000 ₫,https://mobilecity.vn/dien-thoai/honor-x70i-pin-6000mah.html,https://cdn.mobilecity.vn/mobilecity-vn/images/2025/04/honor-x70i-xanh.jpg.webp,honor
Honor X50i Plus 5G (Camera 108MP),5450000,5.450.000 ₫,https://mobilecity.vn/dien-thoai/honor-x50i-plus-5g-camera-108mp.html,https://cdn.mobilecity.vn/mobilecity-vn/images/2023/11/honor-x50i-plus-hong-nhat.jpg.webp,honor
Honor X9c Smart 5G Chính hãng (Dimensity 7025 Ultra - Pin 5800mAh),5990000,5.990.000 ₫,https://mobilecity.vn/dien-thoai/honor-x9c-smart-5g-chinh-hang.html,https://cdn.mobilecity.vn/mobilecity-vn/images/2025/01/honor-x9c-smart-5g-chinh-hang-xanh.jpg.webp,honor
Honor X9a 5G (Chính hãng DGW),6450000,6.450.000 ₫,https://mobilecity.vn/dien-thoai/honor-x9a-5g-chinh-hang.html,https://cdn.mobilecity.vn/mobilecity-vn/images/2023/10/honor-x9a-5g-xanh.jpg.webp,honor
Honor X60 GT (Snapdragon 8 Plus Gen 1 - Pin 6300mAh),6450000,6.450.000 ₫,https://mobilecity.vn/dien-thoai/honor-x60-gt-snapdragon-8-plus-gen-1.html,https://cdn.mobilecity.vn/mobilecity-vn/images/2025/04/honor-x60-gt-xanh.jpg.webp,honor
Honor 300 5G (Snapdragon 7 Gen 3),7450000,7.450.000 ₫,https://mobilecity.vn/dien-thoai/honor-300-5g-snapdragon-7-gen-3.html,https://cdn.mobilecity.vn/mobilecity-vn/images/2024/12/honor-300-trang.jpg.webp,honor
Honor X8b Chính hãng (Bộ nhớ 512GB),7650000,7.650.000 ₫,https://mobilecity.vn/dien-thoai/honor-x8b-chinh-hang.html,https://cdn.mobilecity.vn/mobilecity-vn/images/2024/05/honor-x8b-xanh-la.jpg.webp,honor
Honor 400 Lite 5G (Camera 108MP),7650000,7.650.000 ₫,https://mobilecity.vn/dien-thoai/honor-400-lite-camera-108mp.html,https://cdn.mobilecity.vn/mobilecity-vn/images/2025/04/honor-400-lite-xanh.jpg.webp,honor
Fairphone 5 5G (Màn hình OLED 1.5K),18350000,18.350.000 ₫,https://mobilecity.vn/dien-thoai/fairphone-5-man-hinh-oled-1-5k.html,https://cdn.mobilecity.vn/mobilecity-vn/images/2023/08/fairphone-5-trong-suot.jpg.webp,honor
Honor Magic Vs2 5G (Snapdragon 8+ Gen 1),23450000,23.450.000 ₫,https://mobilecity.vn/dien-thoai/honor-magic-vs2-hai-man-hinh.html,https://cdn.mobilecity.vn/mobilecity-vn/images/2023/10/honor-magic-vs2-tim.jpg.webp,honor
Honor 90 Lite (Mediatek Dimensity 6020),0,Liên hệ,https://mobilecity.vn/dien-thoai/honor-90-lite-mediatek-dimensity-6020.html,https://cdn.mobilecity.vn/mobilecity-vn/images/2023/07/honor-90-lite-mediatek-dimensity-6020-anh-dai-dien.jpg.webp,honor
Honor 90 Pro (Snapdragon 8+ Gen 1),0,Liên hệ,https://mobilecity.vn/dien-thoai/honor-90-pro-snapdragon-8-gen-1.html,https://cdn.mobilecity.vn/mobilecity-vn/images/2023/07/honor-90-pro-snapdragon-8-gen-1-anh-dai-dien.jpg.webp,honor
Tecno Spark Go 2023 (Chính hãng - Pin 5000 mAh),1890000,1.890.000 ₫,https://mobilecity.vn/dien-thoai/tecno-spark-go-2023-pin-5000mah.html,https://cdn.mobilecity.vn/mobilecity-vn/images/2023/03/tecno-spark-go-2023-pin-5000mah-xanh.jpg.webp,tecno
Tecno Spark Go 2 Chính hãng (Màn hình 120Hz - Có AI),2150000,2.150.000 ₫,https://mobilecity.vn/dien-thoai/tecno-spark-go-2-man-hinh-120hz.html,https://cdn.mobilecity.vn/mobilecity-vn/images/2025/09/tecno-spark-go-2-xanh-ngoc-lam.jpg.webp,tecno
Tecno Spark 30C (Helio G81),2250000,2.250.000 ₫,https://mobilecity.vn/dien-thoai/tecno-spark-30c-helio-g81.html,https://cdn.mobilecity.vn/mobilecity-vn/images/2024/09/tecno-spark-30c-xanh.jpg.webp,tecno
Tecno Spark 20 (RAM 8GB),2250000,2.250.000 ₫,https://mobilecity.vn/dien-thoai/tecno-spark-20-ram-8gb.html,https://cdn.mobilecity.vn/mobilecity-vn/images/2023/12/tecno-spark-20-xanh-duong.jpg.webp,tecno
Tecno Spark 20C (Dynamic Island giá rẻ),2450000,2.450.000 ₫,https://mobilecity.vn/dien-thoai/tecno-spark-20c-dynamic-island.html,https://cdn.mobilecity.vn/mobilecity-vn/images/2023/11/tecno-spark-20c-gold.jpg.webp,tecno
Tecno Spark 8C (Chính hãng),2450000,2.450.000 ₫,https://mobilecity.vn/dien-thoai/tecno-spark-8c.html,https://cdn.mobilecity.vn/mobilecity-vn/images/2022/03/tecno-spark-8c-den.png,tecno
Tecno Spark 40 Chính hãng (Màn 120Hz - Pin 5200mAh),2550000,2.550.000 ₫,https://mobilecity.vn/dien-thoai/tecno-spark-40-chinh-hang.html,https://cdn.mobilecity.vn/mobilecity-vn/images/2025/09/tecno-spark-40-xanh-duong.jpg.webp,tecno
Tecno Spark 20 Pro (Màn hình 120Hz),2550000,2.550.000 ₫,https://mobilecity.vn/dien-thoai/tecno-spark-20-pro-man-hinh-120Hz.html,https://cdn.mobilecity.vn/mobilecity-vn/images/2023/12/tecno-spark-20-pro-den-xam.jpg.webp,tecno
Tecno Spark Go 5G (Dimensity 6400 - Pin 6000mAh),2990000,2.990.000 ₫,https://mobilecity.vn/dien-thoai/tecno-spark-go-5g.html,https://cdn.mobilecity.vn/mobilecity-vn/images/2025/08/tecno-spark-go-5g-xanh-la.jpg.webp,tecno
Tecno Spark 30 (Helio G91),3150000,3.150.000 ₫,https://mobilecity.vn/dien-thoai/tecno-spark-30-helio-g91.html,https://cdn.mobilecity.vn/mobilecity-vn/images/2024/09/tecno-spark-30-trang.jpg.webp,tecno
Tecno Spark 10 Pro (Chính hãng - Helio G88),3450000,3.450.000 ₫,https://mobilecity.vn/dien-thoai/tecno-spark-10-pro-helio-g88.html,https://cdn.mobilecity.vn/mobilecity-vn/images/2023/04/tecno-spark-10-pro-trang.jpg.webp,tecno
Tecno Spark 30 Pro Chính Hãng (Helio G100 - 5 năm không lag),3550000,3.550.000 ₫,https://mobilecity.vn/dien-thoai/tecno-spark-30-pro-helio-g100-tecno-ai.html,https://cdn.mobilecity.vn/mobilecity-vn/images/2025/01/tecno-spark-30-pro-den.jpg.webp,tecno
Tecno POVA 6 Neo 5G (Dimensity 6300),3850000,3.850.000 ₫,https://mobilecity.vn/dien-thoai/tecno-pova-6-neo-5g-dimensity-6300.html,https://cdn.mobilecity.vn/mobilecity-vn/images/2024/09/tecno-pova-6-neo-5g-xanh.jpg.webp,tecno
Tecno POVA 4 Chính hãng (Helio G99 - Màn 90Hz),3850000,3.850.000 ₫,https://mobilecity.vn/dien-thoai/tecno-pova-4-helio-g99.html,https://cdn.mobilecity.vn/mobilecity-vn/images/2022/12/tecno-pova-4-helio-g99-xanh.png.webp,tecno
Tecno Spark 30 5G Chính hãng (camera 108MP - Dimensity 6300),3850000,3.850.000 ₫,https://mobilecity.vn/dien-thoai/tecno-spark-30-5g-chinh-hang.html,https://cdn.mobilecity.vn/mobilecity-vn/images/2025/04/tecno-spark-30-5g-xanh.jpg.webp,tecno
Tecno CAMON 30S (Helio G100),3950000,3.950.000 ₫,https://mobilecity.vn/dien-thoai/tecno-camon-30s-4g.html,https://cdn.mobilecity.vn/mobilecity-vn/images/2024/10/tecno-camon-30s-tim.jpg.webp,tecno
Tecno Spark 10 Pro Moon Explorer Edition,3950000,3.950.000 ₫,https://mobilecity.vn/dien-thoai/tecno-spark-10-pro-moon-explorer-edition.html,https://cdn.mobilecity.vn/mobilecity-vn/images/2023/09/tecno-spark-10-pro-moon-explorer-edition.jpg.webp,tecno
Tecno POVA 4 Pro Chính hãng (Pin 6000 mAh - Helio G99),4250000,4.250.000 ₫,https://mobilecity.vn/dien-thoai/tecno-pova-4-pro-pin-6000-mah.html,https://cdn.mobilecity.vn/mobilecity-vn/images/2022/12/tecno-pova-4-pro-pin-6000-mah-den.png.webp,tecno
Tecno Spark 40 Pro Chính hãng,4350000,4.350.000 ₫,https://mobilecity.vn/dien-thoai/tecno-spark-40-pro-chinh-hang.html,https://cdn.mobilecity.vn/mobilecity-vn/images/2025/09/tecno-spark-40-pro-xam.jpg.webp,tecno
Tecno POVA 7 4G Chính hãng (Helio G100 - Pin 7000mAh),4450000,4.450.000 ₫,https://mobilecity.vn/dien-thoai/tecno-pova-7-chinh-hang.html,https://cdn.mobilecity.vn/mobilecity-vn/images/2025/07/tecno-pova-7-4g-hyper-titan.jpg.webp,tecno
Tecno POVA 7 5G Chính hãng (Màn hình 144Hz - Pin 6000mAh),4590000,4.590.000 ₫,https://mobilecity.vn/dien-thoai/tecno-pova-7-5g-chinh-hang.html,https://cdn.mobilecity.vn/mobilecity-vn/images/2025/07/tecno-pova-7-xanh.jpg.webp,tecno
Tecno POVA 5 Pro 5G (Dimensity 6080),4650000,4.650.000 ₫,https://mobilecity.vn/dien-thoai/tecno-pova-5-pro-dimensity-6080.html,https://cdn.mobilecity.vn/mobilecity-vn/images/2023/08/tecno-pova-5-pro-bac.jpg.webp,tecno
Tecno Spark 20 Pro 5G (Dimensity 6080),4850000,4.850.000 ₫,https://mobilecity.vn/dien-thoai/tecno-spark-20-pro-5g-dimensity-6080.html,https://cdn.mobilecity.vn/mobilecity-vn/images/2024/07/tecno-spark-20-pro-5g-xanh.jpg.webp,tecno
Tecno CAMON 20 Chính hãng (Helio G85),4950000,4.950.000 ₫,https://mobilecity.vn/dien-thoai/tecno-camon-20-helio-g85.html,https://cdn.mobilecity.vn/mobilecity-vn/images/2023/06/tecno-camon-20-trang.jpg.webp,tecno
Tecno CAMON 40 Chính hãng (Màn hình AMOLED cong),5050000,5.050.000 ₫,https://mobilecity.vn/dien-thoai/tecno-camon-40-chinh-hang.html,https://cdn.mobilecity.vn/mobilecity-vn/images/2026/03/tecno-camon-40-chinh-hang-11.jpg,tecno
Tecno CAMON 40 Chính hãng (AMOLED 120Hz - AI),5050000,5.050.000 ₫,https://mobilecity.vn/dien-thoai/tecno-camon-40-amoled-120hz-ai.html,https://cdn.mobilecity.vn/mobilecity-vn/images/2025/04/tecno-camon-40-trang-song-bang.jpg.webp,tecno
Tecno CAMON 20 Pro Chính hãng (Helio G99),5490000,5.490.000 ₫,https://mobilecity.vn/dien-thoai/tecno-camon-20-pro-helio-g99.html,https://cdn.mobilecity.vn/mobilecity-vn/images/2023/06/tecno-camon-20-pro-den.jpg.webp,tecno
Tecno POVA 6 Pro 5G (Pin 6000mAh - Sạc 70W),5650000,5.650.000 ₫,https://mobilecity.vn/dien-thoai/tecno-pova-6-pro-pin-5g-sac-70w.html,https://cdn.mobilecity.vn/mobilecity-vn/images/2024/04/tecno-pova-6-pro-5g-xanh.jpg.webp,tecno
Infinix GT 10 Pro 5G (Dimensity 8050),5690000,5.690.000 ₫,https://mobilecity.vn/dien-thoai/infinix-gt-10-pro-5g-dimensity-8050.html,https://cdn.mobilecity.vn/mobilecity-vn/images/2023/08/infinix-gt-10-pro-bac.jpg.webp,tecno
Tecno POVA 7 Pro 5G (Pin 6000mAh - Sạc không dây 30W),5850000,5.850.000 ₫,https://mobilecity.vn/dien-thoai/tecno-pova-7-pro-5g.html,https://cdn.mobilecity.vn/mobilecity-vn/images/2025/07/tecno-pova-7-pro-den.jpg.webp,tecno
Tecno POVA Slim 5G (Siêu mỏng 6mm - Pin 5160mAh),5950000,5.950.000 ₫,https://mobilecity.vn/dien-thoai/tecno-pova-slim-5g-sieu-mong-6mm.html,https://cdn.mobilecity.vn/mobilecity-vn/images/2025/09/tecno-pova-slim-5g-trang.jpg.webp,tecno
Tecno CAMON 20 Premier 5G Chính hãng (Dimensity 8050),6490000,6.490.000 ₫,https://mobilecity.vn/dien-thoai/tecno-camon-20-premier-5g-dimensity-8050.html,https://cdn.mobilecity.vn/mobilecity-vn/images/2023/06/tecno-camon-20-premier-xanh.jpg.webp,tecno
Infinix GT 20 Pro 5G (Dimensity 8200 Ultimate),6950000,6.950.000 ₫,https://mobilecity.vn/dien-thoai/infinix-gt-20-pro-5g-dimensity-8200-ultimate.html,https://cdn.mobilecity.vn/mobilecity-vn/images/2024/05/infinix-gt20-pro-5g-mecha-orange.jpg.webp,tecno
"Infinix Zero 30 5G (Dimensity 8020, Màn AMOLED 144Hz)",6990000,6.990.000 ₫,https://mobilecity.vn/dien-thoai/infinix-zero-30-man-hinh-amoled-144hz.html,https://cdn.mobilecity.vn/mobilecity-vn/images/2023/09/infinix-zero-30-vang.jpg.webp,tecno
Infinix Note 30 VIP 5G (Dimensity 8050),7250000,7.250.000 ₫,https://mobilecity.vn/dien-thoai/infinix-note-30-vip-5g.html,https://cdn.mobilecity.vn/mobilecity-vn/images/2023/08/infinix-note-30-vip-trang-song-bang.jpg.webp,tecno
Infinix GT 30 Pro 5G (Gaming Phone giá rẻ),7950000,7.950.000 ₫,https://mobilecity.vn/dien-thoai/infinix-gt-30-pro-gaming-phone-gia-re.html,https://cdn.mobilecity.vn/mobilecity-vn/images/2025/01/infinix-gt30-pro-minh-hoa.jpg.webp,tecno
Tecno Phantom X2 Pro 5G (Dimensity 9000),8550000,8.550.000 ₫,https://mobilecity.vn/dien-thoai/tecno-phantom-x2-pro-5g-dimensity-9000.html,https://cdn.mobilecity.vn/mobilecity-vn/images/2022/12/tecno-phantom-x2-pro-dimensity-9000-cam.jpg.webp,tecno
Tecno Spark 9 (Chính hãng),0,Liên hệ,https://mobilecity.vn/dien-thoai/tecno-spark-9.html,https://cdn.mobilecity.vn/mobilecity-vn/images/2022/06/tecno-spark-8-1-minhhon-cho-spark-9.jpg,tecno
Tecno CAMON 19 Pro 5G,0,Liên hệ,https://mobilecity.vn/dien-thoai/tecno-camon-19-pro-5g.html,https://cdn.mobilecity.vn/mobilecity-vn/images/2022/06/tecno-camon-19-pro-5g-xanh.png,tecno
Tecno Spark 9 Pro,0,Liên hệ,https://mobilecity.vn/dien-thoai/tecno-spark-9-pro.html,https://cdn.mobilecity.vn/mobilecity-vn/images/2022/06/tecno-spark-9-pro-1.jpg,tecno
Tecno CAMON 19,0,Liên hệ,https://mobilecity.vn/dien-thoai/tecno-camon-19.html,https://cdn.mobilecity.vn/mobilecity-vn/images/2022/06/tecno-camon-19.jpg,tecno
Tecno CAMON 19 Neo,0,Liên hệ,https://mobilecity.vn/dien-thoai/tecno-camon-19-neo.html,https://cdn.mobilecity.vn/mobilecity-vn/images/2022/06/tecno-camon-19-neo-ava-2.jpg,tecno
Tecno CAMON 30S Pro (Helio G100 - Selfie 50MP),0,Liên hệ,https://mobilecity.vn/dien-thoai/tecno-camon-30s-pro-helio-g100.html,https://cdn.mobilecity.vn/mobilecity-vn/images/2024/08/tecno-camon-30s-pro-xanh-la.jpg.webp,tecno
Tecno Spark Go 2024 (Màn IPS LCD 90Hz),0,Liên hệ,https://mobilecity.vn/dien-thoai/tecno-spark-go-2024-man-hinh-90hz.html,https://cdn.mobilecity.vn/mobilecity-vn/images/2023/11/tecno-spark-go-2024-minh-hoa.jpg.webp,tecno
Tecno POVA 7 Ultra 5G (Dimensity 8350 Ultimate),0,Liên hệ,https://mobilecity.vn/dien-thoai/tecno-pova-7-ultra-5g.html,https://cdn.mobilecity.vn/mobilecity-vn/images/2025/06/tecno-pova-7-ultra-02.jpg.webp,tecno
Tecno POVA 5 Chính hãng (POVA 5 X Free Fire),3450000,3.450.000 ₫,https://mobilecity.vn/dien-thoai/tecno-pova-5-lcd-120hz.html,https://cdn.mobilecity.vn/mobilecity-vn/images/2023/08/tecno-pova-5-x-free-fire-vang.jpg.webp,tecno
Tecno Spark 6 Go (Chính hãng),2300000,2.300.000 ₫,https://mobilecity.vn/dien-thoai/tecno-spark-6-go.html,https://cdn.mobilecity.vn/mobilecity-vn/images/2022/02/tecno-spark-6-go-xanh-ngan-ha.png.webp,tecno
"Tecno POVA 6 Neo (Helio G99 Ultimate, Pin 7000mAh)",3950000,3.950.000 ₫,https://mobilecity.vn/dien-thoai/tecno-pova-6-neo-pin-7000mah.html,https://cdn.mobilecity.vn/mobilecity-vn/images/2024/04/tecno-pova-6-neo-bac.jpg.webp,tecno
Tecno Spark 20 Pro Plus (Helio G99 Ultimate),3950000,3.950.000 ₫,https://mobilecity.vn/dien-thoai/tecno-spark-20-pro-plus-helio-g99-ultimate.html,https://cdn.mobilecity.vn/mobilecity-vn/images/2024/01/tecno-spark-20-pro-plus-xanh.jpg.webp,tecno
Tecno POVA 3 (Chính hãng),4350000,4.350.000 ₫,https://mobilecity.vn/dien-thoai/tecno-pova-3.html,https://cdn.mobilecity.vn/mobilecity-vn/images/2022/05/tecno-pova-3-bac.jpg.webp,tecno
"Tecno POVA 6 (Pin 6000mAh, sạc 70W)",4650000,4.650.000 ₫,https://mobilecity.vn/dien-thoai/tecno-pova-6-pin-6000mah.html,https://cdn.mobilecity.vn/mobilecity-vn/images/2024/04/tecno-pova-6-xanh-tim.jpg.webp,tecno
Tecno CAMON 20 Avocado Art Edition,4690000,4.690.000 ₫,https://mobilecity.vn/dien-thoai/tecno-camon-20-avocado-art-edition.html,https://cdn.mobilecity.vn/mobilecity-vn/images/2023/08/tecno-camon-20-avocado-art-edition.jpg.webp,tecno
Tecno Phantom X2 5G (Dimensity 9000 - Pin 5160mAh),7450000,7.450.000 ₫,https://mobilecity.vn/dien-thoai/Tecno-phantom-x2-5g-camera-64mp-ois-pin-5160mah.html,https://cdn.mobilecity.vn/mobilecity-vn/images/2022/12/tecno-phantom-x2-5g-camera-64mp-ois-pin-5160mah-bac.png.webp,tecno
Infinix Note 30 VIP Racing Edition (Gaming Phone giá rẻ),7650000,7.650.000 ₫,https://mobilecity.vn/dien-thoai/infinix-note-30-vip-racing-edition.html,https://cdn.mobilecity.vn/mobilecity-vn/images/2023/09/infinix-note-30-vip-racing-edition-dai-dien.jpg.webp,tecno
Tecno Phantom V Flip 5G (Dimensity 8050),15450000,15.450.000 ₫,https://mobilecity.vn/dien-thoai/tecno-phantom-v-flip-5g.html,https://cdn.mobilecity.vn/mobilecity-vn/images/2023/09/tecno-phantom-v-flip-5g-tim.jpg.webp,tecno
Tecno Pova 2 (Chính hãng),0,Liên hệ,https://mobilecity.vn/dien-thoai/tecno-pova-2.html,https://cdn.mobilecity.vn/mobilecity-vn/images/2022/02/tecno-pova-2-1.jpg.webp,tecno
Tecno Spark 7T (Chính hãng),0,Liên hệ,https://mobilecity.vn/dien-thoai/tecno-spark-7t.html,https://cdn.mobilecity.vn/mobilecity-vn/images/2022/02/tecno-spark-7t-cam.jpg.webp,tecno
Tecno CAMON 30 5G (Dimensity 7020),0,Liên hệ,https://mobilecity.vn/dien-thoai/tecno-camon-30-5g-dimensity-7020.html,https://cdn.mobilecity.vn/mobilecity-vn/images/2024/04/tecno-camon-30-5g-xanh.jpg.webp,tecno
Tecno CAMON 30 Premier 5G (Dimensity 8200 Ultimate),0,Liên hệ,https://mobilecity.vn/dien-thoai/tecno-camon-30-premier-5g-dimensity-8200-ultimate.html,https://cdn.mobilecity.vn/mobilecity-vn/images/2024/04/tecno-camon-30-premier-5g-den.jpg.webp,tecno
Tecno Spark 7 (Chính hãng),0,Liên hệ,https://mobilecity.vn/dien-thoai/tecno-spark-7.html,https://cdn.mobilecity.vn/mobilecity-vn/images/2022/02/tecno-spark-7-xanh-la.jpg.webp,tecno
Tecno CAMON 30 Pro 5G (màn AMOLED 144Hz),0,Liên hệ,https://mobilecity.vn/dien-thoai/tecno-camon-30-pro-5g-man-amoled-144hz.html,https://cdn.mobilecity.vn/mobilecity-vn/images/2024/04/tecno-camon-30-pro-5g-bac.jpg.webp,tecno
